timestamp,gapBuy,gapSell,bidA,askA,bidB,askB,errorA,errorB
2026-04-26T21:37:50.0814824-07:00,-28000,28000,4726.9899999999998,4727.3299999999999,4727.0500000000002,4727.2700000000004,,
2026-04-26T21:37:50.1249480-07:00,-28000,28000,4726.9899999999998,4727.3299999999999,4727.0500000000002,4727.2700000000004,,
2026-04-26T21:37:50.1726513-07:00,-28000,28000,4726.9899999999998,4727.3299999999999,4727.0500000000002,4727.2700000000004,,
2026-04-26T21:37:50.2186991-07:00,-26999,27000,4726.9899999999998,4727.3299999999999,4727.0600000000004,4727.2600000000002,,
2026-04-26T21:37:50.2813516-07:00,-26999,27000,4726.9899999999998,4727.3299999999999,4727.0600000000004,4727.2600000000002,,
2026-04-26T21:37:50.3309381-07:00,-26999,27000,4726.9899999999998,4727.3299999999999,4727.0600000000004,4727.2600000000002,,
2026-04-26T21:37:50.3748752-07:00,-26999,27000,4726.9899999999998,4727.3299999999999,4727.0600000000004,4727.2600000000002,,
2026-04-26T21:37:50.4234689-07:00,-26999,27000,4726.9899999999998,4727.3299999999999,4727.0600000000004,4727.2600000000002,,
2026-04-26T21:37:50.4688409-07:00,-26999,27000,4726.9899999999998,4727.3299999999999,4727.0600000000004,4727.2600000000002,,
2026-04-26T21:37:50.5431489-07:00,-26999,27000,4726.9899999999998,4727.3299999999999,4727.0600000000004,4727.2600000000002,,
2026-04-26T21:37:50.5781328-07:00,-26999,27000,4726.9899999999998,4727.3299999999999,4727.0600000000004,4727.2600000000002,,
2026-04-26T21:37:50.6251509-07:00,-26999,27000,4726.9899999999998,4727.3299999999999,4727.0600000000004,4727.2600000000002,,
2026-04-26T21:37:50.6804529-07:00,-26999,27000,4726.9899999999998,4727.3299999999999,4727.0600000000004,4727.2600000000002,,
2026-04-26T21:37:50.7192177-07:00,-26999,27000,4726.9899999999998,4727.3299999999999,4727.0600000000004,4727.2600000000002,,
2026-04-26T21:37:50.7812606-07:00,-26999,27000,4726.9899999999998,4727.3299999999999,4727.0600000000004,4727.2600000000002,,
2026-04-26T21:37:50.8282090-07:00,-26999,27000,4726.9899999999998,4727.3299999999999,4727.0600000000004,4727.2600000000002,,
2026-04-26T21:37:50.8749845-07:00,-26999,27000,4726.9899999999998,4727.3299999999999,4727.0600000000004,4727.2600000000002,,
2026-04-26T21:37:50.9239883-07:00,-26999,27000,4726.9899999999998,4727.3299999999999,4727.0600000000004,4727.2600000000002,,
2026-04-26T21:37:50.9688895-07:00,-26999,27000,4726.9899999999998,4727.3299999999999,4727.0600000000004,4727.2600000000002,,
2026-04-26T21:37:51.0473053-07:00,-26999,27000,4726.9899999999998,4727.3299999999999,4727.0600000000004,4727.2600000000002,,
2026-04-26T21:37:51.0780999-07:00,-26999,27000,4726.9899999999998,4727.3299999999999,4727.0600000000004,4727.2600000000002,,
2026-04-26T21:37:51.1248645-07:00,-26999,27000,4726.9899999999998,4727.3299999999999,4727.0600000000004,4727.2600000000002,,
2026-04-26T21:37:51.1719462-07:00,-26999,27000,4726.9899999999998,4727.3299999999999,4727.0600000000004,4727.2600000000002,,
2026-04-26T21:37:51.2186312-07:00,-26000,27000,4726.9899999999998,4727.3299999999999,4727.0699999999997,4727.2600000000002,,
2026-04-26T21:37:51.2811762-07:00,-26000,27000,4726.9899999999998,4727.3299999999999,4727.0699999999997,4727.2600000000002,,
2026-04-26T21:37:51.3279802-07:00,-26000,27000,4726.9899999999998,4727.3299999999999,4727.0699999999997,4727.2600000000002,,
2026-04-26T21:37:51.3751588-07:00,-26000,29000,4726.9899999999998,4727.3299999999999,4727.0699999999997,4727.2799999999997,,
2026-04-26T21:37:51.4219136-07:00,-26000,29000,4726.9899999999998,4727.3299999999999,4727.0699999999997,4727.2799999999997,,
2026-04-26T21:37:51.4686554-07:00,-26000,29000,4726.9899999999998,4727.3299999999999,4727.0699999999997,4727.2799999999997,,
2026-04-26T21:37:51.5319010-07:00,-26000,29000,4726.9899999999998,4727.3299999999999,4727.0699999999997,4727.2799999999997,,
2026-04-26T21:37:51.5783365-07:00,-26000,29000,4726.9899999999998,4727.3299999999999,4727.0699999999997,4727.2799999999997,,
2026-04-26T21:37:51.6256881-07:00,-26000,29000,4726.9899999999998,4727.3299999999999,4727.0699999999997,4727.2799999999997,,
2026-04-26T21:37:51.6718683-07:00,-26000,29000,4726.9899999999998,4727.3299999999999,4727.0699999999997,4727.2799999999997,,
2026-04-26T21:37:51.7187318-07:00,-26000,29000,4726.9899999999998,4727.3299999999999,4727.0699999999997,4727.2799999999997,,
2026-04-26T21:37:51.7656090-07:00,-23000,32000,4726.96,4727.3000000000002,4727.0699999999997,4727.2799999999997,,
2026-04-26T21:37:51.8279201-07:00,-23000,32000,4726.96,4727.3000000000002,4727.0699999999997,4727.2799999999997,,
2026-04-26T21:37:51.8758846-07:00,-23000,32000,4726.96,4727.3000000000002,4727.0699999999997,4727.2799999999997,,
2026-04-26T21:37:51.9228048-07:00,-31000,21000,4727.0699999999997,4727.3800000000001,4727.0699999999997,4727.2799999999997,,
2026-04-26T21:37:51.9687775-07:00,-31000,21000,4727.0699999999997,4727.3800000000001,4727.0699999999997,4727.2799999999997,,
2026-04-26T21:37:52.0343091-07:00,-31000,21000,4727.0699999999997,4727.3800000000001,4727.0699999999997,4727.2799999999997,,
2026-04-26T21:37:52.0779228-07:00,-31000,21000,4727.0699999999997,4727.3800000000001,4727.0699999999997,4727.2799999999997,,
2026-04-26T21:37:52.1253372-07:00,-31000,21000,4727.0699999999997,4727.3800000000001,4727.0699999999997,4727.2799999999997,,
2026-04-26T21:37:52.1719876-07:00,-31000,21000,4727.0699999999997,4727.3800000000001,4727.0699999999997,4727.2799999999997,,
2026-04-26T21:37:52.2187823-07:00,-31000,21000,4727.0699999999997,4727.3800000000001,4727.0699999999997,4727.2799999999997,,
2026-04-26T21:37:52.2819903-07:00,-31000,21000,4727.0699999999997,4727.3800000000001,4727.0699999999997,4727.2799999999997,,
2026-04-26T21:37:52.3280639-07:00,-31000,21000,4727.0699999999997,4727.3800000000001,4727.0699999999997,4727.2799999999997,,
2026-04-26T21:37:52.3749107-07:00,-31000,21000,4727.0699999999997,4727.3800000000001,4727.0699999999997,4727.2799999999997,,
2026-04-26T21:37:52.4268968-07:00,-31000,21000,4727.0699999999997,4727.3800000000001,4727.0699999999997,4727.2799999999997,,
2026-04-26T21:37:52.4689817-07:00,-32000,23000,4727.0500000000002,4727.3900000000003,4727.0699999999997,4727.2799999999997,,
2026-04-26T21:37:52.5318513-07:00,-32000,23000,4727.0500000000002,4727.3900000000003,4727.0699999999997,4727.2799999999997,,
2026-04-26T21:37:52.5782745-07:00,-26000,27000,4727.0100000000002,4727.3299999999999,4727.0699999999997,4727.2799999999997,,
2026-04-26T21:37:52.6249279-07:00,-26000,27000,4727.0100000000002,4727.3299999999999,4727.0699999999997,4727.2799999999997,,
2026-04-26T21:37:52.6718750-07:00,-26000,27000,4727.0100000000002,4727.3299999999999,4727.0699999999997,4727.2799999999997,,
2026-04-26T21:37:52.7189433-07:00,-26000,27000,4727.0100000000002,4727.3299999999999,4727.0699999999997,4727.2799999999997,,
2026-04-26T21:37:52.7660244-07:00,-26000,27000,4727.0100000000002,4727.3299999999999,4727.0699999999997,4727.2799999999997,,
2026-04-26T21:37:52.8281054-07:00,-26000,27000,4727.0100000000002,4727.3299999999999,4727.0699999999997,4727.2799999999997,,
2026-04-26T21:37:52.8802008-07:00,-22000,29000,4727.0100000000002,4727.3299999999999,4727.1099999999997,4727.3000000000002,,
2026-04-26T21:37:52.9217268-07:00,-22000,29000,4727.0100000000002,4727.3299999999999,4727.1099999999997,4727.3000000000002,,
2026-04-26T21:37:52.9692846-07:00,-22000,29000,4727.0100000000002,4727.3299999999999,4727.1099999999997,4727.3000000000002,,
2026-04-26T21:37:53.0312176-07:00,-22000,29000,4727.0100000000002,4727.3299999999999,4727.1099999999997,4727.3000000000002,,
2026-04-26T21:37:53.0781644-07:00,-22000,29000,4727.0100000000002,4727.3299999999999,4727.1099999999997,4727.3000000000002,,
2026-04-26T21:37:53.1252916-07:00,-22000,29000,4727.0100000000002,4727.3299999999999,4727.1099999999997,4727.3000000000002,,
2026-04-26T21:37:53.1722630-07:00,-22000,29000,4727.0100000000002,4727.3299999999999,4727.1099999999997,4727.3000000000002,,
2026-04-26T21:37:53.2194660-07:00,-22000,29000,4727.0100000000002,4727.3299999999999,4727.1099999999997,4727.3000000000002,,
2026-04-26T21:37:53.2823137-07:00,-21000,28000,4727.0100000000002,4727.3299999999999,4727.1199999999999,4727.29,,
2026-04-26T21:37:53.3280830-07:00,-21000,28000,4727.0100000000002,4727.3299999999999,4727.1199999999999,4727.29,,
2026-04-26T21:37:53.3762523-07:00,-21000,28000,4727.0100000000002,4727.3299999999999,4727.1199999999999,4727.29,,
2026-04-26T21:37:53.4218648-07:00,-21000,28000,4727.0100000000002,4727.3299999999999,4727.1199999999999,4727.29,,
2026-04-26T21:37:53.4693471-07:00,-21000,28000,4727.0100000000002,4727.3299999999999,4727.1199999999999,4727.29,,
2026-04-26T21:37:53.5331079-07:00,-22999,26000,4727.0100000000002,4727.3299999999999,4727.1000000000004,4727.2700000000004,,
2026-04-26T21:37:53.5780750-07:00,-21999,27000,4727,4727.3199999999997,4727.1000000000004,4727.2700000000004,,
2026-04-26T21:37:53.6250048-07:00,-21999,27000,4727,4727.3199999999997,4727.1000000000004,4727.2700000000004,,
2026-04-26T21:37:53.6729005-07:00,-22999,26000,4727.0100000000002,4727.3299999999999,4727.1000000000004,4727.2700000000004,,
2026-04-26T21:37:53.7188184-07:00,-22999,26000,4727.0100000000002,4727.3299999999999,4727.1000000000004,4727.2700000000004,,
2026-04-26T21:37:53.7921313-07:00,-22999,26000,4727.0100000000002,4727.3299999999999,4727.1000000000004,4727.2700000000004,,
2026-04-26T21:37:53.8280903-07:00,-22999,26000,4727.0100000000002,4727.3299999999999,4727.1000000000004,4727.2700000000004,,
2026-04-26T21:37:53.8757178-07:00,-22999,26000,4727.0100000000002,4727.3299999999999,4727.1000000000004,4727.2700000000004,,
2026-04-26T21:37:53.9220512-07:00,-22999,26000,4727.0100000000002,4727.3299999999999,4727.1000000000004,4727.2700000000004,,
2026-04-26T21:37:53.9692072-07:00,-22999,26000,4727.0100000000002,4727.3299999999999,4727.1000000000004,4727.2700000000004,,
2026-04-26T21:37:54.0320647-07:00,-22999,26000,4727.0100000000002,4727.3299999999999,4727.1000000000004,4727.2700000000004,,
2026-04-26T21:37:54.0782605-07:00,-22999,26000,4727.0100000000002,4727.3299999999999,4727.1000000000004,4727.2700000000004,,
2026-04-26T21:37:54.1256183-07:00,-22999,25000,4727.0100000000002,4727.3299999999999,4727.1000000000004,4727.2600000000002,,
2026-04-26T21:37:54.1719239-07:00,-22999,25000,4727.0100000000002,4727.3299999999999,4727.1000000000004,4727.2600000000002,,
2026-04-26T21:37:54.2190866-07:00,-22999,25000,4727.0100000000002,4727.3299999999999,4727.1000000000004,4727.2600000000002,,
2026-04-26T21:37:54.2930498-07:00,-21999,23999,4727.0200000000004,4727.3199999999997,4727.1000000000004,4727.2600000000002,,
2026-04-26T21:37:54.3284501-07:00,-21999,23999,4727.0200000000004,4727.3199999999997,4727.1000000000004,4727.2600000000002,,
2026-04-26T21:37:54.3751323-07:00,-21999,23999,4727.0200000000004,4727.3199999999997,4727.1000000000004,4727.2600000000002,,
2026-04-26T21:37:54.4217309-07:00,-21999,23999,4727.0200000000004,4727.3199999999997,4727.1000000000004,4727.2600000000002,,
2026-04-26T21:37:54.4694203-07:00,-21999,23999,4727.0200000000004,4727.3199999999997,4727.1000000000004,4727.2600000000002,,
2026-04-26T21:37:54.5154946-07:00,-21999,23999,4727.0200000000004,4727.3199999999997,4727.1000000000004,4727.2600000000002,,
2026-04-26T21:37:54.5781390-07:00,-21999,23999,4727.0200000000004,4727.3199999999997,4727.1000000000004,4727.2600000000002,,
2026-04-26T21:37:54.6259278-07:00,-21999,23999,4727.0200000000004,4727.3199999999997,4727.1000000000004,4727.2600000000002,,
2026-04-26T21:37:54.6718948-07:00,-21999,23999,4727.0200000000004,4727.3199999999997,4727.1000000000004,4727.2600000000002,,
2026-04-26T21:37:54.7191740-07:00,-21999,23999,4727.0200000000004,4727.3199999999997,4727.1000000000004,4727.2600000000002,,
2026-04-26T21:37:54.7817379-07:00,-21999,23999,4727.0200000000004,4727.3199999999997,4727.1000000000004,4727.2600000000002,,
2026-04-26T21:37:54.8279667-07:00,-21999,23999,4727.0200000000004,4727.3199999999997,4727.1000000000004,4727.2600000000002,,
2026-04-26T21:37:54.8753887-07:00,-21999,23999,4727.0200000000004,4727.3199999999997,4727.1000000000004,4727.2600000000002,,
2026-04-26T21:37:54.9219428-07:00,-21999,23999,4727.0200000000004,4727.3199999999997,4727.1000000000004,4727.2600000000002,,
2026-04-26T21:37:54.9687278-07:00,-21999,23999,4727.0200000000004,4727.3199999999997,4727.1000000000004,4727.2600000000002,,
2026-04-26T21:37:55.0318197-07:00,-21999,23999,4727.0200000000004,4727.3199999999997,4727.1000000000004,4727.2600000000002,,
2026-04-26T21:37:55.0782066-07:00,-21999,23999,4727.0200000000004,4727.3199999999997,4727.1000000000004,4727.2600000000002,,
2026-04-26T21:37:55.1258884-07:00,-21999,23999,4727.0200000000004,4727.3199999999997,4727.1000000000004,4727.2600000000002,,
2026-04-26T21:37:55.1720191-07:00,-21999,23999,4727.0200000000004,4727.3199999999997,4727.1000000000004,4727.2600000000002,,
2026-04-26T21:37:55.2188720-07:00,-21999,23999,4727.0200000000004,4727.3199999999997,4727.1000000000004,4727.2600000000002,,
2026-04-26T21:37:55.2968258-07:00,-25000,20999,4727.0200000000004,4727.3199999999997,4727.0699999999997,4727.2299999999996,,
2026-04-26T21:37:55.3281423-07:00,-25000,20999,4727.0200000000004,4727.3199999999997,4727.0699999999997,4727.2299999999996,,
2026-04-26T21:37:55.3753969-07:00,-25000,20999,4727.0200000000004,4727.3199999999997,4727.0699999999997,4727.2299999999996,,
2026-04-26T21:37:55.4239777-07:00,-32000,12000,4727.0200000000004,4727.3199999999997,4727,4727.1400000000003,,
2026-04-26T21:37:55.4688992-07:00,-24000,23000,4726.9099999999999,4727.2399999999998,4727,4727.1400000000003,,
2026-04-26T21:37:55.5156206-07:00,-24000,23000,4726.9099999999999,4727.2399999999998,4727,4727.1400000000003,,
2026-04-26T21:37:55.5781876-07:00,-20000,25000,4726.8900000000003,4727.1999999999998,4727,4727.1400000000003,,
2026-04-26T21:37:55.6250187-07:00,-20000,25000,4726.8900000000003,4727.1999999999998,4727,4727.1400000000003,,
2026-04-26T21:37:55.6721641-07:00,-21000,23999,4726.8699999999999,4727.1800000000003,4726.9700000000003,4727.1099999999997,,
2026-04-26T21:37:55.7186829-07:00,-21000,23999,4726.8699999999999,4727.1800000000003,4726.9700000000003,4727.1099999999997,,
2026-04-26T21:37:55.7822316-07:00,-21000,23999,4726.8699999999999,4727.1800000000003,4726.9700000000003,4727.1099999999997,,
2026-04-26T21:37:55.8280640-07:00,-21000,23999,4726.8699999999999,4727.1800000000003,4726.9700000000003,4727.1099999999997,,
2026-04-26T21:37:55.8790591-07:00,-21000,23999,4726.8699999999999,4727.1800000000003,4726.9700000000003,4727.1099999999997,,
2026-04-26T21:37:55.9219622-07:00,-25000,20000,4726.8699999999999,4727.1800000000003,4726.9300000000003,4727.0699999999997,,
2026-04-26T21:37:55.9690437-07:00,-23000,23000,4726.8400000000001,4727.1599999999999,4726.9300000000003,4727.0699999999997,,
2026-04-26T21:37:56.0314817-07:00,-23000,23000,4726.8400000000001,4727.1599999999999,4726.9300000000003,4727.0699999999997,,
2026-04-26T21:37:56.0784019-07:00,-21999,25000,4726.8199999999997,4727.1499999999996,4726.9300000000003,4727.0699999999997,,
2026-04-26T21:37:56.1250799-07:00,-21999,25000,4726.8199999999997,4727.1499999999996,4726.9300000000003,4727.0699999999997,,
2026-04-26T21:37:56.1718914-07:00,-21999,25000,4726.8199999999997,4727.1499999999996,4726.9300000000003,4727.0699999999997,,
2026-04-26T21:37:56.2192713-07:00,-21999,25000,4726.8199999999997,4727.1499999999996,4726.9300000000003,4727.0699999999997,,
2026-04-26T21:37:56.2912372-07:00,-21999,25000,4726.8199999999997,4727.1499999999996,4726.9300000000003,4727.0699999999997,,
2026-04-26T21:37:56.3281729-07:00,-21999,25000,4726.8199999999997,4727.1499999999996,4726.9300000000003,4727.0699999999997,,
2026-04-26T21:37:56.3756351-07:00,-21999,25000,4726.8199999999997,4727.1499999999996,4726.9300000000003,4727.0699999999997,,
2026-04-26T21:37:56.4225872-07:00,-21999,25000,4726.8199999999997,4727.1499999999996,4726.9300000000003,4727.0699999999997,,
2026-04-26T21:37:56.4687043-07:00,-21999,24000,4726.8299999999999,4727.1499999999996,4726.9300000000003,4727.0699999999997,,
2026-04-26T21:37:56.5316018-07:00,-21999,24000,4726.8299999999999,4727.1499999999996,4726.9300000000003,4727.0699999999997,,
2026-04-26T21:37:56.5780047-07:00,-21999,24000,4726.8299999999999,4727.1499999999996,4726.9300000000003,4727.0699999999997,,
2026-04-26T21:37:56.6254911-07:00,-21999,24000,4726.8299999999999,4727.1499999999996,4726.9300000000003,4727.0699999999997,,
2026-04-26T21:37:56.6718654-07:00,-21999,24000,4726.8299999999999,4727.1499999999996,4726.9300000000003,4727.0699999999997,,
2026-04-26T21:37:56.7187742-07:00,-21999,24000,4726.8299999999999,4727.1499999999996,4726.9300000000003,4727.0699999999997,,
2026-04-26T21:37:56.7913395-07:00,-21999,24000,4726.8299999999999,4727.1499999999996,4726.9300000000003,4727.0699999999997,,
2026-04-26T21:37:56.8282431-07:00,-21999,24000,4726.8299999999999,4727.1499999999996,4726.9300000000003,4727.0699999999997,,
2026-04-26T21:37:56.8760081-07:00,-21999,24000,4726.8299999999999,4727.1499999999996,4726.9300000000003,4727.0699999999997,,
2026-04-26T21:37:56.9218704-07:00,-21999,24000,4726.8299999999999,4727.1499999999996,4726.9300000000003,4727.0699999999997,,
2026-04-26T21:37:56.9688171-07:00,-21999,24000,4726.8299999999999,4727.1499999999996,4726.9300000000003,4727.0699999999997,,
2026-04-26T21:37:57.0322930-07:00,-21999,24000,4726.8299999999999,4727.1499999999996,4726.9300000000003,4727.0699999999997,,
2026-04-26T21:37:57.0782398-07:00,-21999,24000,4726.8299999999999,4727.1499999999996,4726.9300000000003,4727.0699999999997,,
2026-04-26T21:37:57.1249770-07:00,-21999,24000,4726.8299999999999,4727.1499999999996,4726.9300000000003,4727.0699999999997,,
2026-04-26T21:37:57.1720694-07:00,-22999,25000,4726.8299999999999,4727.1499999999996,4726.9200000000001,4727.0799999999999,,
2026-04-26T21:37:57.2186787-07:00,-22999,25000,4726.8299999999999,4727.1499999999996,4726.9200000000001,4727.0799999999999,,
2026-04-26T21:37:57.2656556-07:00,-22999,25000,4726.8299999999999,4727.1499999999996,4726.9200000000001,4727.0799999999999,,
2026-04-26T21:37:57.3280363-07:00,-22999,25000,4726.8299999999999,4727.1499999999996,4726.9200000000001,4727.0799999999999,,
2026-04-26T21:37:57.3755083-07:00,-22999,25000,4726.8299999999999,4727.1499999999996,4726.9200000000001,4727.0799999999999,,
2026-04-26T21:37:57.4222383-07:00,-22999,25000,4726.8299999999999,4727.1499999999996,4726.9200000000001,4727.0799999999999,,
2026-04-26T21:37:57.4688652-07:00,-22999,25000,4726.8299999999999,4727.1499999999996,4726.9200000000001,4727.0799999999999,,
2026-04-26T21:37:57.5315931-07:00,-22999,25000,4726.8299999999999,4727.1499999999996,4726.9200000000001,4727.0799999999999,,
2026-04-26T21:37:57.5779639-07:00,-22999,24000,4726.8400000000001,4727.1499999999996,4726.9200000000001,4727.0799999999999,,
2026-04-26T21:37:57.6250195-07:00,-22999,24000,4726.8400000000001,4727.1499999999996,4726.9200000000001,4727.0799999999999,,
2026-04-26T21:37:57.6720985-07:00,-22999,24000,4726.8400000000001,4727.1499999999996,4726.9200000000001,4727.0799999999999,,
2026-04-26T21:37:57.7187748-07:00,-22999,24000,4726.8400000000001,4727.1499999999996,4726.9200000000001,4727.0799999999999,,
2026-04-26T21:37:57.7813005-07:00,-22999,24000,4726.8400000000001,4727.1499999999996,4726.9200000000001,4727.0799999999999,,
2026-04-26T21:37:57.8282006-07:00,-22999,24000,4726.8400000000001,4727.1499999999996,4726.9200000000001,4727.0799999999999,,
2026-04-26T21:37:57.8755845-07:00,-22999,24000,4726.8400000000001,4727.1499999999996,4726.9200000000001,4727.0799999999999,,
2026-04-26T21:37:57.9218787-07:00,-22999,24000,4726.8400000000001,4727.1499999999996,4726.9200000000001,4727.0799999999999,,
2026-04-26T21:37:57.9690414-07:00,-22999,24000,4726.8400000000001,4727.1499999999996,4726.9200000000001,4727.0799999999999,,
2026-04-26T21:37:58.0420767-07:00,-22999,24000,4726.8400000000001,4727.1499999999996,4726.9200000000001,4727.0799999999999,,
2026-04-26T21:37:58.0779929-07:00,-22999,24000,4726.8400000000001,4727.1499999999996,4726.9200000000001,4727.0799999999999,,
2026-04-26T21:37:58.1255425-07:00,-22999,24000,4726.8400000000001,4727.1499999999996,4726.9200000000001,4727.0799999999999,,
2026-04-26T21:37:58.1754626-07:00,-21999,23000,4726.8400000000001,4727.1499999999996,4726.9300000000003,4727.0699999999997,,
2026-04-26T21:37:58.2187162-07:00,-21999,23000,4726.8400000000001,4727.1499999999996,4726.9300000000003,4727.0699999999997,,
2026-04-26T21:37:58.2656498-07:00,-21999,23000,4726.8400000000001,4727.1499999999996,4726.9300000000003,4727.0699999999997,,
2026-04-26T21:37:58.3280252-07:00,-21999,23000,4726.8400000000001,4727.1499999999996,4726.9300000000003,4727.0699999999997,,
2026-04-26T21:37:58.3757150-07:00,-21999,23000,4726.8400000000001,4727.1499999999996,4726.9300000000003,4727.0699999999997,,
2026-04-26T21:37:58.4218689-07:00,-21999,23000,4726.8400000000001,4727.1499999999996,4726.9300000000003,4727.0699999999997,,
2026-04-26T21:37:58.4687166-07:00,-21999,23000,4726.8400000000001,4727.1499999999996,4726.9300000000003,4727.0699999999997,,
2026-04-26T21:37:58.5314713-07:00,-21000,25999,4726.8100000000004,4727.1400000000003,4726.9300000000003,4727.0699999999997,,
2026-04-26T21:37:58.5780420-07:00,-21000,25999,4726.8100000000004,4727.1400000000003,4726.9300000000003,4727.0699999999997,,
2026-04-26T21:37:58.6249162-07:00,-21000,25999,4726.8100000000004,4727.1400000000003,4726.9300000000003,4727.0699999999997,,
2026-04-26T21:37:58.6719446-07:00,-21000,25999,4726.8100000000004,4727.1400000000003,4726.9300000000003,4727.0699999999997,,
2026-04-26T21:37:58.7188642-07:00,-21000,25999,4726.8100000000004,4727.1400000000003,4726.9300000000003,4727.0699999999997,,
2026-04-26T21:37:58.7815969-07:00,-21000,25999,4726.8100000000004,4727.1400000000003,4726.9300000000003,4727.0699999999997,,
2026-04-26T21:37:58.8280811-07:00,-21000,25999,4726.8100000000004,4727.1400000000003,4726.9300000000003,4727.0699999999997,,
2026-04-26T21:37:58.8759715-07:00,-21000,25999,4726.8100000000004,4727.1400000000003,4726.9300000000003,4727.0699999999997,,
2026-04-26T21:37:58.9222891-07:00,-21000,25999,4726.8100000000004,4727.1400000000003,4726.9300000000003,4727.0699999999997,,
2026-04-26T21:37:58.9687735-07:00,-21000,25999,4726.8100000000004,4727.1400000000003,4726.9300000000003,4727.0699999999997,,
2026-04-26T21:37:59.0321027-07:00,-21000,25999,4726.8100000000004,4727.1400000000003,4726.9300000000003,4727.0699999999997,,
2026-04-26T21:37:59.0781041-07:00,-21000,25999,4726.8100000000004,4727.1400000000003,4726.9300000000003,4727.0699999999997,,
2026-04-26T21:37:59.1255495-07:00,-21000,25999,4726.8100000000004,4727.1400000000003,4726.9300000000003,4727.0699999999997,,
2026-04-26T21:37:59.1720440-07:00,-21000,25999,4726.8100000000004,4727.1400000000003,4726.9300000000003,4727.0699999999997,,
2026-04-26T21:37:59.2188503-07:00,-21000,25999,4726.8100000000004,4727.1400000000003,4726.9300000000003,4727.0699999999997,,
2026-04-26T21:37:59.2915873-07:00,-21000,25999,4726.8100000000004,4727.1400000000003,4726.9300000000003,4727.0699999999997,,
2026-04-26T21:37:59.3280461-07:00,-21000,25999,4726.8100000000004,4727.1400000000003,4726.9300000000003,4727.0699999999997,,
2026-04-26T21:37:59.3755809-07:00,-21000,25999,4726.8100000000004,4727.1400000000003,4726.9300000000003,4727.0699999999997,,
2026-04-26T21:37:59.4221670-07:00,-21000,25999,4726.8100000000004,4727.1400000000003,4726.9300000000003,4727.0699999999997,,
2026-04-26T21:37:59.4706540-07:00,-21000,25999,4726.8100000000004,4727.1400000000003,4726.9300000000003,4727.0699999999997,,
2026-04-26T21:37:59.5316384-07:00,-21000,25999,4726.8100000000004,4727.1400000000003,4726.9300000000003,4727.0699999999997,,
2026-04-26T21:37:59.5781580-07:00,-16000,30999,4726.8100000000004,4727.1400000000003,4726.9799999999996,4727.1199999999999,,
2026-04-26T21:37:59.6249701-07:00,-11000,34999,4726.7700000000004,4727.0900000000001,4726.9799999999996,4727.1199999999999,,
2026-04-26T21:37:59.6727044-07:00,-11000,34999,4726.7700000000004,4727.0900000000001,4726.9799999999996,4727.1199999999999,,
2026-04-26T21:37:59.7191411-07:00,-11000,34999,4726.7700000000004,4727.0900000000001,4726.9799999999996,4727.1199999999999,,
2026-04-26T21:37:59.7817958-07:00,-11000,34999,4726.7700000000004,4727.0900000000001,4726.9799999999996,4727.1199999999999,,
2026-04-26T21:37:59.8280470-07:00,-14000,31999,4726.7700000000004,4727.0900000000001,4726.9499999999998,4727.0900000000001,,
2026-04-26T21:37:59.8755393-07:00,-14000,31999,4726.7700000000004,4727.0900000000001,4726.9499999999998,4727.0900000000001,,
2026-04-26T21:37:59.9222844-07:00,-25000,19999,4726.8900000000003,4727.1999999999998,4726.9499999999998,4727.0900000000001,,
2026-04-26T21:37:59.9694701-07:00,-42000,2999,4726.8900000000003,4727.1999999999998,4726.7799999999997,4726.9200000000001,,
2026-04-26T21:38:00.0159140-07:00,-42000,2999,4726.8900000000003,4727.1999999999998,4726.7799999999997,4726.9200000000001,,
2026-04-26T21:38:00.0781870-07:00,-55000,-10000,4726.8900000000003,4727.1999999999998,4726.6499999999996,4726.79,,
2026-04-26T21:38:00.1266555-07:00,-37000,11000,4726.6800000000003,4727.0200000000004,4726.6499999999996,4726.79,,
2026-04-26T21:38:00.1718079-07:00,-37000,11000,4726.6800000000003,4727.0200000000004,4726.6499999999996,4726.79,,
2026-04-26T21:38:00.2204582-07:00,-21000,24000,4726.5699999999997,4726.8800000000001,4726.6700000000001,4726.8100000000004,,
2026-04-26T21:38:00.2813019-07:00,-21000,24000,4726.5699999999997,4726.8800000000001,4726.6700000000001,4726.8100000000004,,
2026-04-26T21:38:00.3282554-07:00,-18000,28000,4726.5299999999997,4726.8500000000004,4726.6700000000001,4726.8100000000004,,
2026-04-26T21:38:00.3750038-07:00,-18000,28000,4726.5299999999997,4726.8500000000004,4726.6700000000001,4726.8100000000004,,
2026-04-26T21:38:00.4226858-07:00,-24000,24000,4726.5699999999997,4726.9099999999999,4726.6700000000001,4726.8100000000004,,
2026-04-26T21:38:00.4686652-07:00,-26000,22000,4726.5699999999997,4726.9099999999999,4726.6499999999996,4726.79,,
2026-04-26T21:38:00.5311395-07:00,-26000,22000,4726.5699999999997,4726.9099999999999,4726.6499999999996,4726.79,,
2026-04-26T21:38:00.5780996-07:00,-26000,22000,4726.5699999999997,4726.9099999999999,4726.6499999999996,4726.79,,
2026-04-26T21:38:00.6249586-07:00,-21000,24000,4726.5500000000002,4726.8599999999997,4726.6499999999996,4726.79,,
2026-04-26T21:38:00.6728003-07:00,-21000,24000,4726.5500000000002,4726.8599999999997,4726.6499999999996,4726.79,,
2026-04-26T21:38:00.7186670-07:00,-21000,24000,4726.5500000000002,4726.8599999999997,4726.6499999999996,4726.79,,
2026-04-26T21:38:00.7935409-07:00,-21000,24000,4726.5500000000002,4726.8599999999997,4726.6499999999996,4726.79,,
2026-04-26T21:38:00.8281652-07:00,-21000,24000,4726.5500000000002,4726.8599999999997,4726.6499999999996,4726.79,,
2026-04-26T21:38:00.8857628-07:00,-21000,24000,4726.5500000000002,4726.8599999999997,4726.6499999999996,4726.79,,
2026-04-26T21:38:00.9218611-07:00,-21000,24000,4726.5500000000002,4726.8599999999997,4726.6499999999996,4726.79,,
2026-04-26T21:38:00.9695885-07:00,-21000,24000,4726.5500000000002,4726.8599999999997,4726.6499999999996,4726.79,,
2026-04-26T21:38:01.0157891-07:00,-21000,24000,4726.5500000000002,4726.8599999999997,4726.6499999999996,4726.79,,
2026-04-26T21:38:01.0781572-07:00,-21000,24000,4726.5500000000002,4726.8599999999997,4726.6499999999996,4726.79,,
2026-04-26T21:38:01.1256118-07:00,-21000,24000,4726.5500000000002,4726.8599999999997,4726.6499999999996,4726.79,,
2026-04-26T21:38:01.1719345-07:00,-21000,24000,4726.5500000000002,4726.8599999999997,4726.6499999999996,4726.79,,
2026-04-26T21:38:01.2189576-07:00,-22999,26000,4726.5500000000002,4726.8599999999997,4726.6300000000001,4726.8100000000004,,
2026-04-26T21:38:01.2822442-07:00,-22999,26000,4726.5500000000002,4726.8599999999997,4726.6300000000001,4726.8100000000004,,
2026-04-26T21:38:01.3280184-07:00,-22999,26000,4726.5500000000002,4726.8599999999997,4726.6300000000001,4726.8100000000004,,
2026-04-26T21:38:01.3761322-07:00,-22999,26000,4726.5500000000002,4726.8599999999997,4726.6300000000001,4726.8100000000004,,
2026-04-26T21:38:01.4220025-07:00,-22999,26000,4726.5500000000002,4726.8599999999997,4726.6300000000001,4726.8100000000004,,
2026-04-26T21:38:01.4693382-07:00,-22999,26000,4726.5500000000002,4726.8599999999997,4726.6300000000001,4726.8100000000004,,
2026-04-26T21:38:01.5472751-07:00,-26000,24000,4726.5699999999997,4726.8900000000003,4726.6300000000001,4726.8100000000004,,
2026-04-26T21:38:01.5783521-07:00,-26000,24000,4726.5699999999997,4726.8900000000003,4726.6300000000001,4726.8100000000004,,
2026-04-26T21:38:01.6247563-07:00,-30999,16999,4726.5600000000004,4726.8599999999997,4726.5500000000002,4726.7299999999996,,
2026-04-26T21:38:01.6722594-07:00,-30999,16999,4726.5600000000004,4726.8599999999997,4726.5500000000002,4726.7299999999996,,
2026-04-26T21:38:01.7193159-07:00,-30999,16999,4726.5600000000004,4726.8599999999997,4726.5500000000002,4726.7299999999996,,
2026-04-26T21:38:01.7661557-07:00,-55999,-8000,4726.5600000000004,4726.8599999999997,4726.3000000000002,4726.4799999999996,,
2026-04-26T21:38:01.8294438-07:00,-49000,2999,4726.4499999999998,4726.79,4726.3000000000002,4726.4799999999996,,
2026-04-26T21:38:01.8750049-07:00,-51000,1000,4726.4499999999998,4726.79,4726.2799999999997,4726.46,,
2026-04-26T21:38:01.9230250-07:00,-19999,31000,4726.1499999999996,4726.4799999999996,4726.2799999999997,4726.46,,
2026-04-26T21:38:01.9688353-07:00,-19999,31000,4726.1499999999996,4726.4799999999996,4726.2799999999997,4726.46,,
2026-04-26T21:38:02.0310765-07:00,-23000,26000,4726.1999999999998,4726.5100000000002,4726.2799999999997,4726.46,,
2026-04-26T21:38:02.0783527-07:00,-23000,26000,4726.1999999999998,4726.5100000000002,4726.2799999999997,4726.46,,
2026-04-26T21:38:02.1249190-07:00,-23999,25000,4726.1999999999998,4726.5100000000002,4726.2700000000004,4726.4499999999998,,
2026-04-26T21:38:02.1720124-07:00,-23999,25000,4726.1999999999998,4726.5100000000002,4726.2700000000004,4726.4499999999998,,
2026-04-26T21:38:02.2187508-07:00,-23999,25000,4726.1999999999998,4726.5100000000002,4726.2700000000004,4726.4499999999998,,
2026-04-26T21:38:02.2812259-07:00,-22000,23999,4726.1999999999998,4726.5,4726.2799999999997,4726.4399999999996,,
2026-04-26T21:38:02.3282760-07:00,-22000,23999,4726.1999999999998,4726.5,4726.2799999999997,4726.4399999999996,,
2026-04-26T21:38:02.3748912-07:00,-22000,23999,4726.1999999999998,4726.5,4726.2799999999997,4726.4399999999996,,
2026-04-26T21:38:02.4234432-07:00,-22000,23999,4726.1999999999998,4726.5,4726.2799999999997,4726.4399999999996,,
2026-04-26T21:38:02.4842281-07:00,-22000,23999,4726.1999999999998,4726.5,4726.2799999999997,4726.4399999999996,,
2026-04-26T21:38:02.5154487-07:00,-22000,23999,4726.1999999999998,4726.5,4726.2799999999997,4726.4399999999996,,
2026-04-26T21:38:02.5779501-07:00,-22000,23999,4726.1999999999998,4726.5,4726.2799999999997,4726.4399999999996,,
2026-04-26T21:38:02.6257446-07:00,-22000,23999,4726.1999999999998,4726.5,4726.2799999999997,4726.4399999999996,,
2026-04-26T21:38:02.6719267-07:00,-22000,23999,4726.1999999999998,4726.5,4726.2799999999997,4726.4399999999996,,
2026-04-26T21:38:02.7187000-07:00,-22000,23999,4726.1999999999998,4726.5,4726.2799999999997,4726.4399999999996,,
2026-04-26T21:38:02.7656191-07:00,-22000,26999,4726.1700000000001,4726.5,4726.2799999999997,4726.4399999999996,,
2026-04-26T21:38:02.8281453-07:00,-22000,26999,4726.1700000000001,4726.5,4726.2799999999997,4726.4399999999996,,
2026-04-26T21:38:02.8765152-07:00,-22000,26999,4726.1700000000001,4726.5,4726.2799999999997,4726.4399999999996,,
2026-04-26T21:38:02.9220857-07:00,-22000,26999,4726.1700000000001,4726.5,4726.2799999999997,4726.4399999999996,,
2026-04-26T21:38:02.9689054-07:00,-20000,29000,4726.1700000000001,4726.5,4726.3000000000002,4726.46,,
2026-04-26T21:38:03.0315331-07:00,-20000,29000,4726.1700000000001,4726.5,4726.3000000000002,4726.46,,
2026-04-26T21:38:03.0780309-07:00,-20000,28000,4726.1800000000003,4726.5,4726.3000000000002,4726.46,,
2026-04-26T21:38:03.1260596-07:00,-20000,28000,4726.1800000000003,4726.5,4726.3000000000002,4726.46,,
2026-04-26T21:38:03.1718892-07:00,-20000,28000,4726.1800000000003,4726.5,4726.3000000000002,4726.46,,
2026-04-26T21:38:03.2194565-07:00,-20000,28000,4726.1800000000003,4726.5,4726.3000000000002,4726.46,,
2026-04-26T21:38:03.2836968-07:00,-24000,31000,4726.1800000000003,4726.5,4726.2600000000002,4726.4899999999998,,
2026-04-26T21:38:03.3280511-07:00,-24000,31000,4726.1800000000003,4726.5,4726.2600000000002,4726.4899999999998,,
2026-04-26T21:38:03.3748303-07:00,-24000,31000,4726.1800000000003,4726.5,4726.2600000000002,4726.4899999999998,,
2026-04-26T21:38:03.4257499-07:00,-24000,31000,4726.1800000000003,4726.5,4726.2600000000002,4726.4899999999998,,
2026-04-26T21:38:03.4704048-07:00,-24000,31000,4726.1800000000003,4726.5,4726.2600000000002,4726.4899999999998,,
2026-04-26T21:38:03.5312282-07:00,-24000,31000,4726.1800000000003,4726.5,4726.2600000000002,4726.4899999999998,,
2026-04-26T21:38:03.5779586-07:00,-24000,31000,4726.1800000000003,4726.5,4726.2600000000002,4726.4899999999998,,
2026-04-26T21:38:03.6248874-07:00,-24000,31000,4726.1800000000003,4726.5,4726.2600000000002,4726.4899999999998,,
2026-04-26T21:38:03.6719372-07:00,-24000,31000,4726.1800000000003,4726.5,4726.2600000000002,4726.4899999999998,,
2026-04-26T21:38:03.7187899-07:00,-24000,31000,4726.1800000000003,4726.5,4726.2600000000002,4726.4899999999998,,
2026-04-26T21:38:03.7655649-07:00,-24000,31000,4726.1800000000003,4726.5,4726.2600000000002,4726.4899999999998,,
2026-04-26T21:38:03.8281319-07:00,-24000,31000,4726.1800000000003,4726.5,4726.2600000000002,4726.4899999999998,,
2026-04-26T21:38:03.8752233-07:00,-12000,42999,4726.1800000000003,4726.5,4726.3800000000001,4726.6099999999997,,
2026-04-26T21:38:03.9219050-07:00,-12000,42999,4726.1800000000003,4726.5,4726.3800000000001,4726.6099999999997,,
2026-04-26T21:38:03.9688175-07:00,-9999,43999,4726.1700000000001,4726.4799999999996,4726.3800000000001,4726.6099999999997,,
2026-04-26T21:38:04.0311856-07:00,-9999,43999,4726.1700000000001,4726.4799999999996,4726.3800000000001,4726.6099999999997,,
2026-04-26T21:38:04.0796691-07:00,-9999,43999,4726.1700000000001,4726.4799999999996,4726.3800000000001,4726.6099999999997,,
2026-04-26T21:38:04.1250489-07:00,-9999,43999,4726.1700000000001,4726.4799999999996,4726.3800000000001,4726.6099999999997,,
2026-04-26T21:38:04.1738638-07:00,-9999,43999,4726.1700000000001,4726.4799999999996,4726.3800000000001,4726.6099999999997,,
2026-04-26T21:38:04.2195244-07:00,-9999,43999,4726.1700000000001,4726.4799999999996,4726.3800000000001,4726.6099999999997,,
2026-04-26T21:38:04.2812363-07:00,-9999,43999,4726.1700000000001,4726.4799999999996,4726.3800000000001,4726.6099999999997,,
2026-04-26T21:38:04.3282699-07:00,-9999,43999,4726.1700000000001,4726.4799999999996,4726.3800000000001,4726.6099999999997,,
2026-04-26T21:38:04.3748730-07:00,-9999,43999,4726.1700000000001,4726.4799999999996,4726.3800000000001,4726.6099999999997,,
2026-04-26T21:38:04.4219441-07:00,-9999,43999,4726.1700000000001,4726.4799999999996,4726.3800000000001,4726.6099999999997,,
2026-04-26T21:38:04.4687034-07:00,-9999,43999,4726.1700000000001,4726.4799999999996,4726.3800000000001,4726.6099999999997,,
2026-04-26T21:38:04.5311503-07:00,-9999,43999,4726.1700000000001,4726.4799999999996,4726.3800000000001,4726.6099999999997,,
2026-04-26T21:38:04.5787494-07:00,-9999,43999,4726.1700000000001,4726.4799999999996,4726.3800000000001,4726.6099999999997,,
2026-04-26T21:38:04.6254534-07:00,-9999,43999,4726.1700000000001,4726.4799999999996,4726.3800000000001,4726.6099999999997,,
2026-04-26T21:38:04.6727701-07:00,-9999,43999,4726.1700000000001,4726.4799999999996,4726.3800000000001,4726.6099999999997,,
2026-04-26T21:38:04.7185824-07:00,-9999,43999,4726.1700000000001,4726.4799999999996,4726.3800000000001,4726.6099999999997,,
2026-04-26T21:38:04.7913846-07:00,-9999,43999,4726.1700000000001,4726.4799999999996,4726.3800000000001,4726.6099999999997,,
2026-04-26T21:38:04.8283210-07:00,-9999,43999,4726.1700000000001,4726.4799999999996,4726.3800000000001,4726.6099999999997,,
2026-04-26T21:38:04.8755436-07:00,-9999,43999,4726.1700000000001,4726.4799999999996,4726.3800000000001,4726.6099999999997,,
2026-04-26T21:38:04.9227764-07:00,-9999,43999,4726.1700000000001,4726.4799999999996,4726.3800000000001,4726.6099999999997,,
2026-04-26T21:38:04.9687814-07:00,-9999,43999,4726.1700000000001,4726.4799999999996,4726.3800000000001,4726.6099999999997,,
2026-04-26T21:38:05.0313377-07:00,-9999,43999,4726.1700000000001,4726.4799999999996,4726.3800000000001,4726.6099999999997,,
2026-04-26T21:38:05.0782293-07:00,-9999,43999,4726.1700000000001,4726.4799999999996,4726.3800000000001,4726.6099999999997,,
2026-04-26T21:38:05.1249824-07:00,-9999,43999,4726.1700000000001,4726.4799999999996,4726.3800000000001,4726.6099999999997,,
2026-04-26T21:38:05.1743200-07:00,-9999,43999,4726.1700000000001,4726.4799999999996,4726.3800000000001,4726.6099999999997,,
2026-04-26T21:38:05.2187399-07:00,-9999,43999,4726.1700000000001,4726.4799999999996,4726.3800000000001,4726.6099999999997,,
2026-04-26T21:38:05.2814821-07:00,-9999,43999,4726.1700000000001,4726.4799999999996,4726.3800000000001,4726.6099999999997,,
2026-04-26T21:38:05.3299279-07:00,-9999,43999,4726.1700000000001,4726.4799999999996,4726.3800000000001,4726.6099999999997,,
2026-04-26T21:38:05.3750121-07:00,-9999,43999,4726.1700000000001,4726.4799999999996,4726.3800000000001,4726.6099999999997,,
2026-04-26T21:38:05.4226104-07:00,-9999,43999,4726.1700000000001,4726.4799999999996,4726.3800000000001,4726.6099999999997,,
2026-04-26T21:38:05.4686364-07:00,-9999,43999,4726.1700000000001,4726.4799999999996,4726.3800000000001,4726.6099999999997,,
2026-04-26T21:38:05.5164196-07:00,-9999,43999,4726.1700000000001,4726.4799999999996,4726.3800000000001,4726.6099999999997,,
2026-04-26T21:38:05.5783036-07:00,-9999,43999,4726.1700000000001,4726.4799999999996,4726.3800000000001,4726.6099999999997,,
2026-04-26T21:38:05.6252338-07:00,-9999,43999,4726.1700000000001,4726.4799999999996,4726.3800000000001,4726.6099999999997,,
2026-04-26T21:38:05.6727698-07:00,-9999,43999,4726.1700000000001,4726.4799999999996,4726.3800000000001,4726.6099999999997,,
2026-04-26T21:38:05.7188098-07:00,-9999,43999,4726.1700000000001,4726.4799999999996,4726.3800000000001,4726.6099999999997,,
2026-04-26T21:38:05.7815807-07:00,-9999,43999,4726.1700000000001,4726.4799999999996,4726.3800000000001,4726.6099999999997,,
2026-04-26T21:38:05.8283813-07:00,-9999,43999,4726.1700000000001,4726.4799999999996,4726.3800000000001,4726.6099999999997,,
2026-04-26T21:38:05.8791588-07:00,-15999,38000,4726.1700000000001,4726.4799999999996,4726.3199999999997,4726.5500000000002,,
2026-04-26T21:38:05.9219282-07:00,-15999,38000,4726.1700000000001,4726.4799999999996,4726.3199999999997,4726.5500000000002,,
2026-04-26T21:38:05.9687324-07:00,-23000,32000,4726.2299999999996,4726.5500000000002,4726.3199999999997,4726.5500000000002,,
2026-04-26T21:38:06.0312425-07:00,-23999,31000,4726.2299999999996,4726.5500000000002,4726.3100000000004,4726.54,,
2026-04-26T21:38:06.0779294-07:00,-25999,30000,4726.2399999999998,4726.5699999999997,4726.3100000000004,4726.54,,
2026-04-26T21:38:06.1248966-07:00,-25999,30000,4726.2399999999998,4726.5699999999997,4726.3100000000004,4726.54,,
2026-04-26T21:38:06.1719515-07:00,-25999,30000,4726.2399999999998,4726.5699999999997,4726.3100000000004,4726.54,,
2026-04-26T21:38:06.2188116-07:00,-25999,30000,4726.2399999999998,4726.5699999999997,4726.3100000000004,4726.54,,
2026-04-26T21:38:06.2824548-07:00,-25999,30000,4726.2399999999998,4726.5699999999997,4726.3100000000004,4726.54,,
2026-04-26T21:38:06.3281400-07:00,-25999,30000,4726.2399999999998,4726.5699999999997,4726.3100000000004,4726.54,,
2026-04-26T21:38:06.3757622-07:00,-25999,30000,4726.2399999999998,4726.5699999999997,4726.3100000000004,4726.54,,
2026-04-26T21:38:06.4220687-07:00,-25999,30000,4726.2399999999998,4726.5699999999997,4726.3100000000004,4726.54,,
2026-04-26T21:38:06.4692742-07:00,-25999,30000,4726.2399999999998,4726.5699999999997,4726.3100000000004,4726.54,,
2026-04-26T21:38:06.5158376-07:00,-25999,30000,4726.2399999999998,4726.5699999999997,4726.3100000000004,4726.54,,
2026-04-26T21:38:06.5779994-07:00,-25999,30000,4726.2399999999998,4726.5699999999997,4726.3100000000004,4726.54,,
2026-04-26T21:38:06.6258063-07:00,-25999,30000,4726.2399999999998,4726.5699999999997,4726.3100000000004,4726.54,,
2026-04-26T21:38:06.6790771-07:00,-30999,25000,4726.29,4726.6199999999999,4726.3100000000004,4726.54,,
2026-04-26T21:38:06.7188863-07:00,-30999,25000,4726.29,4726.6199999999999,4726.3100000000004,4726.54,,
2026-04-26T21:38:06.7827758-07:00,-14000,42000,4726.29,4726.6199999999999,4726.4799999999996,4726.71,,
2026-04-26T21:38:06.8438471-07:00,-14000,42000,4726.29,4726.6199999999999,4726.4799999999996,4726.71,,
2026-04-26T21:38:06.8752566-07:00,-27000,29000,4726.4200000000001,4726.75,4726.4799999999996,4726.71,,
2026-04-26T21:38:06.9218092-07:00,-27000,29000,4726.4200000000001,4726.75,4726.4799999999996,4726.71,,
2026-04-26T21:38:06.9688806-07:00,-26000,30000,4726.4200000000001,4726.75,4726.4899999999998,4726.7200000000003,,
2026-04-26T21:38:07.0310919-07:00,-26000,30000,4726.4200000000001,4726.75,4726.4899999999998,4726.7200000000003,,
2026-04-26T21:38:07.0780758-07:00,-48000,8000,4726.4300000000003,4726.7600000000002,4726.2799999999997,4726.5100000000002,,
2026-04-26T21:38:07.1248461-07:00,-48000,8000,4726.4300000000003,4726.7600000000002,4726.2799999999997,4726.5100000000002,,
2026-04-26T21:38:07.1725603-07:00,-50000,4000,4726.4300000000003,4726.7600000000002,4726.2600000000002,4726.4700000000003,,
2026-04-26T21:38:07.2193154-07:00,-23000,30000,4726.1700000000001,4726.4899999999998,4726.2600000000002,4726.4700000000003,,
2026-04-26T21:38:07.2812412-07:00,-63000,-10000,4726.1700000000001,4726.4899999999998,4725.8599999999997,4726.0699999999997,,
2026-04-26T21:38:07.3282294-07:00,-63000,-10000,4726.1700000000001,4726.4899999999998,4725.8599999999997,4726.0699999999997,,
2026-04-26T21:38:07.3749185-07:00,-63000,-10000,4726.1700000000001,4726.4899999999998,4725.8599999999997,4726.0699999999997,,
2026-04-26T21:38:07.4231708-07:00,-50000,1000,4726.1899999999996,4726.4899999999998,4725.9899999999998,4726.1999999999998,,
2026-04-26T21:38:07.4697357-07:00,-50000,1000,4726.1899999999996,4726.4899999999998,4725.9899999999998,4726.1999999999998,,
2026-04-26T21:38:07.5184453-07:00,-13000,40000,4725.8000000000002,4726.1199999999999,4725.9899999999998,4726.1999999999998,,
2026-04-26T21:38:07.5783935-07:00,-13000,40000,4725.8000000000002,4726.1199999999999,4725.9899999999998,4726.1999999999998,,
2026-04-26T21:38:07.6249044-07:00,-27000,26000,4725.9399999999996,4726.2600000000002,4725.9899999999998,4726.1999999999998,,
2026-04-26T21:38:07.6737934-07:00,-27000,26000,4725.9399999999996,4726.2600000000002,4725.9899999999998,4726.1999999999998,,
2026-04-26T21:38:07.7187966-07:00,-27000,26000,4725.9399999999996,4726.2600000000002,4725.9899999999998,4726.1999999999998,,
2026-04-26T21:38:07.7971244-07:00,-27000,26000,4725.9399999999996,4726.2600000000002,4725.9899999999998,4726.1999999999998,,
2026-04-26T21:38:07.8284976-07:00,-27000,26000,4725.9399999999996,4726.2600000000002,4725.9899999999998,4726.1999999999998,,
2026-04-26T21:38:07.8755321-07:00,-27000,26000,4725.9399999999996,4726.2600000000002,4725.9899999999998,4726.1999999999998,,
2026-04-26T21:38:07.9219313-07:00,-27000,26000,4725.9399999999996,4726.2600000000002,4725.9899999999998,4726.1999999999998,,
2026-04-26T21:38:07.9688828-07:00,-27000,26000,4725.9399999999996,4726.2600000000002,4725.9899999999998,4726.1999999999998,,
2026-04-26T21:38:08.0321535-07:00,-27000,26000,4725.9399999999996,4726.2600000000002,4725.9899999999998,4726.1999999999998,,
2026-04-26T21:38:08.0785469-07:00,-27000,26000,4725.9399999999996,4726.2600000000002,4725.9899999999998,4726.1999999999998,,
2026-04-26T21:38:08.1261244-07:00,-27000,26000,4725.9399999999996,4726.2600000000002,4725.9899999999998,4726.1999999999998,,
2026-04-26T21:38:08.1721920-07:00,-26000,26000,4725.9399999999996,4726.2600000000002,4726,4726.1999999999998,,
2026-04-26T21:38:08.2187572-07:00,-26000,26000,4725.9399999999996,4726.2600000000002,4726,4726.1999999999998,,
2026-04-26T21:38:08.2656772-07:00,-26000,26000,4725.9399999999996,4726.2600000000002,4726,4726.1999999999998,,
2026-04-26T21:38:08.3282277-07:00,-26000,26000,4725.9399999999996,4726.2600000000002,4726,4726.1999999999998,,
2026-04-26T21:38:08.3760757-07:00,-26000,26000,4725.9399999999996,4726.2600000000002,4726,4726.1999999999998,,
2026-04-26T21:38:08.4226459-07:00,-26000,26000,4725.9399999999996,4726.2600000000002,4726,4726.1999999999998,,
2026-04-26T21:38:08.4688554-07:00,-26000,26000,4725.9399999999996,4726.2600000000002,4726,4726.1999999999998,,
2026-04-26T21:38:08.5321242-07:00,-5000,47000,4725.9399999999996,4726.2600000000002,4726.21,4726.4099999999999,,
2026-04-26T21:38:08.5782181-07:00,-5000,47000,4725.9399999999996,4726.2600000000002,4726.21,4726.4099999999999,,
2026-04-26T21:38:08.6249358-07:00,-8000,44000,4725.9700000000003,4726.29,4726.21,4726.4099999999999,,
2026-04-26T21:38:08.6722410-07:00,-26000,25999,4725.9700000000003,4726.29,4726.0299999999997,4726.2299999999996,,
2026-04-26T21:38:08.7189689-07:00,-47000,6999,4726.1599999999999,4726.5,4726.0299999999997,4726.2299999999996,,
2026-04-26T21:38:08.7814237-07:00,-47000,6999,4726.1599999999999,4726.5,4726.0299999999997,4726.2299999999996,,
2026-04-26T21:38:08.8286610-07:00,-47999,6000,4726.1599999999999,4726.5,4726.0200000000004,4726.2200000000003,,
2026-04-26T21:38:08.8750477-07:00,-47999,6000,4726.1599999999999,4726.5,4726.0200000000004,4726.2200000000003,,
2026-04-26T21:38:08.9221682-07:00,-25999,26000,4726,4726.3199999999997,4726.0600000000004,4726.2600000000002,,
2026-04-26T21:38:08.9688406-07:00,-25999,26000,4726,4726.3199999999997,4726.0600000000004,4726.2600000000002,,
2026-04-26T21:38:09.0317560-07:00,-25999,26000,4726,4726.3199999999997,4726.0600000000004,4726.2600000000002,,
2026-04-26T21:38:09.0780510-07:00,-25999,26000,4726,4726.3199999999997,4726.0600000000004,4726.2600000000002,,
2026-04-26T21:38:09.1259353-07:00,-25999,26000,4726,4726.3199999999997,4726.0600000000004,4726.2600000000002,,
2026-04-26T21:38:09.1719308-07:00,-27000,26000,4726,4726.3199999999997,4726.0500000000002,4726.2600000000002,,
2026-04-26T21:38:09.2190653-07:00,-27000,26000,4726,4726.3199999999997,4726.0500000000002,4726.2600000000002,,
2026-04-26T21:38:09.2656702-07:00,-27000,26000,4726,4726.3199999999997,4726.0500000000002,4726.2600000000002,,
2026-04-26T21:38:09.3282260-07:00,-27000,26000,4726,4726.3199999999997,4726.0500000000002,4726.2600000000002,,
2026-04-26T21:38:09.3759802-07:00,-27000,26000,4726,4726.3199999999997,4726.0500000000002,4726.2600000000002,,
2026-04-26T21:38:09.4221025-07:00,-46000,7000,4725.9799999999996,4726.3000000000002,4725.8400000000001,4726.0500000000002,,
2026-04-26T21:38:09.4693178-07:00,-46000,7000,4725.9799999999996,4726.3000000000002,4725.8400000000001,4726.0500000000002,,
2026-04-26T21:38:09.5320804-07:00,-46000,7000,4725.9799999999996,4726.3000000000002,4725.8400000000001,4726.0500000000002,,
2026-04-26T21:38:09.5780692-07:00,-48999,4000,4725.9799999999996,4726.3000000000002,4725.8100000000004,4726.0200000000004,,
2026-04-26T21:38:09.6265684-07:00,-27999,25000,4725.7700000000004,4726.0900000000001,4725.8100000000004,4726.0200000000004,,
2026-04-26T21:38:09.6726315-07:00,-27999,25000,4725.7700000000004,4726.0900000000001,4725.8100000000004,4726.0200000000004,,
2026-04-26T21:38:09.7187014-07:00,-25000,29000,4725.7299999999996,4726.0600000000004,4725.8100000000004,4726.0200000000004,,
2026-04-26T21:38:09.7818983-07:00,-26000,28000,4725.7299999999996,4726.0600000000004,4725.8000000000002,4726.0100000000002,,
2026-04-26T21:38:09.8283403-07:00,-26000,28000,4725.7299999999996,4726.0600000000004,4725.8000000000002,4726.0100000000002,,
2026-04-26T21:38:09.8749965-07:00,-26000,28000,4725.7299999999996,4726.0600000000004,4725.8000000000002,4726.0100000000002,,
2026-04-26T21:38:09.9229803-07:00,-25000,27000,4725.7399999999998,4726.0500000000002,4725.8000000000002,4726.0100000000002,,
2026-04-26T21:38:09.9687883-07:00,-25000,27000,4725.7399999999998,4726.0500000000002,4725.8000000000002,4726.0100000000002,,
2026-04-26T21:38:10.0314526-07:00,-25000,27000,4725.7399999999998,4726.0500000000002,4725.8000000000002,4726.0100000000002,,
2026-04-26T21:38:10.0783184-07:00,-25000,27000,4725.7399999999998,4726.0500000000002,4725.8000000000002,4726.0100000000002,,
2026-04-26T21:38:10.1259669-07:00,-26000,27000,4725.7399999999998,4726.0600000000004,4725.8000000000002,4726.0100000000002,,
2026-04-26T21:38:10.1728553-07:00,-27000,26000,4725.7399999999998,4726.0600000000004,4725.79,4726,,
2026-04-26T21:38:10.2187533-07:00,-27000,26000,4725.7399999999998,4726.0600000000004,4725.79,4726,,
2026-04-26T21:38:10.2813138-07:00,-27000,26000,4725.7399999999998,4726.0600000000004,4725.79,4726,,
2026-04-26T21:38:10.3283199-07:00,-27000,26000,4725.7399999999998,4726.0600000000004,4725.79,4726,,
2026-04-26T21:38:10.3753843-07:00,-27000,26000,4725.7399999999998,4726.0600000000004,4725.79,4726,,
2026-04-26T21:38:10.4230607-07:00,-27000,26000,4725.7399999999998,4726.0600000000004,4725.79,4726,,
2026-04-26T21:38:10.4689820-07:00,-27000,26000,4725.7399999999998,4726.0600000000004,4725.79,4726,,
2026-04-26T21:38:10.5426543-07:00,-26000,29000,4725.71,4726.0500000000002,4725.79,4726,,
2026-04-26T21:38:10.5785709-07:00,-26000,29000,4725.71,4726.0500000000002,4725.79,4726,,
2026-04-26T21:38:10.6254948-07:00,-26000,29000,4725.71,4726.0500000000002,4725.79,4726,,
2026-04-26T21:38:10.6728826-07:00,-15999,39000,4725.71,4726.0500000000002,4725.8900000000003,4726.1000000000004,,
2026-04-26T21:38:10.7187055-07:00,-17000,35000,4725.75,4726.0600000000004,4725.8900000000003,4726.1000000000004,,
2026-04-26T21:38:10.7815525-07:00,-17000,35000,4725.75,4726.0600000000004,4725.8900000000003,4726.1000000000004,,
2026-04-26T21:38:10.8283808-07:00,-17000,35000,4725.75,4726.0600000000004,4725.8900000000003,4726.1000000000004,,
2026-04-26T21:38:10.8751871-07:00,-17000,35000,4725.75,4726.0600000000004,4725.8900000000003,4726.1000000000004,,
2026-04-26T21:38:10.9274035-07:00,-16000,35999,4725.75,4726.0600000000004,4725.8999999999996,4726.1099999999997,,
2026-04-26T21:38:10.9690062-07:00,-16000,35999,4725.75,4726.0600000000004,4725.8999999999996,4726.1099999999997,,
2026-04-26T21:38:11.0174747-07:00,-14000,38000,4725.7299999999996,4726.04,4725.8999999999996,4726.1099999999997,,
2026-04-26T21:38:11.0799999-07:00,-16000,36000,4725.7299999999996,4726.04,4725.8800000000001,4726.0900000000001,,
2026-04-26T21:38:11.1249774-07:00,-25000,27999,4725.8100000000004,4726.1300000000001,4725.8800000000001,4726.0900000000001,,
2026-04-26T21:38:11.1775332-07:00,-25000,27999,4725.8100000000004,4726.1300000000001,4725.8800000000001,4726.0900000000001,,
2026-04-26T21:38:11.2188235-07:00,-25000,29000,4725.8100000000004,4726.1400000000003,4725.8900000000003,4726.1000000000004,,
2026-04-26T21:38:11.2814010-07:00,-25000,29000,4725.8100000000004,4726.1400000000003,4725.8900000000003,4726.1000000000004,,
2026-04-26T21:38:11.3284504-07:00,-17000,34999,4725.8400000000001,4726.1400000000003,4725.9700000000003,4726.1899999999996,,
2026-04-26T21:38:11.3749932-07:00,-17000,34999,4725.8400000000001,4726.1400000000003,4725.9700000000003,4726.1899999999996,,
2026-04-26T21:38:11.4249968-07:00,-16000,36000,4725.8400000000001,4726.1400000000003,4725.9799999999996,4726.1999999999998,,
2026-04-26T21:38:11.4688099-07:00,-16000,36000,4725.8400000000001,4726.1400000000003,4725.9799999999996,4726.1999999999998,,
2026-04-26T21:38:11.5460579-07:00,-24000,30000,4725.8999999999996,4726.2200000000003,4725.9799999999996,4726.1999999999998,,
2026-04-26T21:38:11.5781161-07:00,-24000,30000,4725.8999999999996,4726.2200000000003,4725.9799999999996,4726.1999999999998,,
2026-04-26T21:38:11.6253115-07:00,-24000,30000,4725.8999999999996,4726.2200000000003,4725.9799999999996,4726.1999999999998,,
2026-04-26T21:38:11.6723765-07:00,-24000,30000,4725.8999999999996,4726.2200000000003,4725.9799999999996,4726.1999999999998,,
2026-04-26T21:38:11.7189162-07:00,-25000,29000,4725.8999999999996,4726.2200000000003,4725.9700000000003,4726.1899999999996,,
2026-04-26T21:38:11.7819514-07:00,-25000,29000,4725.8999999999996,4726.2200000000003,4725.9700000000003,4726.1899999999996,,
2026-04-26T21:38:11.8280849-07:00,-25999,26999,4725.9200000000001,4726.2299999999996,4725.9700000000003,4726.1899999999996,,
2026-04-26T21:38:11.8751183-07:00,-25999,26999,4725.9200000000001,4726.2299999999996,4725.9700000000003,4726.1899999999996,,
2026-04-26T21:38:11.9220017-07:00,-25999,26999,4725.9200000000001,4726.2299999999996,4725.9700000000003,4726.1899999999996,,
2026-04-26T21:38:11.9688730-07:00,-25999,26999,4725.9200000000001,4726.2299999999996,4725.9700000000003,4726.1899999999996,,
2026-04-26T21:38:12.0158209-07:00,-25999,26999,4725.9200000000001,4726.2299999999996,4725.9700000000003,4726.1899999999996,,
2026-04-26T21:38:12.0782932-07:00,-25999,26999,4725.9200000000001,4726.2299999999996,4725.9700000000003,4726.1899999999996,,
2026-04-26T21:38:12.1251878-07:00,-25999,26999,4725.9200000000001,4726.2299999999996,4725.9700000000003,4726.1899999999996,,
2026-04-26T21:38:12.1757183-07:00,-25000,26999,4725.9200000000001,4726.2299999999996,4725.9799999999996,4726.1899999999996,,
2026-04-26T21:38:12.2189855-07:00,-25000,26999,4725.9200000000001,4726.2299999999996,4725.9799999999996,4726.1899999999996,,
2026-04-26T21:38:12.2826110-07:00,-25000,26999,4725.9200000000001,4726.2299999999996,4725.9799999999996,4726.1899999999996,,
2026-04-26T21:38:12.3282054-07:00,-25000,26999,4725.9200000000001,4726.2299999999996,4725.9799999999996,4726.1899999999996,,
2026-04-26T21:38:12.3758489-07:00,-25000,26999,4725.9200000000001,4726.2299999999996,4725.9799999999996,4726.1899999999996,,
2026-04-26T21:38:12.4223381-07:00,-25000,26999,4725.9200000000001,4726.2299999999996,4725.9799999999996,4726.1899999999996,,
2026-04-26T21:38:12.4687962-07:00,-25000,26999,4725.9200000000001,4726.2299999999996,4725.9799999999996,4726.1899999999996,,
2026-04-26T21:38:12.5319976-07:00,-25000,26999,4725.9200000000001,4726.2299999999996,4725.9799999999996,4726.1899999999996,,
2026-04-26T21:38:12.5782208-07:00,-25000,26999,4725.9200000000001,4726.2299999999996,4725.9799999999996,4726.1899999999996,,
2026-04-26T21:38:12.6251620-07:00,-25000,26999,4725.9200000000001,4726.2299999999996,4725.9799999999996,4726.1899999999996,,
2026-04-26T21:38:12.6721896-07:00,-25000,26999,4725.9200000000001,4726.2299999999996,4725.9799999999996,4726.1899999999996,,
2026-04-26T21:38:12.7191218-07:00,-25000,26999,4725.9200000000001,4726.2299999999996,4725.9799999999996,4726.1899999999996,,
2026-04-26T21:38:12.7942525-07:00,-26000,29000,4725.8999999999996,4726.2399999999998,4725.9799999999996,4726.1899999999996,,
2026-04-26T21:38:12.8293535-07:00,-26000,29000,4725.8999999999996,4726.2399999999998,4725.9799999999996,4726.1899999999996,,
2026-04-26T21:38:12.8750340-07:00,-43000,10000,4725.8599999999997,4726.1800000000003,4725.75,4725.96,,
2026-04-26T21:38:12.9220070-07:00,-43000,10000,4725.8599999999997,4726.1800000000003,4725.75,4725.96,,
2026-04-26T21:38:12.9687375-07:00,-35000,18000,4725.8599999999997,4726.1800000000003,4725.8299999999999,4726.04,,
2026-04-26T21:38:13.0312710-07:00,-35000,18000,4725.8599999999997,4726.1800000000003,4725.8299999999999,4726.04,,
2026-04-26T21:38:13.0789461-07:00,-23000,29000,4725.75,4726.0600000000004,4725.8299999999999,4726.04,,
2026-04-26T21:38:13.1251402-07:00,-23000,29000,4725.75,4726.0600000000004,4725.8299999999999,4726.04,,
2026-04-26T21:38:13.1740076-07:00,-23000,29000,4725.75,4726.0600000000004,4725.8299999999999,4726.04,,
2026-04-26T21:38:13.2187299-07:00,-23000,29000,4725.75,4726.0600000000004,4725.8299999999999,4726.04,,
2026-04-26T21:38:13.2929716-07:00,-25000,28000,4725.7600000000002,4726.0799999999999,4725.8299999999999,4726.04,,
2026-04-26T21:38:13.3281830-07:00,-25000,28000,4725.7600000000002,4726.0799999999999,4725.8299999999999,4726.04,,
2026-04-26T21:38:13.3753088-07:00,-25000,28000,4725.7600000000002,4726.0799999999999,4725.8299999999999,4726.04,,
2026-04-26T21:38:13.4234050-07:00,-25000,28000,4725.7600000000002,4726.0799999999999,4725.8299999999999,4726.04,,
2026-04-26T21:38:13.4686794-07:00,-25000,28000,4725.7600000000002,4726.0799999999999,4725.8299999999999,4726.04,,
2026-04-26T21:38:13.5314839-07:00,-25000,28000,4725.7600000000002,4726.0799999999999,4725.8299999999999,4726.04,,
2026-04-26T21:38:13.5782357-07:00,-25000,28000,4725.7600000000002,4726.0799999999999,4725.8299999999999,4726.04,,
2026-04-26T21:38:13.6250718-07:00,-25000,28000,4725.7600000000002,4726.0799999999999,4725.8299999999999,4726.04,,
2026-04-26T21:38:13.6725348-07:00,-25000,28000,4725.7600000000002,4726.0799999999999,4725.8299999999999,4726.04,,
2026-04-26T21:38:13.7188581-07:00,-25000,28000,4725.7600000000002,4726.0799999999999,4725.8299999999999,4726.04,,
2026-04-26T21:38:13.7658490-07:00,-25000,28000,4725.7600000000002,4726.0799999999999,4725.8299999999999,4726.04,,
2026-04-26T21:38:13.8284755-07:00,-25000,28000,4725.7600000000002,4726.0799999999999,4725.8299999999999,4726.04,,
2026-04-26T21:38:13.8750551-07:00,-26999,26000,4725.7600000000002,4726.0799999999999,4725.8100000000004,4726.0200000000004,,
2026-04-26T21:38:13.9237284-07:00,-26999,26000,4725.7600000000002,4726.0799999999999,4725.8100000000004,4726.0200000000004,,
2026-04-26T21:38:13.9689035-07:00,-22000,33000,4725.7399999999998,4726.0799999999999,4725.8599999999997,4726.0699999999997,,
2026-04-26T21:38:14.0315839-07:00,-22000,33000,4725.7399999999998,4726.0799999999999,4725.8599999999997,4726.0699999999997,,
2026-04-26T21:38:14.0779932-07:00,-17000,37000,4725.6999999999998,4726.0299999999997,4725.8599999999997,4726.0699999999997,,
2026-04-26T21:38:14.1255015-07:00,-17000,37000,4725.6999999999998,4726.0299999999997,4725.8599999999997,4726.0699999999997,,
2026-04-26T21:38:14.1720683-07:00,-27000,25000,4725.8199999999997,4726.1300000000001,4725.8599999999997,4726.0699999999997,,
2026-04-26T21:38:14.2188916-07:00,-27000,25000,4725.8199999999997,4726.1300000000001,4725.8599999999997,4726.0699999999997,,
2026-04-26T21:38:14.2822085-07:00,-24000,27000,4725.8000000000002,4726.1000000000004,4725.8599999999997,4726.0699999999997,,
2026-04-26T21:38:14.3286007-07:00,-24000,27000,4725.8000000000002,4726.1000000000004,4725.8599999999997,4726.0699999999997,,
2026-04-26T21:38:14.3757472-07:00,-24000,27000,4725.8000000000002,4726.1000000000004,4725.8599999999997,4726.0699999999997,,
2026-04-26T21:38:14.4221355-07:00,-24000,27000,4725.8000000000002,4726.1000000000004,4725.8599999999997,4726.0699999999997,,
2026-04-26T21:38:14.4695055-07:00,-24000,27000,4725.8000000000002,4726.1000000000004,4725.8599999999997,4726.0699999999997,,
2026-04-26T21:38:14.5419071-07:00,-24000,27000,4725.8000000000002,4726.1000000000004,4725.8599999999997,4726.0699999999997,,
2026-04-26T21:38:14.5783672-07:00,-25000,28000,4725.79,4726.1099999999997,4725.8599999999997,4726.0699999999997,,
2026-04-26T21:38:14.6255176-07:00,12000,64999,4725.79,4726.1099999999997,4726.2299999999996,4726.4399999999996,,
2026-04-26T21:38:14.6735274-07:00,12999,66999,4725.7700000000004,4726.1000000000004,4726.2299999999996,4726.4399999999996,,
2026-04-26T21:38:14.7197638-07:00,12999,66999,4725.7700000000004,4726.1000000000004,4726.2299999999996,4726.4399999999996,,
2026-04-26T21:38:14.7656792-07:00,-23000,29000,4726.1000000000004,4726.4099999999999,4726.1800000000003,4726.3900000000003,,
2026-04-26T21:38:14.8282012-07:00,-23000,29000,4726.1000000000004,4726.4099999999999,4726.1800000000003,4726.3900000000003,,
2026-04-26T21:38:14.8757323-07:00,-23000,29000,4726.1000000000004,4726.4099999999999,4726.1800000000003,4726.3900000000003,,
2026-04-26T21:38:14.9219270-07:00,-23000,29000,4726.1000000000004,4726.4099999999999,4726.1800000000003,4726.3900000000003,,
2026-04-26T21:38:14.9688445-07:00,-25000,29000,4726.1000000000004,4726.4300000000003,4726.1800000000003,4726.3900000000003,,
2026-04-26T21:38:15.0313749-07:00,-25000,29000,4726.1000000000004,4726.4300000000003,4726.1800000000003,4726.3900000000003,,
2026-04-26T21:38:15.0782265-07:00,-25000,29000,4726.1000000000004,4726.4300000000003,4726.1800000000003,4726.3900000000003,,
2026-04-26T21:38:15.1259231-07:00,-25000,29000,4726.1000000000004,4726.4300000000003,4726.1800000000003,4726.3900000000003,,
2026-04-26T21:38:15.1723390-07:00,-25000,29000,4726.1000000000004,4726.4300000000003,4726.1800000000003,4726.3900000000003,,
2026-04-26T21:38:15.2193562-07:00,-25000,29000,4726.1000000000004,4726.4300000000003,4726.1800000000003,4726.3900000000003,,
2026-04-26T21:38:15.2958983-07:00,-21999,26999,4726.0900000000001,4726.3999999999996,4726.1800000000003,4726.3599999999997,,
2026-04-26T21:38:15.3281540-07:00,-21999,26999,4726.0900000000001,4726.3999999999996,4726.1800000000003,4726.3599999999997,,
2026-04-26T21:38:15.3751211-07:00,-21999,26999,4726.0900000000001,4726.3999999999996,4726.1800000000003,4726.3599999999997,,
2026-04-26T21:38:15.4221975-07:00,-21999,26999,4726.0900000000001,4726.3999999999996,4726.1800000000003,4726.3599999999997,,
2026-04-26T21:38:15.4688959-07:00,-21999,26999,4726.0900000000001,4726.3999999999996,4726.1800000000003,4726.3599999999997,,
2026-04-26T21:38:15.5312760-07:00,-21999,26999,4726.0900000000001,4726.3999999999996,4726.1800000000003,4726.3599999999997,,
2026-04-26T21:38:15.5780970-07:00,-21999,26999,4726.0900000000001,4726.3999999999996,4726.1800000000003,4726.3599999999997,,
2026-04-26T21:38:15.6253967-07:00,-21999,26999,4726.0900000000001,4726.3999999999996,4726.1800000000003,4726.3599999999997,,
2026-04-26T21:38:15.6723628-07:00,-21999,26999,4726.0900000000001,4726.3999999999996,4726.1800000000003,4726.3599999999997,,
2026-04-26T21:38:15.7190419-07:00,-21999,26999,4726.0900000000001,4726.3999999999996,4726.1800000000003,4726.3599999999997,,
2026-04-26T21:38:15.7825906-07:00,-21999,26999,4726.0900000000001,4726.3999999999996,4726.1800000000003,4726.3599999999997,,
2026-04-26T21:38:15.8283483-07:00,-21999,26999,4726.0900000000001,4726.3999999999996,4726.1800000000003,4726.3599999999997,,
2026-04-26T21:38:15.8757569-07:00,-21999,26999,4726.0900000000001,4726.3999999999996,4726.1800000000003,4726.3599999999997,,
2026-04-26T21:38:15.9222145-07:00,-21999,26999,4726.0900000000001,4726.3999999999996,4726.1800000000003,4726.3599999999997,,
2026-04-26T21:38:15.9687661-07:00,-21999,25999,4726.1000000000004,4726.3999999999996,4726.1800000000003,4726.3599999999997,,
2026-04-26T21:38:16.0320868-07:00,-21999,25999,4726.1000000000004,4726.3999999999996,4726.1800000000003,4726.3599999999997,,
2026-04-26T21:38:16.0781608-07:00,-21999,25999,4726.1000000000004,4726.3999999999996,4726.1800000000003,4726.3599999999997,,
2026-04-26T21:38:16.1250316-07:00,-23999,29000,4726.1000000000004,4726.3999999999996,4726.1599999999999,4726.3900000000003,,
2026-04-26T21:38:16.1720454-07:00,-23999,29000,4726.1000000000004,4726.3999999999996,4726.1599999999999,4726.3900000000003,,
2026-04-26T21:38:16.2191193-07:00,-23999,29000,4726.1000000000004,4726.3999999999996,4726.1599999999999,4726.3900000000003,,
2026-04-26T21:38:16.2926858-07:00,-23999,29000,4726.1000000000004,4726.3999999999996,4726.1599999999999,4726.3900000000003,,
2026-04-26T21:38:16.3282713-07:00,-23999,29000,4726.1000000000004,4726.3999999999996,4726.1599999999999,4726.3900000000003,,
2026-04-26T21:38:16.3759530-07:00,-23999,29000,4726.1000000000004,4726.3999999999996,4726.1599999999999,4726.3900000000003,,
2026-04-26T21:38:16.4221623-07:00,-23999,29000,4726.1000000000004,4726.3999999999996,4726.1599999999999,4726.3900000000003,,
2026-04-26T21:38:16.4689292-07:00,-23999,29000,4726.1000000000004,4726.3999999999996,4726.1599999999999,4726.3900000000003,,
2026-04-26T21:38:16.5156653-07:00,-23999,32000,4726.0699999999997,4726.3999999999996,4726.1599999999999,4726.3900000000003,,
2026-04-26T21:38:16.5781259-07:00,-23999,32000,4726.0699999999997,4726.3999999999996,4726.1599999999999,4726.3900000000003,,
2026-04-26T21:38:16.6263611-07:00,-23999,32000,4726.0699999999997,4726.3999999999996,4726.1599999999999,4726.3900000000003,,
2026-04-26T21:38:16.6721270-07:00,-23999,32000,4726.0699999999997,4726.3999999999996,4726.1599999999999,4726.3900000000003,,
2026-04-26T21:38:16.7194056-07:00,-23999,32000,4726.0699999999997,4726.3999999999996,4726.1599999999999,4726.3900000000003,,
2026-04-26T21:38:16.7812108-07:00,-34999,21000,4726.0699999999997,4726.3999999999996,4726.0500000000002,4726.2799999999997,,
2026-04-26T21:38:16.8282799-07:00,-34999,21000,4726.0699999999997,4726.3999999999996,4726.0500000000002,4726.2799999999997,,
2026-04-26T21:38:16.8753997-07:00,-32999,23000,4726.0699999999997,4726.3999999999996,4726.0699999999997,4726.3000000000002,,
2026-04-26T21:38:16.9236251-07:00,-28000,27000,4726.0299999999997,4726.3500000000004,4726.0699999999997,4726.3000000000002,,
2026-04-26T21:38:16.9694963-07:00,-28000,27000,4726.0299999999997,4726.3500000000004,4726.0699999999997,4726.3000000000002,,
2026-04-26T21:38:17.0323198-07:00,-30000,23000,4726.0299999999997,4726.3299999999999,4726.0299999999997,4726.2600000000002,,
2026-04-26T21:38:17.0782608-07:00,-30000,23000,4726.0299999999997,4726.3299999999999,4726.0299999999997,4726.2600000000002,,
2026-04-26T21:38:17.1255861-07:00,-26000,27000,4725.9899999999998,4726.29,4726.0299999999997,4726.2600000000002,,
2026-04-26T21:38:17.1724541-07:00,-26000,28000,4725.9899999999998,4726.29,4726.0299999999997,4726.2700000000004,,
2026-04-26T21:38:17.2188153-07:00,-26000,28000,4725.9899999999998,4726.29,4726.0299999999997,4726.2700000000004,,
2026-04-26T21:38:17.2823149-07:00,-26000,28000,4725.9899999999998,4726.29,4726.0299999999997,4726.2700000000004,,
2026-04-26T21:38:17.3281478-07:00,-26000,28000,4725.9899999999998,4726.29,4726.0299999999997,4726.2700000000004,,
2026-04-26T21:38:17.3755971-07:00,-26000,28000,4725.9899999999998,4726.29,4726.0299999999997,4726.2700000000004,,
2026-04-26T21:38:17.4223727-07:00,-26000,28000,4725.9899999999998,4726.29,4726.0299999999997,4726.2700000000004,,
2026-04-26T21:38:17.4688174-07:00,-26000,28000,4725.9899999999998,4726.29,4726.0299999999997,4726.2700000000004,,
2026-04-26T21:38:17.5158154-07:00,-26000,28000,4725.9899999999998,4726.29,4726.0299999999997,4726.2700000000004,,
2026-04-26T21:38:17.5782706-07:00,-26000,28000,4725.9899999999998,4726.29,4726.0299999999997,4726.2700000000004,,
2026-04-26T21:38:17.6258108-07:00,-26000,28000,4725.9899999999998,4726.29,4726.0299999999997,4726.2700000000004,,
2026-04-26T21:38:17.6720236-07:00,-26000,28000,4725.9899999999998,4726.29,4726.0299999999997,4726.2700000000004,,
2026-04-26T21:38:17.7188178-07:00,-26000,28000,4725.9899999999998,4726.29,4726.0299999999997,4726.2700000000004,,
2026-04-26T21:38:17.7934733-07:00,-26000,28000,4725.9899999999998,4726.29,4726.0299999999997,4726.2700000000004,,
2026-04-26T21:38:17.8281369-07:00,-26000,28000,4725.9899999999998,4726.29,4726.0299999999997,4726.2700000000004,,
2026-04-26T21:38:17.8758541-07:00,-26000,28000,4725.9899999999998,4726.29,4726.0299999999997,4726.2700000000004,,
2026-04-26T21:38:17.9224504-07:00,-22000,32000,4725.9899999999998,4726.29,4726.0699999999997,4726.3100000000004,,
2026-04-26T21:38:17.9692586-07:00,-22000,32000,4725.9899999999998,4726.29,4726.0699999999997,4726.3100000000004,,
2026-04-26T21:38:18.0444222-07:00,-15000,39999,4726.0200000000004,4726.3299999999999,4726.1800000000003,4726.4200000000001,,
2026-04-26T21:38:18.0783139-07:00,-15000,39999,4726.0200000000004,4726.3299999999999,4726.1800000000003,4726.4200000000001,,
2026-04-26T21:38:18.1260526-07:00,-15000,39999,4726.0200000000004,4726.3299999999999,4726.1800000000003,4726.4200000000001,,
2026-04-26T21:38:18.1720683-07:00,-10000,43999,4726.0200000000004,4726.3299999999999,4726.2299999999996,4726.46,,
2026-04-26T21:38:18.2188008-07:00,-21000,33000,4726.1300000000001,4726.4399999999996,4726.2299999999996,4726.46,,
2026-04-26T21:38:18.2817056-07:00,-21000,33000,4726.1300000000001,4726.4399999999996,4726.2299999999996,4726.46,,
2026-04-26T21:38:18.3281508-07:00,-21000,33000,4726.1300000000001,4726.4399999999996,4726.2299999999996,4726.46,,
2026-04-26T21:38:18.3760268-07:00,-21000,33000,4726.1300000000001,4726.4399999999996,4726.2299999999996,4726.46,,
2026-04-26T21:38:18.4223260-07:00,-25000,31999,4726.1400000000003,4726.4799999999996,4726.2299999999996,4726.46,,
2026-04-26T21:38:18.4689401-07:00,-25000,31999,4726.1400000000003,4726.4799999999996,4726.2299999999996,4726.46,,
2026-04-26T21:38:18.5416615-07:00,-25000,31999,4726.1400000000003,4726.4799999999996,4726.2299999999996,4726.46,,
2026-04-26T21:38:18.5784591-07:00,-25000,31999,4726.1400000000003,4726.4799999999996,4726.2299999999996,4726.46,,
2026-04-26T21:38:18.6298040-07:00,-23999,32999,4726.1400000000003,4726.4799999999996,4726.2399999999998,4726.4700000000003,,
2026-04-26T21:38:18.6723181-07:00,-23999,32999,4726.1400000000003,4726.4799999999996,4726.2399999999998,4726.4700000000003,,
2026-04-26T21:38:18.7189447-07:00,-23999,32999,4726.1400000000003,4726.4799999999996,4726.2399999999998,4726.4700000000003,,
2026-04-26T21:38:18.7661214-07:00,-17999,38999,4726.1400000000003,4726.4799999999996,4726.3000000000002,4726.5299999999997,,
2026-04-26T21:38:18.8283458-07:00,-19000,36000,4726.1700000000001,4726.4899999999998,4726.3000000000002,4726.5299999999997,,
2026-04-26T21:38:18.8750298-07:00,-19000,36000,4726.1700000000001,4726.4899999999998,4726.3000000000002,4726.5299999999997,,
2026-04-26T21:38:18.9220606-07:00,-17999,35000,4726.1800000000003,4726.4799999999996,4726.3000000000002,4726.5299999999997,,
2026-04-26T21:38:18.9688420-07:00,-17999,35000,4726.1800000000003,4726.4799999999996,4726.3000000000002,4726.5299999999997,,
2026-04-26T21:38:19.0315286-07:00,-17999,35000,4726.1800000000003,4726.4799999999996,4726.3000000000002,4726.5299999999997,,
2026-04-26T21:38:19.0781557-07:00,-17999,35000,4726.1800000000003,4726.4799999999996,4726.3000000000002,4726.5299999999997,,
2026-04-26T21:38:19.1264717-07:00,-17999,35000,4726.1800000000003,4726.4799999999996,4726.3000000000002,4726.5299999999997,,
2026-04-26T21:38:19.1723440-07:00,-17999,36000,4726.1800000000003,4726.4799999999996,4726.3000000000002,4726.54,,
2026-04-26T21:38:19.2190852-07:00,-17999,36000,4726.1800000000003,4726.4799999999996,4726.3000000000002,4726.54,,
2026-04-26T21:38:19.2665842-07:00,-17999,36000,4726.1800000000003,4726.4799999999996,4726.3000000000002,4726.54,,
2026-04-26T21:38:19.3284808-07:00,-17999,35000,4726.1800000000003,4726.4799999999996,4726.3000000000002,4726.5299999999997,,
2026-04-26T21:38:19.3749912-07:00,-17999,35000,4726.1800000000003,4726.4799999999996,4726.3000000000002,4726.5299999999997,,
2026-04-26T21:38:19.4230605-07:00,-16999,36000,4726.1800000000003,4726.4799999999996,4726.3100000000004,4726.54,,
2026-04-26T21:38:19.4687403-07:00,-16999,36000,4726.1800000000003,4726.4799999999996,4726.3100000000004,4726.54,,
2026-04-26T21:38:19.5217734-07:00,-25999,29000,4726.25,4726.5699999999997,4726.3100000000004,4726.54,,
2026-04-26T21:38:19.5782253-07:00,-25999,29000,4726.25,4726.5699999999997,4726.3100000000004,4726.54,,
2026-04-26T21:38:19.6250380-07:00,-25999,29000,4726.25,4726.5699999999997,4726.3100000000004,4726.54,,
2026-04-26T21:38:19.6721110-07:00,-25999,29000,4726.25,4726.5699999999997,4726.3100000000004,4726.54,,
2026-04-26T21:38:19.7189760-07:00,-25999,29000,4726.25,4726.5699999999997,4726.3100000000004,4726.54,,
2026-04-26T21:38:19.7910286-07:00,-25999,29000,4726.25,4726.5699999999997,4726.3100000000004,4726.54,,
2026-04-26T21:38:19.8282210-07:00,-25999,29000,4726.25,4726.5699999999997,4726.3100000000004,4726.54,,
2026-04-26T21:38:19.8759217-07:00,-25999,29000,4726.25,4726.5699999999997,4726.3100000000004,4726.54,,
2026-04-26T21:38:19.9220539-07:00,-25999,29000,4726.25,4726.5699999999997,4726.3100000000004,4726.54,,
2026-04-26T21:38:19.9688154-07:00,-25999,29000,4726.25,4726.5699999999997,4726.3100000000004,4726.54,,
2026-04-26T21:38:20.0326894-07:00,-25999,29000,4726.25,4726.5699999999997,4726.3100000000004,4726.54,,
2026-04-26T21:38:20.0805519-07:00,-25999,29000,4726.25,4726.5699999999997,4726.3100000000004,4726.54,,
2026-04-26T21:38:20.1250140-07:00,-25999,29000,4726.25,4726.5699999999997,4726.3100000000004,4726.54,,
2026-04-26T21:38:20.1732875-07:00,-25000,29000,4726.25,4726.5699999999997,4726.3199999999997,4726.54,,
2026-04-26T21:38:20.2195836-07:00,-25000,29000,4726.25,4726.5699999999997,4726.3199999999997,4726.54,,
2026-04-26T21:38:20.2657780-07:00,-32000,22000,4726.25,4726.5699999999997,4726.25,4726.4700000000003,,
2026-04-26T21:38:20.3282467-07:00,-29000,25000,4726.2200000000003,4726.54,4726.25,4726.4700000000003,,
2026-04-26T21:38:20.3750990-07:00,-29000,25000,4726.2200000000003,4726.54,4726.25,4726.4700000000003,,
2026-04-26T21:38:20.4221363-07:00,-29000,25000,4726.2200000000003,4726.54,4726.25,4726.4700000000003,,
2026-04-26T21:38:20.4688077-07:00,-29000,25000,4726.2200000000003,4726.54,4726.25,4726.4700000000003,,
2026-04-26T21:38:20.5448577-07:00,-29000,25000,4726.2200000000003,4726.54,4726.25,4726.4700000000003,,
2026-04-26T21:38:20.5781131-07:00,-29000,25000,4726.2200000000003,4726.54,4726.25,4726.4700000000003,,
2026-04-26T21:38:20.6271416-07:00,-30000,25000,4726.2200000000003,4726.5500000000002,4726.25,4726.4700000000003,,
2026-04-26T21:38:20.6756766-07:00,-30000,25000,4726.2200000000003,4726.5500000000002,4726.25,4726.4700000000003,,
2026-04-26T21:38:20.7187966-07:00,-30000,25000,4726.2200000000003,4726.5500000000002,4726.25,4726.4700000000003,,
2026-04-26T21:38:20.7813628-07:00,-27000,27000,4726.1999999999998,4726.5200000000004,4726.25,4726.4700000000003,,
2026-04-26T21:38:20.8282473-07:00,-27000,27000,4726.1999999999998,4726.5200000000004,4726.25,4726.4700000000003,,
2026-04-26T21:38:20.8766127-07:00,-27000,27000,4726.1999999999998,4726.5200000000004,4726.25,4726.4700000000003,,
2026-04-26T21:38:20.9220478-07:00,-27000,27000,4726.1999999999998,4726.5200000000004,4726.25,4726.4700000000003,,
2026-04-26T21:38:20.9688554-07:00,-27000,27000,4726.1999999999998,4726.5200000000004,4726.25,4726.4700000000003,,
2026-04-26T21:38:21.0425255-07:00,-27000,27000,4726.1999999999998,4726.5200000000004,4726.25,4726.4700000000003,,
2026-04-26T21:38:21.0783153-07:00,-27000,27000,4726.1999999999998,4726.5200000000004,4726.25,4726.4700000000003,,
2026-04-26T21:38:21.1250528-07:00,-27000,27000,4726.1999999999998,4726.5200000000004,4726.25,4726.4700000000003,,
2026-04-26T21:38:21.1720795-07:00,-26000,26000,4726.1999999999998,4726.5200000000004,4726.2600000000002,4726.46,,
2026-04-26T21:38:21.2188846-07:00,-26000,26000,4726.1999999999998,4726.5200000000004,4726.2600000000002,4726.46,,
2026-04-26T21:38:21.2818263-07:00,-26000,26000,4726.1999999999998,4726.5200000000004,4726.2600000000002,4726.46,,
2026-04-26T21:38:21.3281565-07:00,-26000,26000,4726.1999999999998,4726.5200000000004,4726.2600000000002,4726.46,,
2026-04-26T21:38:21.3759201-07:00,-26000,26000,4726.1999999999998,4726.5200000000004,4726.2600000000002,4726.46,,
2026-04-26T21:38:21.4221467-07:00,-26000,26000,4726.1999999999998,4726.5200000000004,4726.2600000000002,4726.46,,
2026-04-26T21:38:21.4688300-07:00,-26000,26000,4726.1999999999998,4726.5200000000004,4726.2600000000002,4726.46,,
2026-04-26T21:38:21.5445100-07:00,-27000,25000,4726.1999999999998,4726.5200000000004,4726.25,4726.4499999999998,,
2026-04-26T21:38:21.5781893-07:00,-27000,25000,4726.1999999999998,4726.5200000000004,4726.25,4726.4499999999998,,
2026-04-26T21:38:21.6259429-07:00,-27000,25000,4726.1999999999998,4726.5200000000004,4726.25,4726.4499999999998,,
2026-04-26T21:38:21.6720798-07:00,-27000,25000,4726.1999999999998,4726.5200000000004,4726.25,4726.4499999999998,,
2026-04-26T21:38:21.7189089-07:00,-27000,25000,4726.1999999999998,4726.5200000000004,4726.25,4726.4499999999998,,
2026-04-26T21:38:21.7819531-07:00,-28000,24000,4726.21,4726.5299999999997,4726.25,4726.4499999999998,,
2026-04-26T21:38:21.8282629-07:00,-28000,24000,4726.21,4726.5299999999997,4726.25,4726.4499999999998,,
2026-04-26T21:38:21.8758939-07:00,-28000,24000,4726.21,4726.5299999999997,4726.25,4726.4499999999998,,
2026-04-26T21:38:21.9222640-07:00,-28000,24000,4726.21,4726.5299999999997,4726.25,4726.4499999999998,,
2026-04-26T21:38:21.9689051-07:00,-28000,24000,4726.21,4726.5299999999997,4726.25,4726.4499999999998,,
2026-04-26T21:38:22.0157796-07:00,-28000,24000,4726.21,4726.5299999999997,4726.25,4726.4499999999998,,
2026-04-26T21:38:22.0782141-07:00,-28000,24000,4726.21,4726.5299999999997,4726.25,4726.4499999999998,,
2026-04-26T21:38:22.1251710-07:00,-28000,24000,4726.21,4726.5299999999997,4726.25,4726.4499999999998,,
2026-04-26T21:38:22.1720197-07:00,-27000,22999,4726.21,4726.5299999999997,4726.2600000000002,4726.4399999999996,,
2026-04-26T21:38:22.2189502-07:00,-27000,22999,4726.21,4726.5299999999997,4726.2600000000002,4726.4399999999996,,
2026-04-26T21:38:22.2928951-07:00,-27000,22999,4726.21,4726.5299999999997,4726.2600000000002,4726.4399999999996,,
2026-04-26T21:38:22.3282241-07:00,-27000,22999,4726.21,4726.5299999999997,4726.2600000000002,4726.4399999999996,,
2026-04-26T21:38:22.3758273-07:00,-27000,22999,4726.21,4726.5299999999997,4726.2600000000002,4726.4399999999996,,
2026-04-26T21:38:22.4222268-07:00,-27000,22999,4726.21,4726.5299999999997,4726.2600000000002,4726.4399999999996,,
2026-04-26T21:38:22.4690135-07:00,-27000,22999,4726.21,4726.5299999999997,4726.2600000000002,4726.4399999999996,,
2026-04-26T21:38:22.5462269-07:00,-27000,22999,4726.21,4726.5299999999997,4726.2600000000002,4726.4399999999996,,
2026-04-26T21:38:22.5783147-07:00,-27000,22999,4726.21,4726.5299999999997,4726.2600000000002,4726.4399999999996,,
2026-04-26T21:38:22.6259317-07:00,-27000,22999,4726.21,4726.5299999999997,4726.2600000000002,4726.4399999999996,,
2026-04-26T21:38:22.6720831-07:00,-27000,22999,4726.21,4726.5299999999997,4726.2600000000002,4726.4399999999996,,
2026-04-26T21:38:22.7188902-07:00,-27000,22999,4726.21,4726.5299999999997,4726.2600000000002,4726.4399999999996,,
2026-04-26T21:38:22.7819537-07:00,-27000,22999,4726.21,4726.5299999999997,4726.2600000000002,4726.4399999999996,,
2026-04-26T21:38:22.8283408-07:00,-27000,22999,4726.21,4726.5299999999997,4726.2600000000002,4726.4399999999996,,
2026-04-26T21:38:22.8759389-07:00,-27000,22999,4726.21,4726.5299999999997,4726.2600000000002,4726.4399999999996,,
2026-04-26T21:38:22.9220877-07:00,-27000,22999,4726.21,4726.5299999999997,4726.2600000000002,4726.4399999999996,,
2026-04-26T21:38:22.9688914-07:00,-27000,22999,4726.21,4726.5299999999997,4726.2600000000002,4726.4399999999996,,
2026-04-26T21:38:23.0169426-07:00,-27000,22999,4726.21,4726.5299999999997,4726.2600000000002,4726.4399999999996,,
2026-04-26T21:38:23.0781965-07:00,-27000,22999,4726.21,4726.5299999999997,4726.2600000000002,4726.4399999999996,,
2026-04-26T21:38:23.1250681-07:00,-27000,22999,4726.21,4726.5299999999997,4726.2600000000002,4726.4399999999996,,
2026-04-26T21:38:23.1727379-07:00,-27000,22999,4726.21,4726.5299999999997,4726.2600000000002,4726.4399999999996,,
2026-04-26T21:38:23.2189212-07:00,-25000,22000,4726.21,4726.5299999999997,4726.2799999999997,4726.4300000000003,,
2026-04-26T21:38:23.2814608-07:00,-25000,22000,4726.21,4726.5299999999997,4726.2799999999997,4726.4300000000003,,
2026-04-26T21:38:23.3281953-07:00,19999,67000,4726.21,4726.5299999999997,4726.7299999999996,4726.8800000000001,,
2026-04-26T21:38:23.3751521-07:00,20999,70000,4726.1800000000003,4726.5200000000004,4726.7299999999996,4726.8800000000001,,
2026-04-26T21:38:23.4270929-07:00,22999,71999,4726.1800000000003,4726.5200000000004,4726.75,4726.8999999999996,,
2026-04-26T21:38:23.4689191-07:00,22999,71999,4726.1800000000003,4726.5200000000004,4726.75,4726.8999999999996,,
2026-04-26T21:38:23.5319046-07:00,22999,71999,4726.1800000000003,4726.5200000000004,4726.75,4726.8999999999996,,
2026-04-26T21:38:23.5781415-07:00,-14999,30999,4726.6300000000001,4726.9399999999996,4726.79,4726.9399999999996,,
2026-04-26T21:38:23.6256903-07:00,-14999,30999,4726.6300000000001,4726.9399999999996,4726.79,4726.9399999999996,,
2026-04-26T21:38:23.6764611-07:00,-17999,27000,4726.6800000000003,4726.9799999999996,4726.8000000000002,4726.9499999999998,,
2026-04-26T21:38:23.7195093-07:00,-17999,27000,4726.6800000000003,4726.9799999999996,4726.8000000000002,4726.9499999999998,,
2026-04-26T21:38:23.7832951-07:00,-17999,27000,4726.6800000000003,4726.9799999999996,4726.8000000000002,4726.9499999999998,,
2026-04-26T21:38:23.8281757-07:00,-17999,27000,4726.6800000000003,4726.9799999999996,4726.8000000000002,4726.9499999999998,,
2026-04-26T21:38:23.8751105-07:00,-24000,24000,4726.71,4727.04,4726.8000000000002,4726.9499999999998,,
2026-04-26T21:38:23.9226696-07:00,-25000,22999,4726.71,4727.04,4726.79,4726.9399999999996,,
2026-04-26T21:38:23.9688853-07:00,-25000,22999,4726.71,4727.04,4726.79,4726.9399999999996,,
2026-04-26T21:38:24.0315353-07:00,-25000,22999,4726.71,4727.04,4726.79,4726.9399999999996,,
2026-04-26T21:38:24.0787003-07:00,-22000,25000,4726.6899999999996,4727.0100000000002,4726.79,4726.9399999999996,,
2026-04-26T21:38:24.1250878-07:00,-22000,25000,4726.6899999999996,4727.0100000000002,4726.79,4726.9399999999996,,
2026-04-26T21:38:24.1774148-07:00,-21000,25000,4726.6899999999996,4727.0100000000002,4726.8000000000002,4726.9399999999996,,
2026-04-26T21:38:24.2193000-07:00,-21000,25000,4726.6899999999996,4727.0100000000002,4726.8000000000002,4726.9399999999996,,
2026-04-26T21:38:24.2825026-07:00,-22000,25999,4726.6800000000003,4727.0200000000004,4726.8000000000002,4726.9399999999996,,
2026-04-26T21:38:24.3283819-07:00,10999,59000,4726.6800000000003,4727.0200000000004,4727.1300000000001,4727.2700000000004,,
2026-04-26T21:38:24.3751524-07:00,10999,59000,4726.6800000000003,4727.0200000000004,4727.1300000000001,4727.2700000000004,,
2026-04-26T21:38:24.4222930-07:00,10999,59000,4726.6800000000003,4727.0200000000004,4727.1300000000001,4727.2700000000004,,
2026-04-26T21:38:24.4690940-07:00,-12000,34000,4726.9300000000003,4727.25,4727.1300000000001,4727.2700000000004,,
2026-04-26T21:38:24.5320417-07:00,-12000,34000,4726.9300000000003,4727.25,4727.1300000000001,4727.2700000000004,,
2026-04-26T21:38:24.5785259-07:00,-21000,25000,4727.0100000000002,4727.3299999999999,4727.1199999999999,4727.2600000000002,,
2026-04-26T21:38:24.6251967-07:00,-21000,25000,4727.0100000000002,4727.3299999999999,4727.1199999999999,4727.2600000000002,,
2026-04-26T21:38:24.6721770-07:00,-21000,25000,4727.0100000000002,4727.3299999999999,4727.1199999999999,4727.2600000000002,,
2026-04-26T21:38:24.7189754-07:00,-21000,25000,4727.0100000000002,4727.3299999999999,4727.1199999999999,4727.2600000000002,,
2026-04-26T21:38:24.7660426-07:00,-21000,25000,4727.0100000000002,4727.3299999999999,4727.1199999999999,4727.2600000000002,,
2026-04-26T21:38:24.8284752-07:00,-21000,25000,4727.0100000000002,4727.3299999999999,4727.1199999999999,4727.2600000000002,,
2026-04-26T21:38:24.8757874-07:00,-21000,25000,4727.0100000000002,4727.3299999999999,4727.1199999999999,4727.2600000000002,,
2026-04-26T21:38:24.9219975-07:00,-21000,25000,4727.0100000000002,4727.3299999999999,4727.1199999999999,4727.2600000000002,,
2026-04-26T21:38:24.9689794-07:00,-21000,25000,4727.0100000000002,4727.3299999999999,4727.1199999999999,4727.2600000000002,,
2026-04-26T21:38:25.0319753-07:00,-21000,25000,4727.0100000000002,4727.3299999999999,4727.1199999999999,4727.2600000000002,,
2026-04-26T21:38:25.0782695-07:00,-21000,25000,4727.0100000000002,4727.3299999999999,4727.1199999999999,4727.2600000000002,,
2026-04-26T21:38:25.1250536-07:00,-21000,25000,4727.0100000000002,4727.3299999999999,4727.1199999999999,4727.2600000000002,,
2026-04-26T21:38:25.1726418-07:00,-21000,25000,4727.0100000000002,4727.3299999999999,4727.1199999999999,4727.2600000000002,,
2026-04-26T21:38:25.2187802-07:00,-26000,29000,4727.0100000000002,4727.3299999999999,4727.0699999999997,4727.3000000000002,,
2026-04-26T21:38:25.2813466-07:00,-25000,29000,4727.0100000000002,4727.3199999999997,4727.0699999999997,4727.3000000000002,,
2026-04-26T21:38:25.3282562-07:00,-25000,29000,4727.0100000000002,4727.3199999999997,4727.0699999999997,4727.3000000000002,,
2026-04-26T21:38:25.3752904-07:00,-25000,29000,4727.0100000000002,4727.3199999999997,4727.0699999999997,4727.3000000000002,,
2026-04-26T21:38:25.4223258-07:00,-25000,29000,4727.0100000000002,4727.3199999999997,4727.0699999999997,4727.3000000000002,,
2026-04-26T21:38:25.4687666-07:00,-25000,29000,4727.0100000000002,4727.3199999999997,4727.0699999999997,4727.3000000000002,,
2026-04-26T21:38:25.5457788-07:00,-25000,29000,4727.0100000000002,4727.3199999999997,4727.0699999999997,4727.3000000000002,,
2026-04-26T21:38:25.5785326-07:00,-42000,12000,4727.0100000000002,4727.3199999999997,4726.8999999999996,4727.1300000000001,,
2026-04-26T21:38:25.6252143-07:00,-42000,12000,4727.0100000000002,4727.3199999999997,4726.8999999999996,4727.1300000000001,,
2026-04-26T21:38:25.6727376-07:00,-42000,12000,4727.0100000000002,4727.3199999999997,4726.8999999999996,4727.1300000000001,,
2026-04-26T21:38:25.7186924-07:00,-52000,2000,4727.0100000000002,4727.3199999999997,4726.8000000000002,4727.0299999999997,,
2026-04-26T21:38:25.7658104-07:00,-52000,2000,4727.0100000000002,4727.3199999999997,4726.8000000000002,4727.0299999999997,,
2026-04-26T21:38:25.8283369-07:00,-35999,19000,4726.8299999999999,4727.1499999999996,4726.79,4727.0200000000004,,
2026-04-26T21:38:25.8751091-07:00,-25000,30000,4726.7200000000003,4727.04,4726.79,4727.0200000000004,,
2026-04-26T21:38:25.9249940-07:00,-25000,30000,4726.7200000000003,4727.04,4726.79,4727.0200000000004,,
2026-04-26T21:38:25.9690764-07:00,-7000,48000,4726.7200000000003,4727.04,4726.9700000000003,4727.1999999999998,,
2026-04-26T21:38:26.0315641-07:00,-7000,49000,4726.71,4727.04,4726.9700000000003,4727.1999999999998,,
2026-04-26T21:38:26.0784173-07:00,-30000,26000,4726.9399999999996,4727.2700000000004,4726.9700000000003,4727.1999999999998,,
2026-04-26T21:38:26.1250871-07:00,-29000,27000,4726.9399999999996,4727.2700000000004,4726.9799999999996,4727.21,,
2026-04-26T21:38:26.1763308-07:00,-29000,27000,4726.9399999999996,4727.2700000000004,4726.9799999999996,4727.21,,
2026-04-26T21:38:26.2190114-07:00,-29000,27000,4726.9399999999996,4727.2700000000004,4726.9799999999996,4727.21,,
2026-04-26T21:38:26.2814449-07:00,-30000,26000,4726.9399999999996,4727.2700000000004,4726.9700000000003,4727.1999999999998,,
2026-04-26T21:38:26.3283666-07:00,-33000,23000,4726.9399999999996,4727.2700000000004,4726.9399999999996,4727.1700000000001,,
2026-04-26T21:38:26.3751457-07:00,-30000,24000,4726.9300000000003,4727.2399999999998,4726.9399999999996,4727.1700000000001,,
2026-04-26T21:38:26.4220201-07:00,-30000,24000,4726.9300000000003,4727.2399999999998,4726.9399999999996,4727.1700000000001,,
2026-04-26T21:38:26.4688440-07:00,-30000,24000,4726.9300000000003,4727.2399999999998,4726.9399999999996,4727.1700000000001,,
2026-04-26T21:38:26.5319817-07:00,-30000,24000,4726.9300000000003,4727.2399999999998,4726.9399999999996,4727.1700000000001,,
2026-04-26T21:38:26.5781921-07:00,-27000,30000,4726.8699999999999,4727.21,4726.9399999999996,4727.1700000000001,,
2026-04-26T21:38:26.6253948-07:00,-27000,30000,4726.8699999999999,4727.21,4726.9399999999996,4727.1700000000001,,
2026-04-26T21:38:26.6720132-07:00,-27000,30000,4726.8699999999999,4727.21,4726.9399999999996,4727.1700000000001,,
2026-04-26T21:38:26.7189184-07:00,-27000,30000,4726.8699999999999,4727.21,4726.9399999999996,4727.1700000000001,,
2026-04-26T21:38:26.7823235-07:00,-27000,30000,4726.8699999999999,4727.21,4726.9399999999996,4727.1700000000001,,
2026-04-26T21:38:26.8285235-07:00,-27000,30000,4726.8699999999999,4727.21,4726.9399999999996,4727.1700000000001,,
2026-04-26T21:38:26.8750669-07:00,-28000,30000,4726.8699999999999,4727.21,4726.9300000000003,4727.1700000000001,,
2026-04-26T21:38:26.9221400-07:00,-28000,30000,4726.8699999999999,4727.21,4726.9300000000003,4727.1700000000001,,
2026-04-26T21:38:26.9693823-07:00,-29000,29000,4726.8699999999999,4727.21,4726.9200000000001,4727.1599999999999,,
2026-04-26T21:38:27.0313280-07:00,-29000,29000,4726.8699999999999,4727.21,4726.9200000000001,4727.1599999999999,,
2026-04-26T21:38:27.0785178-07:00,-29000,29000,4726.8699999999999,4727.21,4726.9200000000001,4727.1599999999999,,
2026-04-26T21:38:27.1255794-07:00,-29000,29000,4726.8699999999999,4727.21,4726.9200000000001,4727.1599999999999,,
2026-04-26T21:38:27.1805582-07:00,-29000,29000,4726.8699999999999,4727.21,4726.9200000000001,4727.1599999999999,,
2026-04-26T21:38:27.2196135-07:00,-29000,29000,4726.8699999999999,4727.21,4726.9200000000001,4727.1599999999999,,
2026-04-26T21:38:27.2818036-07:00,-29000,29000,4726.8699999999999,4727.21,4726.9200000000001,4727.1599999999999,,
2026-04-26T21:38:27.3282322-07:00,-29000,29000,4726.8699999999999,4727.21,4726.9200000000001,4727.1599999999999,,
2026-04-26T21:38:27.3761386-07:00,-29000,29000,4726.8699999999999,4727.21,4726.9200000000001,4727.1599999999999,,
2026-04-26T21:38:27.4221952-07:00,-29000,29000,4726.8699999999999,4727.21,4726.9200000000001,4727.1599999999999,,
2026-04-26T21:38:27.4688672-07:00,-29000,29000,4726.8699999999999,4727.21,4726.9200000000001,4727.1599999999999,,
2026-04-26T21:38:27.5157583-07:00,-26000,28000,4726.8800000000001,4727.1800000000003,4726.9200000000001,4727.1599999999999,,
2026-04-26T21:38:27.5782195-07:00,-26000,28000,4726.8800000000001,4727.1800000000003,4726.9200000000001,4727.1599999999999,,
2026-04-26T21:38:27.6251584-07:00,-22000,32000,4726.8800000000001,4727.1800000000003,4726.96,4727.1999999999998,,
2026-04-26T21:38:27.6723136-07:00,-22000,32000,4726.8800000000001,4727.1800000000003,4726.96,4727.1999999999998,,
2026-04-26T21:38:27.7190469-07:00,-25000,30000,4726.9200000000001,4727.2299999999996,4726.9799999999996,4727.2200000000003,,
2026-04-26T21:38:27.7820523-07:00,-25000,30000,4726.9200000000001,4727.2299999999996,4726.9799999999996,4727.2200000000003,,
2026-04-26T21:38:27.8284548-07:00,-25000,30000,4726.9200000000001,4727.2299999999996,4726.9799999999996,4727.2200000000003,,
2026-04-26T21:38:27.8761855-07:00,-25000,30000,4726.9200000000001,4727.2299999999996,4726.9799999999996,4727.2200000000003,,
2026-04-26T21:38:27.9220447-07:00,-26000,29000,4726.9300000000003,4727.2399999999998,4726.9799999999996,4727.2200000000003,,
2026-04-26T21:38:27.9695088-07:00,-26000,29000,4726.9300000000003,4727.2399999999998,4726.9799999999996,4727.2200000000003,,
2026-04-26T21:38:28.0316992-07:00,-21999,33000,4726.9300000000003,4727.2399999999998,4727.0200000000004,4727.2600000000002,,
2026-04-26T21:38:28.0783971-07:00,-21999,33000,4726.9300000000003,4727.2399999999998,4727.0200000000004,4727.2600000000002,,
2026-04-26T21:38:28.1251740-07:00,-29000,25999,4726.9700000000003,4727.2799999999997,4726.9899999999998,4727.2299999999996,,
2026-04-26T21:38:28.1721431-07:00,-29000,25999,4726.9700000000003,4727.2799999999997,4726.9899999999998,4727.2299999999996,,
2026-04-26T21:38:28.2190650-07:00,-29000,25999,4726.9700000000003,4727.2799999999997,4726.9899999999998,4727.2299999999996,,
2026-04-26T21:38:28.2815184-07:00,-29000,25999,4726.9700000000003,4727.2799999999997,4726.9899999999998,4727.2299999999996,,
2026-04-26T21:38:28.3282070-07:00,-25000,30999,4726.9200000000001,4727.2399999999998,4726.9899999999998,4727.2299999999996,,
2026-04-26T21:38:28.3756313-07:00,-25000,30999,4726.9200000000001,4727.2399999999998,4726.9899999999998,4727.2299999999996,,
2026-04-26T21:38:28.4219416-07:00,-25000,30999,4726.9200000000001,4727.2399999999998,4726.9899999999998,4727.2299999999996,,
2026-04-26T21:38:28.4695324-07:00,-25000,30999,4726.9200000000001,4727.2399999999998,4726.9899999999998,4727.2299999999996,,
2026-04-26T21:38:28.5156940-07:00,-25000,30999,4726.9200000000001,4727.2399999999998,4726.9899999999998,4727.2299999999996,,
2026-04-26T21:38:28.5783069-07:00,-25000,30999,4726.9200000000001,4727.2399999999998,4726.9899999999998,4727.2299999999996,,
2026-04-26T21:38:28.6250846-07:00,-25000,30999,4726.9200000000001,4727.2399999999998,4726.9899999999998,4727.2299999999996,,
2026-04-26T21:38:28.6720956-07:00,-25000,30999,4726.9200000000001,4727.2399999999998,4726.9899999999998,4727.2299999999996,,
2026-04-26T21:38:28.7188846-07:00,-25000,30999,4726.9200000000001,4727.2399999999998,4726.9899999999998,4727.2299999999996,,
2026-04-26T21:38:28.7823299-07:00,-25000,30999,4726.9200000000001,4727.2399999999998,4726.9899999999998,4727.2299999999996,,
2026-04-26T21:38:28.8282953-07:00,-25000,30999,4726.9200000000001,4727.2399999999998,4726.9899999999998,4727.2299999999996,,
2026-04-26T21:38:28.8753413-07:00,-25000,30999,4726.9200000000001,4727.2399999999998,4726.9899999999998,4727.2299999999996,,
2026-04-26T21:38:28.9226104-07:00,-25000,30999,4726.9200000000001,4727.2399999999998,4726.9899999999998,4727.2299999999996,,
2026-04-26T21:38:28.9695328-07:00,-25000,30999,4726.9200000000001,4727.2399999999998,4726.9899999999998,4727.2299999999996,,
2026-04-26T21:38:29.0317552-07:00,-24000,30000,4726.9499999999998,4727.25,4727.0100000000002,4727.25,,
2026-04-26T21:38:29.0782058-07:00,-24000,30000,4726.9499999999998,4727.25,4727.0100000000002,4727.25,,
2026-04-26T21:38:29.1260563-07:00,-24000,29000,4726.9499999999998,4727.25,4727.0100000000002,4727.2399999999998,,
2026-04-26T21:38:29.1720736-07:00,-24000,29000,4726.9499999999998,4727.25,4727.0100000000002,4727.2399999999998,,
2026-04-26T21:38:29.2189670-07:00,-24000,29000,4726.9499999999998,4727.25,4727.0100000000002,4727.2399999999998,,
2026-04-26T21:38:29.2819735-07:00,-24000,29000,4726.9499999999998,4727.25,4727.0100000000002,4727.2399999999998,,
2026-04-26T21:38:29.3283880-07:00,-24000,29000,4726.9499999999998,4727.25,4727.0100000000002,4727.2399999999998,,
2026-04-26T21:38:29.3749507-07:00,-24000,29000,4726.9499999999998,4727.25,4727.0100000000002,4727.2399999999998,,
2026-04-26T21:38:29.4219930-07:00,-24000,29000,4726.9499999999998,4727.25,4727.0100000000002,4727.2399999999998,,
2026-04-26T21:38:29.4697726-07:00,-24000,29000,4726.9499999999998,4727.25,4727.0100000000002,4727.2399999999998,,
2026-04-26T21:38:29.5315596-07:00,-26000,29000,4726.9499999999998,4727.2700000000004,4727.0100000000002,4727.2399999999998,,
2026-04-26T21:38:29.5780610-07:00,-26000,29000,4726.9499999999998,4727.2700000000004,4727.0100000000002,4727.2399999999998,,
2026-04-26T21:38:29.6253509-07:00,-26000,29000,4726.9499999999998,4727.2700000000004,4727.0100000000002,4727.2399999999998,,
2026-04-26T21:38:29.6718278-07:00,-26000,29000,4726.9499999999998,4727.2700000000004,4727.0100000000002,4727.2399999999998,,
2026-04-26T21:38:29.7188763-07:00,-26000,29000,4726.9499999999998,4727.2700000000004,4727.0100000000002,4727.2399999999998,,
2026-04-26T21:38:29.7812771-07:00,-26000,29000,4726.9499999999998,4727.2700000000004,4727.0100000000002,4727.2399999999998,,
2026-04-26T21:38:29.8283109-07:00,-26000,29000,4726.9499999999998,4727.2700000000004,4727.0100000000002,4727.2399999999998,,
2026-04-26T21:38:29.8753779-07:00,-26000,29000,4726.9499999999998,4727.2700000000004,4727.0100000000002,4727.2399999999998,,
2026-04-26T21:38:29.9220579-07:00,-26000,29000,4726.9499999999998,4727.2700000000004,4727.0100000000002,4727.2399999999998,,
2026-04-26T21:38:29.9690683-07:00,-26000,29000,4726.9499999999998,4727.2700000000004,4727.0100000000002,4727.2399999999998,,
2026-04-26T21:38:30.0320102-07:00,-26000,29000,4726.9499999999998,4727.2700000000004,4727.0100000000002,4727.2399999999998,,
2026-04-26T21:38:30.0786151-07:00,-26000,29000,4726.9499999999998,4727.2700000000004,4727.0100000000002,4727.2399999999998,,
2026-04-26T21:38:30.1261711-07:00,-25000,31000,4726.9499999999998,4727.2700000000004,4727.0200000000004,4727.2600000000002,,
2026-04-26T21:38:30.1723823-07:00,-25000,31000,4726.9499999999998,4727.2700000000004,4727.0200000000004,4727.2600000000002,,
2026-04-26T21:38:30.2193914-07:00,-25000,31000,4726.9499999999998,4727.2700000000004,4727.0200000000004,4727.2600000000002,,
2026-04-26T21:38:30.2657311-07:00,-25000,31000,4726.9499999999998,4727.2700000000004,4727.0200000000004,4727.2600000000002,,
2026-04-26T21:38:30.3283182-07:00,-25000,31000,4726.9499999999998,4727.2700000000004,4727.0200000000004,4727.2600000000002,,
2026-04-26T21:38:30.3757891-07:00,-26000,30000,4726.9499999999998,4727.2700000000004,4727.0100000000002,4727.25,,
2026-04-26T21:38:30.4226213-07:00,-31000,24000,4727.0100000000002,4727.3199999999997,4727.0100000000002,4727.25,,
2026-04-26T21:38:30.4698249-07:00,-31000,24000,4727.0100000000002,4727.3199999999997,4727.0100000000002,4727.25,,
2026-04-26T21:38:30.5453746-07:00,-31000,24000,4727.0100000000002,4727.3199999999997,4727.0100000000002,4727.25,,
2026-04-26T21:38:30.5783281-07:00,-31000,24000,4727.0100000000002,4727.3199999999997,4727.0100000000002,4727.25,,
2026-04-26T21:38:30.6265697-07:00,-31000,24000,4727.0100000000002,4727.3199999999997,4727.0100000000002,4727.25,,
2026-04-26T21:38:30.6724334-07:00,-31000,24000,4727.0100000000002,4727.3199999999997,4727.0100000000002,4727.25,,
2026-04-26T21:38:30.7191659-07:00,-25000,31000,4726.9399999999996,4727.2600000000002,4727.0100000000002,4727.25,,
2026-04-26T21:38:30.7816916-07:00,-25000,31000,4726.9399999999996,4727.2600000000002,4727.0100000000002,4727.25,,
2026-04-26T21:38:30.8285297-07:00,-25000,31000,4726.9399999999996,4727.2600000000002,4727.0100000000002,4727.25,,
2026-04-26T21:38:30.8752965-07:00,-42000,11000,4726.9399999999996,4727.2600000000002,4726.8400000000001,4727.0500000000002,,
2026-04-26T21:38:30.9222195-07:00,-42000,9000,4726.96,4727.2600000000002,4726.8400000000001,4727.0500000000002,,
2026-04-26T21:38:30.9694463-07:00,-42000,9000,4726.96,4727.2600000000002,4726.8400000000001,4727.0500000000002,,
2026-04-26T21:38:31.0329907-07:00,-24000,30000,4726.75,4727.0799999999999,4726.8400000000001,4727.0500000000002,,
2026-04-26T21:38:31.0783371-07:00,-24000,30000,4726.75,4727.0799999999999,4726.8400000000001,4727.0500000000002,,
2026-04-26T21:38:31.1252196-07:00,-24000,29000,4726.75,4727.0799999999999,4726.8400000000001,4727.04,,
2026-04-26T21:38:31.1722133-07:00,-24000,29000,4726.75,4727.0799999999999,4726.8400000000001,4727.04,,
2026-04-26T21:38:31.2195341-07:00,-24000,29000,4726.75,4727.0799999999999,4726.8400000000001,4727.04,,
2026-04-26T21:38:31.2657029-07:00,-24000,26999,4726.7700000000004,4727.0799999999999,4726.8400000000001,4727.04,,
2026-04-26T21:38:31.3284050-07:00,-24000,26999,4726.7700000000004,4727.0799999999999,4726.8400000000001,4727.04,,
2026-04-26T21:38:31.3751519-07:00,-24000,26999,4726.7700000000004,4727.0799999999999,4726.8400000000001,4727.04,,
2026-04-26T21:38:31.4222897-07:00,-24000,26999,4726.7700000000004,4727.0799999999999,4726.8400000000001,4727.04,,
2026-04-26T21:38:31.4689722-07:00,-24000,26999,4726.7700000000004,4727.0799999999999,4726.8400000000001,4727.04,,
2026-04-26T21:38:31.5331762-07:00,-24000,26999,4726.7700000000004,4727.0799999999999,4726.8400000000001,4727.04,,
2026-04-26T21:38:31.5787075-07:00,-24000,26999,4726.7700000000004,4727.0799999999999,4726.8400000000001,4727.04,,
2026-04-26T21:38:31.6259150-07:00,-24000,26999,4726.7700000000004,4727.0799999999999,4726.8400000000001,4727.04,,
2026-04-26T21:38:31.6721340-07:00,-24000,26999,4726.7700000000004,4727.0799999999999,4726.8400000000001,4727.04,,
2026-04-26T21:38:31.7191199-07:00,-24000,26999,4726.7700000000004,4727.0799999999999,4726.8400000000001,4727.04,,
2026-04-26T21:38:31.7823973-07:00,-24000,28000,4726.7600000000002,4727.0799999999999,4726.8400000000001,4727.04,,
2026-04-26T21:38:31.8283065-07:00,-24000,28000,4726.7600000000002,4727.0799999999999,4726.8400000000001,4727.04,,
2026-04-26T21:38:31.8753728-07:00,-24000,28000,4726.7600000000002,4727.0799999999999,4726.8400000000001,4727.04,,
2026-04-26T21:38:31.9226286-07:00,-24000,28000,4726.7600000000002,4727.0799999999999,4726.8400000000001,4727.04,,
2026-04-26T21:38:31.9689018-07:00,-24000,28000,4726.7600000000002,4727.0799999999999,4726.8400000000001,4727.04,,
2026-04-26T21:38:32.0323449-07:00,-24000,28000,4726.7600000000002,4727.0799999999999,4726.8400000000001,4727.04,,
2026-04-26T21:38:32.0782432-07:00,-24000,28000,4726.7600000000002,4727.0799999999999,4726.8400000000001,4727.04,,
2026-04-26T21:38:32.1286929-07:00,-25000,28000,4726.7600000000002,4727.0799999999999,4726.8299999999999,4727.04,,
2026-04-26T21:38:32.1721290-07:00,-25000,28000,4726.7600000000002,4727.0799999999999,4726.8299999999999,4727.04,,
2026-04-26T21:38:32.2189455-07:00,-25000,28000,4726.7600000000002,4727.0799999999999,4726.8299999999999,4727.04,,
2026-04-26T21:38:32.2817961-07:00,-25000,28000,4726.7600000000002,4727.0799999999999,4726.8299999999999,4727.04,,
2026-04-26T21:38:32.3281824-07:00,-25000,28000,4726.7600000000002,4727.0799999999999,4726.8299999999999,4727.04,,
2026-04-26T21:38:32.3760157-07:00,-25000,28000,4726.7600000000002,4727.0799999999999,4726.8299999999999,4727.04,,
2026-04-26T21:38:32.4225903-07:00,-25000,28000,4726.7600000000002,4727.0799999999999,4726.8299999999999,4727.04,,
2026-04-26T21:38:32.4689719-07:00,-25000,28000,4726.7600000000002,4727.0799999999999,4726.8299999999999,4727.04,,
2026-04-26T21:38:32.5340382-07:00,-25000,28000,4726.7600000000002,4727.0799999999999,4726.8299999999999,4727.04,,
2026-04-26T21:38:32.5783751-07:00,-25000,28000,4726.7600000000002,4727.0799999999999,4726.8299999999999,4727.04,,
2026-04-26T21:38:32.6257618-07:00,-25000,28000,4726.7600000000002,4727.0799999999999,4726.8299999999999,4727.04,,
2026-04-26T21:38:32.6721622-07:00,-25000,28000,4726.7600000000002,4727.0799999999999,4726.8299999999999,4727.04,,
2026-04-26T21:38:32.7189407-07:00,-25000,28000,4726.7600000000002,4727.0799999999999,4726.8299999999999,4727.04,,
2026-04-26T21:38:32.7930856-07:00,-25000,28000,4726.7600000000002,4727.0799999999999,4726.8299999999999,4727.04,,
2026-04-26T21:38:32.8282515-07:00,-25000,28000,4726.7600000000002,4727.0799999999999,4726.8299999999999,4727.04,,
2026-04-26T21:38:32.8752069-07:00,-25000,28000,4726.7600000000002,4727.0799999999999,4726.8299999999999,4727.04,,
2026-04-26T21:38:32.9220964-07:00,-24000,29000,4726.7600000000002,4727.0799999999999,4726.8400000000001,4727.0500000000002,,
2026-04-26T21:38:32.9689532-07:00,-24000,29000,4726.7600000000002,4727.0799999999999,4726.8400000000001,4727.0500000000002,,
2026-04-26T21:38:33.0159592-07:00,-24000,29000,4726.7600000000002,4727.0799999999999,4726.8400000000001,4727.0500000000002,,
2026-04-26T21:38:33.0786424-07:00,-24000,29000,4726.7600000000002,4727.0799999999999,4726.8400000000001,4727.0500000000002,,
2026-04-26T21:38:33.1258741-07:00,-24000,29000,4726.7600000000002,4727.0799999999999,4726.8400000000001,4727.0500000000002,,
2026-04-26T21:38:33.1725427-07:00,-22999,28000,4726.7600000000002,4727.0799999999999,4726.8500000000004,4727.04,,
2026-04-26T21:38:33.2189120-07:00,-22999,28000,4726.7600000000002,4727.0799999999999,4726.8500000000004,4727.04,,
2026-04-26T21:38:33.2823883-07:00,-21000,30000,4726.7399999999998,4727.0600000000004,4726.8500000000004,4727.04,,
2026-04-26T21:38:33.3281930-07:00,-21000,30000,4726.7399999999998,4727.0600000000004,4726.8500000000004,4727.04,,
2026-04-26T21:38:33.3758556-07:00,-21000,30000,4726.7399999999998,4727.0600000000004,4726.8500000000004,4727.04,,
2026-04-26T21:38:33.4221400-07:00,-15000,36000,4726.7399999999998,4727.0600000000004,4726.9099999999999,4727.1000000000004,,
2026-04-26T21:38:33.4696988-07:00,-23999,28000,4726.8199999999997,4727.1499999999996,4726.9099999999999,4727.1000000000004,,
2026-04-26T21:38:33.5323773-07:00,-23999,28000,4726.8199999999997,4727.1499999999996,4726.9099999999999,4727.1000000000004,,
2026-04-26T21:38:33.5784010-07:00,-23999,28000,4726.8199999999997,4727.1499999999996,4726.9099999999999,4727.1000000000004,,
2026-04-26T21:38:33.6261267-07:00,-23999,28000,4726.8199999999997,4727.1499999999996,4726.9099999999999,4727.1000000000004,,
2026-04-26T21:38:33.6732070-07:00,-23000,28000,4726.8199999999997,4727.1400000000003,4726.9099999999999,4727.1000000000004,,
2026-04-26T21:38:33.7189645-07:00,-23000,28000,4726.8199999999997,4727.1400000000003,4726.9099999999999,4727.1000000000004,,
2026-04-26T21:38:33.7818741-07:00,-23000,28000,4726.8199999999997,4727.1400000000003,4726.9099999999999,4727.1000000000004,,
2026-04-26T21:38:33.8326487-07:00,-23000,28000,4726.8199999999997,4727.1400000000003,4726.9099999999999,4727.1000000000004,,
2026-04-26T21:38:33.8754689-07:00,-23000,28000,4726.8199999999997,4727.1400000000003,4726.9099999999999,4727.1000000000004,,
2026-04-26T21:38:33.9223576-07:00,-23000,28000,4726.8199999999997,4727.1400000000003,4726.9099999999999,4727.1000000000004,,
2026-04-26T21:38:33.9688557-07:00,-23000,28000,4726.8199999999997,4727.1400000000003,4726.9099999999999,4727.1000000000004,,
2026-04-26T21:38:34.0159662-07:00,-23000,28000,4726.8199999999997,4727.1400000000003,4726.9099999999999,4727.1000000000004,,
2026-04-26T21:38:34.0802259-07:00,-23000,28000,4726.8199999999997,4727.1400000000003,4726.9099999999999,4727.1000000000004,,
2026-04-26T21:38:34.1252034-07:00,-23000,28000,4726.8199999999997,4727.1400000000003,4726.9099999999999,4727.1000000000004,,
2026-04-26T21:38:34.1723575-07:00,-22000,27000,4726.8199999999997,4727.1400000000003,4726.9200000000001,4727.0900000000001,,
2026-04-26T21:38:34.2189611-07:00,-22000,27000,4726.8199999999997,4727.1400000000003,4726.9200000000001,4727.0900000000001,,
2026-04-26T21:38:34.2931515-07:00,-22000,27000,4726.8199999999997,4727.1400000000003,4726.9200000000001,4727.0900000000001,,
2026-04-26T21:38:34.3282358-07:00,-22000,27000,4726.8199999999997,4727.1400000000003,4726.9200000000001,4727.0900000000001,,
2026-04-26T21:38:34.3766948-07:00,-22000,27000,4726.8199999999997,4727.1400000000003,4726.9200000000001,4727.0900000000001,,
2026-04-26T21:38:34.4257793-07:00,-22000,27000,4726.8199999999997,4727.1400000000003,4726.9200000000001,4727.0900000000001,,
2026-04-26T21:38:34.4698927-07:00,-22000,27000,4726.8199999999997,4727.1400000000003,4726.9200000000001,4727.0900000000001,,
2026-04-26T21:38:34.5315526-07:00,-22000,27000,4726.8199999999997,4727.1400000000003,4726.9200000000001,4727.0900000000001,,
2026-04-26T21:38:34.5786901-07:00,-22000,27000,4726.8199999999997,4727.1400000000003,4726.9200000000001,4727.0900000000001,,
2026-04-26T21:38:34.6253187-07:00,-22000,27000,4726.8199999999997,4727.1400000000003,4726.9200000000001,4727.0900000000001,,
2026-04-26T21:38:34.6723345-07:00,-22000,27000,4726.8199999999997,4727.1400000000003,4726.9200000000001,4727.0900000000001,,
2026-04-26T21:38:34.7192268-07:00,-22000,27000,4726.8199999999997,4727.1400000000003,4726.9200000000001,4727.0900000000001,,
2026-04-26T21:38:34.7937583-07:00,-22000,27000,4726.8199999999997,4727.1400000000003,4726.9200000000001,4727.0900000000001,,
2026-04-26T21:38:34.8287666-07:00,-22000,27000,4726.8199999999997,4727.1400000000003,4726.9200000000001,4727.0900000000001,,
2026-04-26T21:38:34.8752320-07:00,-22000,27000,4726.8199999999997,4727.1400000000003,4726.9200000000001,4727.0900000000001,,
2026-04-26T21:38:34.9228341-07:00,-22000,27000,4726.8199999999997,4727.1400000000003,4726.9200000000001,4727.0900000000001,,
2026-04-26T21:38:34.9689766-07:00,-22000,27000,4726.8199999999997,4727.1400000000003,4726.9200000000001,4727.0900000000001,,
2026-04-26T21:38:35.0315165-07:00,-22000,27000,4726.8199999999997,4727.1400000000003,4726.9200000000001,4727.0900000000001,,
2026-04-26T21:38:35.0785650-07:00,-22000,27000,4726.8199999999997,4727.1400000000003,4726.9200000000001,4727.0900000000001,,
2026-04-26T21:38:35.1253363-07:00,-22000,27000,4726.8199999999997,4727.1400000000003,4726.9200000000001,4727.0900000000001,,
2026-04-26T21:38:35.1723203-07:00,-22000,26000,4726.8199999999997,4727.1400000000003,4726.9200000000001,4727.0799999999999,,
2026-04-26T21:38:35.2195347-07:00,-22000,26000,4726.8199999999997,4727.1400000000003,4726.9200000000001,4727.0799999999999,,
2026-04-26T21:38:35.2916873-07:00,-22000,26000,4726.8199999999997,4727.1400000000003,4726.9200000000001,4727.0799999999999,,
2026-04-26T21:38:35.3283386-07:00,-22000,26000,4726.8199999999997,4727.1400000000003,4726.9200000000001,4727.0799999999999,,
2026-04-26T21:38:35.3762905-07:00,-22000,26000,4726.8199999999997,4727.1400000000003,4726.9200000000001,4727.0799999999999,,
2026-04-26T21:38:35.4222990-07:00,-22000,26000,4726.8199999999997,4727.1400000000003,4726.9200000000001,4727.0799999999999,,
2026-04-26T21:38:35.4689345-07:00,-22000,26000,4726.8199999999997,4727.1400000000003,4726.9200000000001,4727.0799999999999,,
2026-04-26T21:38:35.5323968-07:00,-22000,26000,4726.8199999999997,4727.1400000000003,4726.9200000000001,4727.0799999999999,,
2026-04-26T21:38:35.5784061-07:00,-22000,26000,4726.8199999999997,4727.1400000000003,4726.9200000000001,4727.0799999999999,,
2026-04-26T21:38:35.6252168-07:00,-22000,26000,4726.8199999999997,4727.1400000000003,4726.9200000000001,4727.0799999999999,,
2026-04-26T21:38:35.6722281-07:00,-22000,26000,4726.8199999999997,4727.1400000000003,4726.9200000000001,4727.0799999999999,,
2026-04-26T21:38:35.7189145-07:00,-22000,26000,4726.8199999999997,4727.1400000000003,4726.9200000000001,4727.0799999999999,,
2026-04-26T21:38:35.7658741-07:00,-22000,26000,4726.8199999999997,4727.1400000000003,4726.9200000000001,4727.0799999999999,,
2026-04-26T21:38:35.8282722-07:00,-22000,26000,4726.8199999999997,4727.1400000000003,4726.9200000000001,4727.0799999999999,,
2026-04-26T21:38:35.8759220-07:00,-22000,26000,4726.8199999999997,4727.1400000000003,4726.9200000000001,4727.0799999999999,,
2026-04-26T21:38:35.9224564-07:00,-22000,26000,4726.8199999999997,4727.1400000000003,4726.9200000000001,4727.0799999999999,,
2026-04-26T21:38:35.9691026-07:00,-22000,26000,4726.8199999999997,4727.1400000000003,4726.9200000000001,4727.0799999999999,,
2026-04-26T21:38:36.0448175-07:00,-22000,26000,4726.8199999999997,4727.1400000000003,4726.9200000000001,4727.0799999999999,,
2026-04-26T21:38:36.0784745-07:00,-22000,26000,4726.8199999999997,4727.1400000000003,4726.9200000000001,4727.0799999999999,,
2026-04-26T21:38:36.1252785-07:00,-22000,26000,4726.8199999999997,4727.1400000000003,4726.9200000000001,4727.0799999999999,,
2026-04-26T21:38:36.1758082-07:00,-21000,25000,4726.8199999999997,4727.1400000000003,4726.9300000000003,4727.0699999999997,,
2026-04-26T21:38:36.2191241-07:00,-21000,25000,4726.8199999999997,4727.1400000000003,4726.9300000000003,4727.0699999999997,,
2026-04-26T21:38:36.2917332-07:00,-21000,25000,4726.8199999999997,4727.1400000000003,4726.9300000000003,4727.0699999999997,,
2026-04-26T21:38:36.3284551-07:00,-21000,25000,4726.8199999999997,4727.1400000000003,4726.9300000000003,4727.0699999999997,,
2026-04-26T21:38:36.3760495-07:00,-21000,25000,4726.8199999999997,4727.1400000000003,4726.9300000000003,4727.0699999999997,,
2026-04-26T21:38:36.4226805-07:00,-21000,25000,4726.8199999999997,4727.1400000000003,4726.9300000000003,4727.0699999999997,,
2026-04-26T21:38:36.4692479-07:00,-21000,25000,4726.8199999999997,4727.1400000000003,4726.9300000000003,4727.0699999999997,,
2026-04-26T21:38:36.5329260-07:00,-21000,25000,4726.8199999999997,4727.1400000000003,4726.9300000000003,4727.0699999999997,,
2026-04-26T21:38:36.5787606-07:00,-21000,25000,4726.8199999999997,4727.1400000000003,4726.9300000000003,4727.0699999999997,,
2026-04-26T21:38:36.6252344-07:00,-21000,25000,4726.8199999999997,4727.1400000000003,4726.9300000000003,4727.0699999999997,,
2026-04-26T21:38:36.6729639-07:00,-21000,25000,4726.8199999999997,4727.1400000000003,4726.9300000000003,4727.0699999999997,,
2026-04-26T21:38:36.7189788-07:00,-21000,25000,4726.8199999999997,4727.1400000000003,4726.9300000000003,4727.0699999999997,,
2026-04-26T21:38:36.7667977-07:00,-21000,25000,4726.8199999999997,4727.1400000000003,4726.9300000000003,4727.0699999999997,,
2026-04-26T21:38:36.8284792-07:00,-21000,25000,4726.8199999999997,4727.1400000000003,4726.9300000000003,4727.0699999999997,,
2026-04-26T21:38:36.8751702-07:00,-21000,25000,4726.8199999999997,4727.1400000000003,4726.9300000000003,4727.0699999999997,,
2026-04-26T21:38:36.9232832-07:00,-21000,25000,4726.8199999999997,4727.1400000000003,4726.9300000000003,4727.0699999999997,,
2026-04-26T21:38:36.9688842-07:00,-21000,25000,4726.8199999999997,4727.1400000000003,4726.9300000000003,4727.0699999999997,,
2026-04-26T21:38:37.0474056-07:00,-21000,25000,4726.8199999999997,4727.1400000000003,4726.9300000000003,4727.0699999999997,,
2026-04-26T21:38:37.0782896-07:00,-21000,25000,4726.8199999999997,4727.1400000000003,4726.9300000000003,4727.0699999999997,,
2026-04-26T21:38:37.1262686-07:00,-21000,25000,4726.8199999999997,4727.1400000000003,4726.9300000000003,4727.0699999999997,,
2026-04-26T21:38:37.1735944-07:00,-21000,25000,4726.8199999999997,4727.1400000000003,4726.9300000000003,4727.0699999999997,,
2026-04-26T21:38:37.2190212-07:00,-21000,25000,4726.8199999999997,4727.1400000000003,4726.9300000000003,4727.0699999999997,,
2026-04-26T21:38:37.2815058-07:00,-21000,25000,4726.8199999999997,4727.1400000000003,4726.9300000000003,4727.0699999999997,,
2026-04-26T21:38:37.3282338-07:00,-21000,25000,4726.8199999999997,4727.1400000000003,4726.9300000000003,4727.0699999999997,,
2026-04-26T21:38:37.3753404-07:00,-21000,25000,4726.8199999999997,4727.1400000000003,4726.9300000000003,4727.0699999999997,,
2026-04-26T21:38:37.4223226-07:00,-21000,25000,4726.8199999999997,4727.1400000000003,4726.9300000000003,4727.0699999999997,,
2026-04-26T21:38:37.4687933-07:00,-21000,25000,4726.8199999999997,4727.1400000000003,4726.9300000000003,4727.0699999999997,,
2026-04-26T21:38:37.5483808-07:00,-21000,25000,4726.8199999999997,4727.1400000000003,4726.9300000000003,4727.0699999999997,,
2026-04-26T21:38:37.5782541-07:00,-21000,25000,4726.8199999999997,4727.1400000000003,4726.9300000000003,4727.0699999999997,,
2026-04-26T21:38:37.6253774-07:00,-21000,25000,4726.8199999999997,4727.1400000000003,4726.9300000000003,4727.0699999999997,,
2026-04-26T21:38:37.6732400-07:00,-21000,25000,4726.8199999999997,4727.1400000000003,4726.9300000000003,4727.0699999999997,,
2026-04-26T21:38:37.7188978-07:00,-21000,25000,4726.8199999999997,4727.1400000000003,4726.9300000000003,4727.0699999999997,,
2026-04-26T21:38:37.8248035-07:00,-21000,25000,4726.8199999999997,4727.1400000000003,4726.9300000000003,4727.0699999999997,,
2026-04-26T21:38:37.8283699-07:00,-21000,25000,4726.8199999999997,4727.1400000000003,4726.9300000000003,4727.0699999999997,,
2026-04-26T21:38:37.8757198-07:00,-21000,25000,4726.8199999999997,4727.1400000000003,4726.9300000000003,4727.0699999999997,,
2026-04-26T21:38:37.9221528-07:00,-21000,25000,4726.8199999999997,4727.1400000000003,4726.9300000000003,4727.0699999999997,,
2026-04-26T21:38:37.9696233-07:00,-25000,21000,4726.8199999999997,4727.1400000000003,4726.8900000000003,4727.0299999999997,,
2026-04-26T21:38:38.0318041-07:00,-18999,25999,4726.7700000000004,4727.0799999999999,4726.8900000000003,4727.0299999999997,,
2026-04-26T21:38:38.0783993-07:00,-18999,25999,4726.7700000000004,4727.0799999999999,4726.8900000000003,4727.0299999999997,,
2026-04-26T21:38:38.1263228-07:00,-18999,25999,4726.7700000000004,4727.0799999999999,4726.8900000000003,4727.0299999999997,,
2026-04-26T21:38:38.1720429-07:00,-18999,25999,4726.7700000000004,4727.0799999999999,4726.8900000000003,4727.0299999999997,,
2026-04-26T21:38:38.2294014-07:00,-18999,25999,4726.7700000000004,4727.0799999999999,4726.8900000000003,4727.0299999999997,,
2026-04-26T21:38:38.2814735-07:00,-18999,25999,4726.7700000000004,4727.0799999999999,4726.8900000000003,4727.0299999999997,,
2026-04-26T21:38:38.3285478-07:00,-14000,30999,4726.7700000000004,4727.0799999999999,4726.9399999999996,4727.0799999999999,,
2026-04-26T21:38:38.3752278-07:00,-14000,30999,4726.7700000000004,4727.0799999999999,4726.9399999999996,4727.0799999999999,,
2026-04-26T21:38:38.4340198-07:00,-19000,25000,4726.8299999999999,4727.1300000000001,4726.9399999999996,4727.0799999999999,,
2026-04-26T21:38:38.4695052-07:00,-19000,25000,4726.8299999999999,4727.1300000000001,4726.9399999999996,4727.0799999999999,,
2026-04-26T21:38:38.5425580-07:00,-19000,25000,4726.8299999999999,4727.1300000000001,4726.9399999999996,4727.0799999999999,,
2026-04-26T21:38:38.5784195-07:00,-19000,25000,4726.8299999999999,4727.1300000000001,4726.9399999999996,4727.0799999999999,,
2026-04-26T21:38:38.6259635-07:00,-19000,25000,4726.8299999999999,4727.1300000000001,4726.9399999999996,4727.0799999999999,,
2026-04-26T21:38:38.6720135-07:00,-19000,25000,4726.8299999999999,4727.1300000000001,4726.9399999999996,4727.0799999999999,,
2026-04-26T21:38:38.7206781-07:00,-19000,25000,4726.8299999999999,4727.1300000000001,4726.9399999999996,4727.0799999999999,,
2026-04-26T21:38:38.7815555-07:00,-19000,25000,4726.8299999999999,4727.1300000000001,4726.9399999999996,4727.0799999999999,,
2026-04-26T21:38:38.8381986-07:00,-19000,25000,4726.8299999999999,4727.1300000000001,4726.9399999999996,4727.0799999999999,,
2026-04-26T21:38:38.8752293-07:00,-21000,23000,4726.8299999999999,4727.1300000000001,4726.9200000000001,4727.0600000000004,,
2026-04-26T21:38:38.9221329-07:00,-21000,23000,4726.8299999999999,4727.1300000000001,4726.9200000000001,4727.0600000000004,,
2026-04-26T21:38:38.9688904-07:00,-19000,25000,4726.8299999999999,4727.1300000000001,4726.9399999999996,4727.0799999999999,,
2026-04-26T21:38:39.0313657-07:00,-20000,26000,4726.8199999999997,4727.1400000000003,4726.9399999999996,4727.0799999999999,,
2026-04-26T21:38:39.0828704-07:00,-20000,27000,4726.8199999999997,4727.1400000000003,4726.9399999999996,4727.0900000000001,,
2026-04-26T21:38:39.1252383-07:00,-20000,27000,4726.8199999999997,4727.1400000000003,4726.9399999999996,4727.0900000000001,,
2026-04-26T21:38:39.1723516-07:00,-20000,27000,4726.8199999999997,4727.1400000000003,4726.9399999999996,4727.0900000000001,,
2026-04-26T21:38:39.2189366-07:00,-20000,27000,4726.8199999999997,4727.1400000000003,4726.9399999999996,4727.0900000000001,,
2026-04-26T21:38:39.2815271-07:00,-20000,27000,4726.8199999999997,4727.1400000000003,4726.9399999999996,4727.0900000000001,,
2026-04-26T21:38:39.3283982-07:00,-20000,27000,4726.8199999999997,4727.1400000000003,4726.9399999999996,4727.0900000000001,,
2026-04-26T21:38:39.3753513-07:00,-20000,27000,4726.8199999999997,4727.1400000000003,4726.9399999999996,4727.0900000000001,,
2026-04-26T21:38:39.4221671-07:00,-20000,27000,4726.8199999999997,4727.1400000000003,4726.9399999999996,4727.0900000000001,,
2026-04-26T21:38:39.4690320-07:00,-20000,27000,4726.8199999999997,4727.1400000000003,4726.9399999999996,4727.0900000000001,,
2026-04-26T21:38:39.5315144-07:00,-20000,27000,4726.8199999999997,4727.1400000000003,4726.9399999999996,4727.0900000000001,,
2026-04-26T21:38:39.5788168-07:00,-20000,27000,4726.8199999999997,4727.1400000000003,4726.9399999999996,4727.0900000000001,,
2026-04-26T21:38:39.6250869-07:00,-20000,27000,4726.8199999999997,4727.1400000000003,4726.9399999999996,4727.0900000000001,,
2026-04-26T21:38:39.6720636-07:00,-20000,27000,4726.8199999999997,4727.1400000000003,4726.9399999999996,4727.0900000000001,,
2026-04-26T21:38:39.7190980-07:00,-20000,27000,4726.8199999999997,4727.1400000000003,4726.9399999999996,4727.0900000000001,,
2026-04-26T21:38:39.7814871-07:00,-20000,27000,4726.8199999999997,4727.1400000000003,4726.9399999999996,4727.0900000000001,,
2026-04-26T21:38:39.8380293-07:00,-20000,27000,4726.8199999999997,4727.1400000000003,4726.9399999999996,4727.0900000000001,,
2026-04-26T21:38:39.8753616-07:00,-20000,27000,4726.8199999999997,4727.1400000000003,4726.9399999999996,4727.0900000000001,,
2026-04-26T21:38:39.9222255-07:00,-20000,27000,4726.8199999999997,4727.1400000000003,4726.9399999999996,4727.0900000000001,,
2026-04-26T21:38:39.9696253-07:00,-20000,27000,4726.8199999999997,4727.1400000000003,4726.9399999999996,4727.0900000000001,,
2026-04-26T21:38:40.0315758-07:00,-20000,27000,4726.8199999999997,4727.1400000000003,4726.9399999999996,4727.0900000000001,,
2026-04-26T21:38:40.0787757-07:00,-20000,27000,4726.8199999999997,4727.1400000000003,4726.9399999999996,4727.0900000000001,,
2026-04-26T21:38:40.1251564-07:00,-20000,27000,4726.8199999999997,4727.1400000000003,4726.9399999999996,4727.0900000000001,,
2026-04-26T21:38:40.1841155-07:00,-20000,27000,4726.8199999999997,4727.1400000000003,4726.9399999999996,4727.0900000000001,,
2026-04-26T21:38:40.2189537-07:00,-18000,28999,4726.8199999999997,4727.1400000000003,4726.96,4727.1099999999997,,
2026-04-26T21:38:40.2814539-07:00,-18000,28999,4726.8199999999997,4727.1400000000003,4726.96,4727.1099999999997,,
2026-04-26T21:38:40.3290610-07:00,-18000,28999,4726.8199999999997,4727.1400000000003,4726.96,4727.1099999999997,,
2026-04-26T21:38:40.3752770-07:00,-20000,26999,4726.8400000000001,4727.1599999999999,4726.96,4727.1099999999997,,
2026-04-26T21:38:40.4389098-07:00,-20000,26999,4726.8400000000001,4727.1599999999999,4726.96,4727.1099999999997,,
2026-04-26T21:38:40.4689699-07:00,-20000,26999,4726.8400000000001,4727.1599999999999,4726.96,4727.1099999999997,,
2026-04-26T21:38:40.5313783-07:00,-20000,26999,4726.8400000000001,4727.1599999999999,4726.96,4727.1099999999997,,
2026-04-26T21:38:40.5795892-07:00,-20000,26999,4726.8400000000001,4727.1599999999999,4726.96,4727.1099999999997,,
2026-04-26T21:38:40.6252534-07:00,-20000,26999,4726.8400000000001,4727.1599999999999,4726.96,4727.1099999999997,,
2026-04-26T21:38:40.6724270-07:00,-20000,26999,4726.8400000000001,4727.1599999999999,4726.96,4727.1099999999997,,
2026-04-26T21:38:40.7190271-07:00,-20000,26999,4726.8400000000001,4727.1599999999999,4726.96,4727.1099999999997,,
2026-04-26T21:38:40.7814779-07:00,-19000,28000,4726.8400000000001,4727.1599999999999,4726.9700000000003,4727.1199999999999,,
2026-04-26T21:38:40.8397166-07:00,-19000,28000,4726.8400000000001,4727.1599999999999,4726.9700000000003,4727.1199999999999,,
2026-04-26T21:38:40.8752468-07:00,-16000,29000,4726.8299999999999,4727.1300000000001,4726.9700000000003,4727.1199999999999,,
2026-04-26T21:38:40.9220587-07:00,-16000,29000,4726.8299999999999,4727.1300000000001,4726.9700000000003,4727.1199999999999,,
2026-04-26T21:38:40.9689205-07:00,-16000,29000,4726.8299999999999,4727.1300000000001,4726.9700000000003,4727.1199999999999,,
2026-04-26T21:38:41.0162525-07:00,-16000,29000,4726.8299999999999,4727.1300000000001,4726.9700000000003,4727.1199999999999,,
2026-04-26T21:38:41.0783957-07:00,-20000,29000,4726.8299999999999,4727.1700000000001,4726.9700000000003,4727.1199999999999,,
2026-04-26T21:38:41.1253126-07:00,-20000,29000,4726.8299999999999,4727.1700000000001,4726.9700000000003,4727.1199999999999,,
2026-04-26T21:38:41.1721583-07:00,-20000,29000,4726.8299999999999,4727.1700000000001,4726.9700000000003,4727.1199999999999,,
2026-04-26T21:38:41.2192880-07:00,-20000,29000,4726.8299999999999,4727.1700000000001,4726.9700000000003,4727.1199999999999,,
2026-04-26T21:38:41.2816003-07:00,-20000,29000,4726.8299999999999,4727.1700000000001,4726.9700000000003,4727.1199999999999,,
2026-04-26T21:38:41.3397941-07:00,-20000,29000,4726.8299999999999,4727.1700000000001,4726.9700000000003,4727.1199999999999,,
2026-04-26T21:38:41.3757134-07:00,-20000,29000,4726.8299999999999,4727.1700000000001,4726.9700000000003,4727.1199999999999,,
2026-04-26T21:38:41.4391875-07:00,-20000,29000,4726.8299999999999,4727.1700000000001,4726.9700000000003,4727.1199999999999,,
2026-04-26T21:38:41.4691365-07:00,-20000,29000,4726.8299999999999,4727.1700000000001,4726.9700000000003,4727.1199999999999,,
2026-04-26T21:38:41.5315579-07:00,-20000,29000,4726.8299999999999,4727.1700000000001,4726.9700000000003,4727.1199999999999,,
2026-04-26T21:38:41.5782870-07:00,-20000,29000,4726.8299999999999,4727.1700000000001,4726.9700000000003,4727.1199999999999,,
2026-04-26T21:38:41.6261435-07:00,-20000,29000,4726.8299999999999,4727.1700000000001,4726.9700000000003,4727.1199999999999,,
2026-04-26T21:38:41.6719976-07:00,-20000,29000,4726.8299999999999,4727.1700000000001,4726.9700000000003,4727.1199999999999,,
2026-04-26T21:38:41.7192174-07:00,-20000,29000,4726.8299999999999,4727.1700000000001,4726.9700000000003,4727.1199999999999,,
2026-04-26T21:38:41.7820718-07:00,-20000,29000,4726.8299999999999,4727.1700000000001,4726.9700000000003,4727.1199999999999,,
2026-04-26T21:38:41.8327149-07:00,-20000,29000,4726.8299999999999,4727.1700000000001,4726.9700000000003,4727.1199999999999,,
2026-04-26T21:38:41.8752997-07:00,-10999,38000,4726.8299999999999,4727.1700000000001,4727.0600000000004,4727.21,,
2026-04-26T21:38:41.9220888-07:00,-10999,38000,4726.8299999999999,4727.1700000000001,4727.0600000000004,4727.21,,
2026-04-26T21:38:41.9691840-07:00,-11999,35000,4726.8599999999997,4727.1800000000003,4727.0600000000004,4727.21,,
2026-04-26T21:38:42.0313557-07:00,-7999,39000,4726.8599999999997,4727.1800000000003,4727.1000000000004,4727.25,,
2026-04-26T21:38:42.0785519-07:00,-7999,39000,4726.8599999999997,4727.1800000000003,4727.1000000000004,4727.25,,
2026-04-26T21:38:42.1252045-07:00,-7999,39000,4726.8599999999997,4727.1800000000003,4727.1000000000004,4727.25,,
2026-04-26T21:38:42.1727416-07:00,-7999,39000,4726.8599999999997,4727.1800000000003,4727.1000000000004,4727.25,,
2026-04-26T21:38:42.2189502-07:00,-7999,39000,4726.8599999999997,4727.1800000000003,4727.1000000000004,4727.25,,
2026-04-26T21:38:42.2814036-07:00,-19999,27000,4726.9799999999996,4727.3000000000002,4727.1000000000004,4727.25,,
2026-04-26T21:38:42.3282828-07:00,-19999,27000,4726.9799999999996,4727.3000000000002,4727.1000000000004,4727.25,,
2026-04-26T21:38:42.3754592-07:00,-19999,27000,4726.9799999999996,4727.3000000000002,4727.1000000000004,4727.25,,
2026-04-26T21:38:42.4237100-07:00,-19999,27000,4726.9799999999996,4727.3000000000002,4727.1000000000004,4727.25,,
2026-04-26T21:38:42.4690351-07:00,-19999,27000,4726.9799999999996,4727.3000000000002,4727.1000000000004,4727.25,,
2026-04-26T21:38:42.5315462-07:00,-19999,27000,4726.9799999999996,4727.3000000000002,4727.1000000000004,4727.25,,
2026-04-26T21:38:42.5785748-07:00,-19999,27000,4726.9799999999996,4727.3000000000002,4727.1000000000004,4727.25,,
2026-04-26T21:38:42.6259993-07:00,-19999,27000,4726.9799999999996,4727.3000000000002,4727.1000000000004,4727.25,,
2026-04-26T21:38:42.6726675-07:00,-19999,27000,4726.9799999999996,4727.3000000000002,4727.1000000000004,4727.25,,
2026-04-26T21:38:42.7190849-07:00,-19999,27000,4726.9799999999996,4727.3000000000002,4727.1000000000004,4727.25,,
2026-04-26T21:38:42.7815382-07:00,-21999,25000,4727,4727.3199999999997,4727.1000000000004,4727.25,,
2026-04-26T21:38:42.8283405-07:00,-21999,25000,4727,4727.3199999999997,4727.1000000000004,4727.25,,
2026-04-26T21:38:42.8759735-07:00,-21999,25000,4727,4727.3199999999997,4727.1000000000004,4727.25,,
2026-04-26T21:38:42.9220763-07:00,-21999,25000,4727,4727.3199999999997,4727.1000000000004,4727.25,,
2026-04-26T21:38:42.9798887-07:00,-21999,25000,4727,4727.3199999999997,4727.1000000000004,4727.25,,
2026-04-26T21:38:43.0317515-07:00,-21999,24000,4727,4727.3199999999997,4727.1000000000004,4727.2399999999998,,
2026-04-26T21:38:43.0808307-07:00,-21999,24000,4727,4727.3199999999997,4727.1000000000004,4727.2399999999998,,
2026-04-26T21:38:43.1258985-07:00,-21999,24000,4727,4727.3199999999997,4727.1000000000004,4727.2399999999998,,
2026-04-26T21:38:43.1721510-07:00,-25000,19999,4726.9899999999998,4727.3000000000002,4727.0500000000002,4727.1899999999996,,
2026-04-26T21:38:43.2201347-07:00,-25000,19999,4726.9899999999998,4727.3000000000002,4727.0500000000002,4727.1899999999996,,
2026-04-26T21:38:43.2818204-07:00,-26000,19000,4726.9899999999998,4727.3000000000002,4727.04,4727.1800000000003,,
2026-04-26T21:38:43.3286619-07:00,-26000,19000,4726.9899999999998,4727.3000000000002,4727.04,4727.1800000000003,,
2026-04-26T21:38:43.3754074-07:00,-26000,19000,4726.9899999999998,4727.3000000000002,4727.04,4727.1800000000003,,
2026-04-26T21:38:43.4321049-07:00,-26000,19000,4726.9899999999998,4727.3000000000002,4727.04,4727.1800000000003,,
2026-04-26T21:38:43.4698619-07:00,-21000,25000,4726.9300000000003,4727.25,4727.04,4727.1800000000003,,
2026-04-26T21:38:43.5315590-07:00,-21000,25000,4726.9300000000003,4727.25,4727.04,4727.1800000000003,,
2026-04-26T21:38:43.6149521-07:00,-23000,25000,4726.9300000000003,4727.2700000000004,4727.04,4727.1800000000003,,
2026-04-26T21:38:43.6292321-07:00,-23000,25000,4726.9300000000003,4727.2700000000004,4727.04,4727.1800000000003,,
2026-04-26T21:38:43.6721692-07:00,-23000,25000,4726.9300000000003,4727.2700000000004,4727.04,4727.1800000000003,,
2026-04-26T21:38:43.7188751-07:00,-23000,25000,4726.9300000000003,4727.2700000000004,4727.04,4727.1800000000003,,
2026-04-26T21:38:43.7813315-07:00,-23000,23000,4726.9499999999998,4727.2700000000004,4727.04,4727.1800000000003,,
2026-04-26T21:38:43.8286836-07:00,-23000,23000,4726.9499999999998,4727.2700000000004,4727.04,4727.1800000000003,,
2026-04-26T21:38:43.8752884-07:00,-23000,23000,4726.9499999999998,4727.2700000000004,4727.04,4727.1800000000003,,
2026-04-26T21:38:43.9225028-07:00,-23000,23000,4726.9499999999998,4727.2700000000004,4727.04,4727.1800000000003,,
2026-04-26T21:38:43.9690429-07:00,-23000,23000,4726.9499999999998,4727.2700000000004,4727.04,4727.1800000000003,,
2026-04-26T21:38:44.0322267-07:00,-23000,23000,4726.9499999999998,4727.2700000000004,4727.04,4727.1800000000003,,
2026-04-26T21:38:44.0784874-07:00,-23000,23000,4726.9499999999998,4727.2700000000004,4727.04,4727.1800000000003,,
2026-04-26T21:38:44.1256317-07:00,-23000,23000,4726.9499999999998,4727.2700000000004,4727.04,4727.1800000000003,,
2026-04-26T21:38:44.1764200-07:00,-23000,23000,4726.9499999999998,4727.2700000000004,4727.04,4727.1800000000003,,
2026-04-26T21:38:44.2188463-07:00,-23000,23000,4726.9499999999998,4727.2700000000004,4727.04,4727.1800000000003,,
2026-04-26T21:38:44.2814351-07:00,-23000,23000,4726.9499999999998,4727.2700000000004,4727.04,4727.1800000000003,,
2026-04-26T21:38:44.3384550-07:00,-23000,23000,4726.9499999999998,4727.2700000000004,4727.04,4727.1800000000003,,
2026-04-26T21:38:44.3752119-07:00,-23000,23000,4726.9499999999998,4727.2700000000004,4727.04,4727.1800000000003,,
2026-04-26T21:38:44.4225565-07:00,-23000,23000,4726.9499999999998,4727.2700000000004,4727.04,4727.1800000000003,,
2026-04-26T21:38:44.4690093-07:00,-23000,23000,4726.9499999999998,4727.2700000000004,4727.04,4727.1800000000003,,
2026-04-26T21:38:44.5316778-07:00,-23000,23000,4726.9499999999998,4727.2700000000004,4727.04,4727.1800000000003,,
2026-04-26T21:38:44.5786938-07:00,-22000,26000,4726.9200000000001,4727.2600000000002,4727.04,4727.1800000000003,,
2026-04-26T21:38:44.6253308-07:00,-22000,26000,4726.9200000000001,4727.2600000000002,4727.04,4727.1800000000003,,
2026-04-26T21:38:44.6726463-07:00,-22000,26000,4726.9200000000001,4727.2600000000002,4727.04,4727.1800000000003,,
2026-04-26T21:38:44.7189911-07:00,-22000,26000,4726.9200000000001,4727.2600000000002,4727.04,4727.1800000000003,,
2026-04-26T21:38:44.7828183-07:00,-22000,26000,4726.9200000000001,4727.2600000000002,4727.04,4727.1800000000003,,
2026-04-26T21:38:44.8290613-07:00,-22000,26000,4726.9200000000001,4727.2600000000002,4727.04,4727.1800000000003,,
2026-04-26T21:38:44.8754457-07:00,-22000,26000,4726.9200000000001,4727.2600000000002,4727.04,4727.1800000000003,,
2026-04-26T21:38:44.9220595-07:00,-22000,26000,4726.9200000000001,4727.2600000000002,4727.04,4727.1800000000003,,
2026-04-26T21:38:44.9704671-07:00,-22000,26000,4726.9200000000001,4727.2600000000002,4727.04,4727.1800000000003,,
2026-04-26T21:38:45.0316163-07:00,-22000,26000,4726.9200000000001,4727.2600000000002,4727.04,4727.1800000000003,,
2026-04-26T21:38:45.0784380-07:00,-22000,26000,4726.9200000000001,4727.2600000000002,4727.04,4727.1800000000003,,
2026-04-26T21:38:45.1252461-07:00,-22000,26000,4726.9200000000001,4727.2600000000002,4727.04,4727.1800000000003,,
2026-04-26T21:38:45.1722001-07:00,-22000,26000,4726.9200000000001,4727.2600000000002,4727.04,4727.1800000000003,,
2026-04-26T21:38:45.2193386-07:00,-22000,26000,4726.9200000000001,4727.2600000000002,4727.04,4727.1800000000003,,
2026-04-26T21:38:45.2840749-07:00,-22000,26000,4726.9200000000001,4727.2600000000002,4727.04,4727.1800000000003,,
2026-04-26T21:38:45.3285378-07:00,-22000,26000,4726.9200000000001,4727.2600000000002,4727.04,4727.1800000000003,,
2026-04-26T21:38:45.3760268-07:00,-22000,26000,4726.9200000000001,4727.2600000000002,4727.04,4727.1800000000003,,
2026-04-26T21:38:45.4220967-07:00,-22000,26000,4726.9200000000001,4727.2600000000002,4727.04,4727.1800000000003,,
2026-04-26T21:38:45.4698469-07:00,-22000,26000,4726.9200000000001,4727.2600000000002,4727.04,4727.1800000000003,,
2026-04-26T21:38:45.5315518-07:00,-22000,26000,4726.9200000000001,4727.2600000000002,4727.04,4727.1800000000003,,
2026-04-26T21:38:45.5784614-07:00,-22000,26000,4726.9200000000001,4727.2600000000002,4727.04,4727.1800000000003,,
2026-04-26T21:38:45.6252852-07:00,-22000,26000,4726.9200000000001,4727.2600000000002,4727.04,4727.1800000000003,,
2026-04-26T21:38:45.6724254-07:00,-22000,26000,4726.9200000000001,4727.2600000000002,4727.04,4727.1800000000003,,
2026-04-26T21:38:45.7190056-07:00,-22000,26000,4726.9200000000001,4727.2600000000002,4727.04,4727.1800000000003,,
2026-04-26T21:38:45.7814382-07:00,-22000,26000,4726.9200000000001,4727.2600000000002,4727.04,4727.1800000000003,,
2026-04-26T21:38:45.8383188-07:00,-22000,26000,4726.9200000000001,4727.2600000000002,4727.04,4727.1800000000003,,
2026-04-26T21:38:45.8756248-07:00,-22000,26000,4726.9200000000001,4727.2600000000002,4727.04,4727.1800000000003,,
2026-04-26T21:38:45.9224612-07:00,-22000,26000,4726.9200000000001,4727.2600000000002,4727.04,4727.1800000000003,,
2026-04-26T21:38:45.9690934-07:00,-22000,26000,4726.9200000000001,4727.2600000000002,4727.04,4727.1800000000003,,
2026-04-26T21:38:46.0318289-07:00,-22000,26000,4726.9200000000001,4727.2600000000002,4727.04,4727.1800000000003,,
2026-04-26T21:38:46.0806206-07:00,-22000,26000,4726.9200000000001,4727.2600000000002,4727.04,4727.1800000000003,,
2026-04-26T21:38:46.1255004-07:00,-22000,26000,4726.9200000000001,4727.2600000000002,4727.04,4727.1800000000003,,
2026-04-26T21:38:46.1827935-07:00,-22000,26000,4726.9200000000001,4727.2600000000002,4727.04,4727.1800000000003,,
2026-04-26T21:38:46.2191609-07:00,-22000,26000,4726.9200000000001,4727.2600000000002,4727.04,4727.1800000000003,,
2026-04-26T21:38:46.2815879-07:00,-22000,26000,4726.9200000000001,4727.2600000000002,4727.04,4727.1800000000003,,
2026-04-26T21:38:46.3285350-07:00,-22000,26000,4726.9200000000001,4727.2600000000002,4727.04,4727.1800000000003,,
2026-04-26T21:38:46.3753379-07:00,-22000,26000,4726.9200000000001,4727.2600000000002,4727.04,4727.1800000000003,,
2026-04-26T21:38:46.4225384-07:00,-22000,26000,4726.9200000000001,4727.2600000000002,4727.04,4727.1800000000003,,
2026-04-26T21:38:46.4695709-07:00,-22000,26000,4726.9200000000001,4727.2600000000002,4727.04,4727.1800000000003,,
2026-04-26T21:38:46.5324756-07:00,-22000,26000,4726.9200000000001,4727.2600000000002,4727.04,4727.1800000000003,,
2026-04-26T21:38:46.5800312-07:00,-22000,26000,4726.9200000000001,4727.2600000000002,4727.04,4727.1800000000003,,
2026-04-26T21:38:46.6266313-07:00,-22000,26000,4726.9200000000001,4727.2600000000002,4727.04,4727.1800000000003,,
2026-04-26T21:38:46.6724130-07:00,-22000,26000,4726.9200000000001,4727.2600000000002,4727.04,4727.1800000000003,,
2026-04-26T21:38:46.7198395-07:00,-22000,26000,4726.9200000000001,4727.2600000000002,4727.04,4727.1800000000003,,
2026-04-26T21:38:46.7816190-07:00,-22000,26000,4726.9200000000001,4727.2600000000002,4727.04,4727.1800000000003,,
2026-04-26T21:38:46.8409291-07:00,-22000,26000,4726.9200000000001,4727.2600000000002,4727.04,4727.1800000000003,,
2026-04-26T21:38:46.8758681-07:00,-22000,26000,4726.9200000000001,4727.2600000000002,4727.04,4727.1800000000003,,
2026-04-26T21:38:46.9222157-07:00,-22000,26000,4726.9200000000001,4727.2600000000002,4727.04,4727.1800000000003,,
2026-04-26T21:38:46.9694005-07:00,-22000,26000,4726.9200000000001,4727.2600000000002,4727.04,4727.1800000000003,,
2026-04-26T21:38:47.0316870-07:00,-22000,26000,4726.9200000000001,4727.2600000000002,4727.04,4727.1800000000003,,
2026-04-26T21:38:47.0789735-07:00,-22000,26000,4726.9200000000001,4727.2600000000002,4727.04,4727.1800000000003,,
2026-04-26T21:38:47.1256577-07:00,-22000,26000,4726.9200000000001,4727.2600000000002,4727.04,4727.1800000000003,,
2026-04-26T21:38:47.1766681-07:00,-21000,26999,4726.9200000000001,4727.2600000000002,4727.0500000000002,4727.1899999999996,,
2026-04-26T21:38:47.2190776-07:00,-21000,26999,4726.9200000000001,4727.2600000000002,4727.0500000000002,4727.1899999999996,,
2026-04-26T21:38:47.2826406-07:00,-21000,26999,4726.9200000000001,4727.2600000000002,4727.0500000000002,4727.1899999999996,,
2026-04-26T21:38:47.3283732-07:00,-26000,21000,4726.9799999999996,4727.3100000000004,4727.0500000000002,4727.1899999999996,,
2026-04-26T21:38:47.3770262-07:00,-26000,21000,4726.9799999999996,4727.3100000000004,4727.0500000000002,4727.1899999999996,,
2026-04-26T21:38:47.4221682-07:00,-26000,21000,4726.9799999999996,4727.3100000000004,4727.0500000000002,4727.1899999999996,,
2026-04-26T21:38:47.4690792-07:00,-26000,21000,4726.9799999999996,4727.3100000000004,4727.0500000000002,4727.1899999999996,,
2026-04-26T21:38:47.5314537-07:00,-26000,21000,4726.9799999999996,4727.3100000000004,4727.0500000000002,4727.1899999999996,,
2026-04-26T21:38:47.5787506-07:00,-26000,21000,4726.9799999999996,4727.3100000000004,4727.0500000000002,4727.1899999999996,,
2026-04-26T21:38:47.6409737-07:00,-26000,21000,4726.9799999999996,4727.3100000000004,4727.0500000000002,4727.1899999999996,,
2026-04-26T21:38:47.6722155-07:00,-26000,21000,4726.9799999999996,4727.3100000000004,4727.0500000000002,4727.1899999999996,,
2026-04-26T21:38:47.7192089-07:00,-26000,21000,4726.9799999999996,4727.3100000000004,4727.0500000000002,4727.1899999999996,,
2026-04-26T21:38:47.7816075-07:00,-26000,21000,4726.9799999999996,4727.3100000000004,4727.0500000000002,4727.1899999999996,,
2026-04-26T21:38:47.8417015-07:00,-9000,38000,4726.9799999999996,4727.3100000000004,4727.2200000000003,4727.3599999999997,,
2026-04-26T21:38:47.8753136-07:00,-9000,38000,4726.9799999999996,4727.3100000000004,4727.2200000000003,4727.3599999999997,,
2026-04-26T21:38:47.9221533-07:00,-6000,39999,4726.96,4727.2799999999997,4727.2200000000003,4727.3599999999997,,
2026-04-26T21:38:47.9695963-07:00,-6000,39999,4726.96,4727.2799999999997,4727.2200000000003,4727.3599999999997,,
2026-04-26T21:38:48.0317270-07:00,-40000,3999,4727.3199999999997,4727.6199999999999,4727.2200000000003,4727.3599999999997,,
2026-04-26T21:38:48.0784583-07:00,-40000,3999,4727.3199999999997,4727.6199999999999,4727.2200000000003,4727.3599999999997,,
2026-04-26T21:38:48.1253414-07:00,-17000,27000,4727.3199999999997,4727.6199999999999,4727.4499999999998,4727.5900000000001,,
2026-04-26T21:38:48.1720080-07:00,-12000,32000,4727.3199999999997,4727.6199999999999,4727.5,4727.6400000000003,,
2026-04-26T21:38:48.2248871-07:00,-11999,33000,4727.3800000000001,4727.6899999999996,4727.5699999999997,4727.71,,
2026-04-26T21:38:48.2816125-07:00,-11999,33000,4727.3800000000001,4727.6899999999996,4727.5699999999997,4727.71,,
2026-04-26T21:38:48.3285362-07:00,-19999,26000,4727.4399999999996,4727.7600000000002,4727.5600000000004,4727.6999999999998,,
2026-04-26T21:38:48.3754240-07:00,-19999,26000,4727.4399999999996,4727.7600000000002,4727.5600000000004,4727.6999999999998,,
2026-04-26T21:38:48.4223117-07:00,-19999,26000,4727.4399999999996,4727.7600000000002,4727.5600000000004,4727.6999999999998,,
2026-04-26T21:38:48.4695440-07:00,-19999,26000,4727.4399999999996,4727.7600000000002,4727.5600000000004,4727.6999999999998,,
2026-04-26T21:38:48.5318331-07:00,-19999,26000,4727.4399999999996,4727.7600000000002,4727.5600000000004,4727.6999999999998,,
2026-04-26T21:38:48.5940062-07:00,-18999,29000,4727.4099999999999,4727.75,4727.5600000000004,4727.6999999999998,,
2026-04-26T21:38:48.6420964-07:00,-18999,29000,4727.4099999999999,4727.75,4727.5600000000004,4727.6999999999998,,
2026-04-26T21:38:48.6721113-07:00,-18999,29000,4727.4099999999999,4727.75,4727.5600000000004,4727.6999999999998,,
2026-04-26T21:38:48.7195422-07:00,-16000,31999,4727.4099999999999,4727.75,4727.5900000000001,4727.7299999999996,,
2026-04-26T21:38:48.7815689-07:00,-19000,26999,4727.46,4727.7799999999997,4727.5900000000001,4727.7299999999996,,
2026-04-26T21:38:48.8401027-07:00,-19000,26999,4727.46,4727.7799999999997,4727.5900000000001,4727.7299999999996,,
2026-04-26T21:38:48.8755242-07:00,-19000,26999,4727.46,4727.7799999999997,4727.5900000000001,4727.7299999999996,,
2026-04-26T21:38:48.9220668-07:00,-19000,26999,4727.46,4727.7799999999997,4727.5900000000001,4727.7299999999996,,
2026-04-26T21:38:48.9702042-07:00,-19000,26999,4727.46,4727.7799999999997,4727.5900000000001,4727.7299999999996,,
2026-04-26T21:38:49.0324228-07:00,-19000,26999,4727.46,4727.7799999999997,4727.5900000000001,4727.7299999999996,,
2026-04-26T21:38:49.0964853-07:00,-19000,26999,4727.46,4727.7799999999997,4727.5900000000001,4727.7299999999996,,
2026-04-26T21:38:49.1251671-07:00,-19000,26999,4727.46,4727.7799999999997,4727.5900000000001,4727.7299999999996,,
2026-04-26T21:38:49.1721775-07:00,-19000,26999,4727.46,4727.7799999999997,4727.5900000000001,4727.7299999999996,,
2026-04-26T21:38:49.2189963-07:00,-24000,31000,4727.46,4727.7799999999997,4727.54,4727.7700000000004,,
2026-04-26T21:38:49.2814433-07:00,-23000,32000,4727.4499999999998,4727.7700000000004,4727.54,4727.7700000000004,,
2026-04-26T21:38:49.3286800-07:00,-23000,32000,4727.4499999999998,4727.7700000000004,4727.54,4727.7700000000004,,
2026-04-26T21:38:49.3752608-07:00,-23000,32000,4727.4499999999998,4727.7700000000004,4727.54,4727.7700000000004,,
2026-04-26T21:38:49.4225386-07:00,-23000,32000,4727.4499999999998,4727.7700000000004,4727.54,4727.7700000000004,,
2026-04-26T21:38:49.4689518-07:00,-23000,32000,4727.4499999999998,4727.7700000000004,4727.54,4727.7700000000004,,
2026-04-26T21:38:49.5316823-07:00,-23000,32000,4727.4499999999998,4727.7700000000004,4727.54,4727.7700000000004,,
2026-04-26T21:38:49.5784365-07:00,-23000,32000,4727.4499999999998,4727.7700000000004,4727.54,4727.7700000000004,,
2026-04-26T21:38:49.6276059-07:00,-23000,32000,4727.4499999999998,4727.7700000000004,4727.54,4727.7700000000004,,
2026-04-26T21:38:49.6721376-07:00,-23000,32000,4727.4499999999998,4727.7700000000004,4727.54,4727.7700000000004,,
2026-04-26T21:38:49.7189704-07:00,-23000,32000,4727.4499999999998,4727.7700000000004,4727.54,4727.7700000000004,,
2026-04-26T21:38:49.7819623-07:00,-23000,32000,4727.4499999999998,4727.7700000000004,4727.54,4727.7700000000004,,
2026-04-26T21:38:49.8284470-07:00,-23000,32000,4727.4499999999998,4727.7700000000004,4727.54,4727.7700000000004,,
2026-04-26T21:38:49.8754013-07:00,-23000,32000,4727.4499999999998,4727.7700000000004,4727.54,4727.7700000000004,,
2026-04-26T21:38:49.9223746-07:00,-23000,32000,4727.4499999999998,4727.7700000000004,4727.54,4727.7700000000004,,
2026-04-26T21:38:49.9812079-07:00,-23000,32000,4727.4499999999998,4727.7700000000004,4727.54,4727.7700000000004,,
2026-04-26T21:38:50.0315693-07:00,-23000,32000,4727.4499999999998,4727.7700000000004,4727.54,4727.7700000000004,,
2026-04-26T21:38:50.0787206-07:00,-23000,32000,4727.4499999999998,4727.7700000000004,4727.54,4727.7700000000004,,
2026-04-26T21:38:50.1261007-07:00,-23000,32000,4727.4499999999998,4727.7700000000004,4727.54,4727.7700000000004,,
2026-04-26T21:38:50.1725469-07:00,-23000,32000,4727.4499999999998,4727.7700000000004,4727.54,4727.7700000000004,,
2026-04-26T21:38:50.2190453-07:00,-23000,32000,4727.4499999999998,4727.7700000000004,4727.54,4727.7700000000004,,
2026-04-26T21:38:50.2815377-07:00,-23000,32000,4727.4499999999998,4727.7700000000004,4727.54,4727.7700000000004,,
2026-04-26T21:38:50.3299346-07:00,-23000,32000,4727.4499999999998,4727.7700000000004,4727.54,4727.7700000000004,,
2026-04-26T21:38:50.3752507-07:00,-23000,32000,4727.4499999999998,4727.7700000000004,4727.54,4727.7700000000004,,
2026-04-26T21:38:50.4222104-07:00,-23000,32000,4727.4499999999998,4727.7700000000004,4727.54,4727.7700000000004,,
2026-04-26T21:38:50.4692317-07:00,-47000,8000,4727.4499999999998,4727.7700000000004,4727.3000000000002,4727.5299999999997,,
2026-04-26T21:38:50.5335962-07:00,-47000,8000,4727.4499999999998,4727.7700000000004,4727.3000000000002,4727.5299999999997,,
2026-04-26T21:38:50.5784890-07:00,-35000,19999,4727.4499999999998,4727.7700000000004,4727.4200000000001,4727.6499999999996,,
2026-04-26T21:38:50.6254990-07:00,-38000,17000,4727.4799999999996,4727.8000000000002,4727.4200000000001,4727.6499999999996,,
2026-04-26T21:38:50.6738379-07:00,-38000,17000,4727.4799999999996,4727.8000000000002,4727.4200000000001,4727.6499999999996,,
2026-04-26T21:38:50.7193335-07:00,-26000,29000,4727.3599999999997,4727.6800000000003,4727.4200000000001,4727.6499999999996,,
2026-04-26T21:38:50.7815946-07:00,-26000,29000,4727.3599999999997,4727.6800000000003,4727.4200000000001,4727.6499999999996,,
2026-04-26T21:38:50.8287786-07:00,-25000,27999,4727.3699999999999,4727.6700000000001,4727.4200000000001,4727.6499999999996,,
2026-04-26T21:38:50.8752940-07:00,-25000,27999,4727.3699999999999,4727.6700000000001,4727.4200000000001,4727.6499999999996,,
2026-04-26T21:38:50.9221349-07:00,-25000,27999,4727.3699999999999,4727.6700000000001,4727.4200000000001,4727.6499999999996,,
2026-04-26T21:38:50.9688741-07:00,-22000,31000,4727.3699999999999,4727.6700000000001,4727.4499999999998,4727.6800000000003,,
2026-04-26T21:38:51.0316250-07:00,-22000,31000,4727.3699999999999,4727.6700000000001,4727.4499999999998,4727.6800000000003,,
2026-04-26T21:38:51.0805961-07:00,-29000,25000,4727.4300000000003,4727.7399999999998,4727.4499999999998,4727.6800000000003,,
2026-04-26T21:38:51.1419791-07:00,-28000,25999,4727.4300000000003,4727.7399999999998,4727.46,4727.6899999999996,,
2026-04-26T21:38:51.1722927-07:00,-20000,33999,4727.3500000000004,4727.6599999999999,4727.46,4727.6899999999996,,
2026-04-26T21:38:51.2189972-07:00,-17000,34999,4727.3500000000004,4727.6599999999999,4727.4899999999998,4727.6999999999998,,
2026-04-26T21:38:51.2814539-07:00,-17000,34999,4727.3500000000004,4727.6599999999999,4727.4899999999998,4727.6999999999998,,
2026-04-26T21:38:51.3284612-07:00,-17000,34999,4727.3500000000004,4727.6599999999999,4727.4899999999998,4727.6999999999998,,
2026-04-26T21:38:51.3753748-07:00,-23999,28000,4727.4200000000001,4727.7299999999996,4727.4899999999998,4727.6999999999998,,
2026-04-26T21:38:51.4233535-07:00,-23999,28000,4727.4200000000001,4727.7299999999996,4727.4899999999998,4727.6999999999998,,
2026-04-26T21:38:51.4689125-07:00,-23999,28000,4727.4200000000001,4727.7299999999996,4727.4899999999998,4727.6999999999998,,
2026-04-26T21:38:51.5315063-07:00,-23999,28000,4727.4200000000001,4727.7299999999996,4727.4899999999998,4727.6999999999998,,
2026-04-26T21:38:51.5784499-07:00,-23999,28000,4727.4200000000001,4727.7299999999996,4727.4899999999998,4727.6999999999998,,
2026-04-26T21:38:51.6254827-07:00,-23999,28000,4727.4200000000001,4727.7299999999996,4727.4899999999998,4727.6999999999998,,
2026-04-26T21:38:51.6730380-07:00,-23999,28000,4727.4200000000001,4727.7299999999996,4727.4899999999998,4727.6999999999998,,
2026-04-26T21:38:51.7189829-07:00,-25000,26999,4727.4200000000001,4727.7299999999996,4727.4799999999996,4727.6899999999996,,
2026-04-26T21:38:51.7814843-07:00,-25000,26999,4727.4200000000001,4727.7299999999996,4727.4799999999996,4727.6899999999996,,
2026-04-26T21:38:51.8413767-07:00,-25000,26999,4727.4200000000001,4727.7299999999996,4727.4799999999996,4727.6899999999996,,
2026-04-26T21:38:51.8753597-07:00,-26000,27999,4727.4099999999999,4727.7399999999998,4727.4799999999996,4727.6899999999996,,
2026-04-26T21:38:51.9223182-07:00,-26000,27999,4727.4099999999999,4727.7399999999998,4727.4799999999996,4727.6899999999996,,
2026-04-26T21:38:51.9689619-07:00,-26000,27999,4727.4099999999999,4727.7399999999998,4727.4799999999996,4727.6899999999996,,
2026-04-26T21:38:52.0316967-07:00,-26000,27999,4727.4099999999999,4727.7399999999998,4727.4799999999996,4727.6899999999996,,
2026-04-26T21:38:52.0891497-07:00,-26000,27999,4727.4099999999999,4727.7399999999998,4727.4799999999996,4727.6899999999996,,
2026-04-26T21:38:52.1251461-07:00,-26000,27999,4727.4099999999999,4727.7399999999998,4727.4799999999996,4727.6899999999996,,
2026-04-26T21:38:52.1723558-07:00,-24000,26999,4727.4200000000001,4727.7200000000003,4727.4799999999996,4727.6899999999996,,
2026-04-26T21:38:52.2190073-07:00,-24000,26999,4727.4200000000001,4727.7200000000003,4727.4799999999996,4727.6899999999996,,
2026-04-26T21:38:52.2814930-07:00,-24000,26999,4727.4200000000001,4727.7200000000003,4727.4799999999996,4727.6899999999996,,
2026-04-26T21:38:52.3383293-07:00,-24000,26999,4727.4200000000001,4727.7200000000003,4727.4799999999996,4727.6899999999996,,
2026-04-26T21:38:52.3752751-07:00,-25000,29000,4727.3999999999996,4727.7299999999996,4727.4799999999996,4727.6899999999996,,
2026-04-26T21:38:52.4222230-07:00,-25000,29000,4727.3999999999996,4727.7299999999996,4727.4799999999996,4727.6899999999996,,
2026-04-26T21:38:52.4693373-07:00,-25000,29000,4727.3999999999996,4727.7299999999996,4727.4799999999996,4727.6899999999996,,
2026-04-26T21:38:52.5315651-07:00,-25000,29000,4727.3999999999996,4727.7299999999996,4727.4799999999996,4727.6899999999996,,
2026-04-26T21:38:52.5794685-07:00,-25000,29000,4727.3999999999996,4727.7299999999996,4727.4799999999996,4727.6899999999996,,
2026-04-26T21:38:52.6252357-07:00,-25000,29000,4727.3999999999996,4727.7299999999996,4727.4799999999996,4727.6899999999996,,
2026-04-26T21:38:52.6849801-07:00,-25000,29000,4727.3999999999996,4727.7299999999996,4727.4799999999996,4727.6899999999996,,
2026-04-26T21:38:52.7192411-07:00,-25000,29000,4727.3999999999996,4727.7299999999996,4727.4799999999996,4727.6899999999996,,
2026-04-26T21:38:52.7814505-07:00,-25000,29000,4727.3999999999996,4727.7299999999996,4727.4799999999996,4727.6899999999996,,
2026-04-26T21:38:52.8408643-07:00,-25000,29000,4727.3999999999996,4727.7299999999996,4727.4799999999996,4727.6899999999996,,
2026-04-26T21:38:52.8753804-07:00,-25000,29000,4727.3999999999996,4727.7299999999996,4727.4799999999996,4727.6899999999996,,
2026-04-26T21:38:52.9221076-07:00,-25000,29000,4727.3999999999996,4727.7299999999996,4727.4799999999996,4727.6899999999996,,
2026-04-26T21:38:52.9696215-07:00,-25000,29000,4727.3999999999996,4727.7299999999996,4727.4799999999996,4727.6899999999996,,
2026-04-26T21:38:53.0318144-07:00,-25000,29000,4727.3999999999996,4727.7299999999996,4727.4799999999996,4727.6899999999996,,
2026-04-26T21:38:53.0785158-07:00,-25000,29000,4727.3999999999996,4727.7299999999996,4727.4799999999996,4727.6899999999996,,
2026-04-26T21:38:53.1259755-07:00,-25000,29000,4727.3999999999996,4727.7299999999996,4727.4799999999996,4727.6899999999996,,
2026-04-26T21:38:53.1723469-07:00,-25000,29000,4727.3999999999996,4727.7299999999996,4727.4799999999996,4727.6899999999996,,
2026-04-26T21:38:53.2191227-07:00,-23999,28000,4727.3999999999996,4727.7299999999996,4727.4899999999998,4727.6800000000003,,
2026-04-26T21:38:53.2816126-07:00,-23999,28000,4727.3999999999996,4727.7299999999996,4727.4899999999998,4727.6800000000003,,
2026-04-26T21:38:53.3380175-07:00,-23999,28000,4727.3999999999996,4727.7299999999996,4727.4899999999998,4727.6800000000003,,
2026-04-26T21:38:53.3758659-07:00,-23999,28000,4727.3999999999996,4727.7299999999996,4727.4899999999998,4727.6800000000003,,
2026-04-26T21:38:53.4223769-07:00,-23999,28000,4727.3999999999996,4727.7299999999996,4727.4899999999998,4727.6800000000003,,
2026-04-26T21:38:53.4703383-07:00,-23999,28000,4727.3999999999996,4727.7299999999996,4727.4899999999998,4727.6800000000003,,
2026-04-26T21:38:53.5313830-07:00,-23999,28000,4727.3999999999996,4727.7299999999996,4727.4899999999998,4727.6800000000003,,
2026-04-26T21:38:53.5788852-07:00,-23999,28000,4727.3999999999996,4727.7299999999996,4727.4899999999998,4727.6800000000003,,
2026-04-26T21:38:53.6477374-07:00,-23999,28000,4727.3999999999996,4727.7299999999996,4727.4899999999998,4727.6800000000003,,
2026-04-26T21:38:53.6720711-07:00,-23999,28000,4727.3999999999996,4727.7299999999996,4727.4899999999998,4727.6800000000003,,
2026-04-26T21:38:53.7190768-07:00,-23999,28000,4727.3999999999996,4727.7299999999996,4727.4899999999998,4727.6800000000003,,
2026-04-26T21:38:53.7824581-07:00,-23999,28000,4727.3999999999996,4727.7299999999996,4727.4899999999998,4727.6800000000003,,
2026-04-26T21:38:53.8283785-07:00,-23999,28000,4727.3999999999996,4727.7299999999996,4727.4899999999998,4727.6800000000003,,
2026-04-26T21:38:53.8753838-07:00,-23999,28000,4727.3999999999996,4727.7299999999996,4727.4899999999998,4727.6800000000003,,
2026-04-26T21:38:53.9353445-07:00,-23999,28000,4727.3999999999996,4727.7299999999996,4727.4899999999998,4727.6800000000003,,
2026-04-26T21:38:53.9692373-07:00,-23999,28000,4727.3999999999996,4727.7299999999996,4727.4899999999998,4727.6800000000003,,
2026-04-26T21:38:54.0158907-07:00,-23999,28000,4727.3999999999996,4727.7299999999996,4727.4899999999998,4727.6800000000003,,
2026-04-26T21:38:54.0786818-07:00,-23999,28000,4727.3999999999996,4727.7299999999996,4727.4899999999998,4727.6800000000003,,
2026-04-26T21:38:54.1258848-07:00,-45999,4000,4727.3999999999996,4727.7299999999996,4727.2700000000004,4727.4399999999996,,
2026-04-26T21:38:54.1720353-07:00,-45999,4000,4727.3999999999996,4727.7299999999996,4727.2700000000004,4727.4399999999996,,
2026-04-26T21:38:54.2208904-07:00,-25000,25000,4727.1899999999996,4727.5200000000004,4727.2700000000004,4727.4399999999996,,
2026-04-26T21:38:54.2817634-07:00,-21000,26000,4727.1899999999996,4727.4899999999998,4727.2799999999997,4727.4499999999998,,
2026-04-26T21:38:54.3286741-07:00,-21000,26000,4727.1899999999996,4727.4899999999998,4727.2799999999997,4727.4499999999998,,
2026-04-26T21:38:54.3752515-07:00,-16000,31000,4727.1899999999996,4727.4899999999998,4727.3299999999999,4727.5,,
2026-04-26T21:38:54.4220450-07:00,-22000,26000,4727.2399999999998,4727.5500000000002,4727.3299999999999,4727.5,,
2026-04-26T21:38:54.4692786-07:00,-22000,26000,4727.2399999999998,4727.5500000000002,4727.3299999999999,4727.5,,
2026-04-26T21:38:54.5316197-07:00,-22000,26000,4727.2399999999998,4727.5500000000002,4727.3299999999999,4727.5,,
2026-04-26T21:38:54.5786209-07:00,-22000,26000,4727.2399999999998,4727.5500000000002,4727.3299999999999,4727.5,,
2026-04-26T21:38:54.6253369-07:00,-22000,26000,4727.2399999999998,4727.5500000000002,4727.3299999999999,4727.5,,
2026-04-26T21:38:54.6721026-07:00,-22000,26000,4727.2399999999998,4727.5500000000002,4727.3299999999999,4727.5,,
2026-04-26T21:38:54.7195045-07:00,-22000,26000,4727.2399999999998,4727.5500000000002,4727.3299999999999,4727.5,,
2026-04-26T21:38:54.7816360-07:00,-22000,26000,4727.2399999999998,4727.5500000000002,4727.3299999999999,4727.5,,
2026-04-26T21:38:54.8285132-07:00,-22000,26000,4727.2399999999998,4727.5500000000002,4727.3299999999999,4727.5,,
2026-04-26T21:38:54.8753804-07:00,-22000,26000,4727.2399999999998,4727.5500000000002,4727.3299999999999,4727.5,,
2026-04-26T21:38:54.9220625-07:00,-22000,26000,4727.2399999999998,4727.5500000000002,4727.3299999999999,4727.5,,
2026-04-26T21:38:54.9691002-07:00,-22000,26000,4727.2399999999998,4727.5500000000002,4727.3299999999999,4727.5,,
2026-04-26T21:38:55.0163235-07:00,-19000,29000,4727.2399999999998,4727.5500000000002,4727.3599999999997,4727.5299999999997,,
2026-04-26T21:38:55.0784580-07:00,-19000,29000,4727.2399999999998,4727.5500000000002,4727.3599999999997,4727.5299999999997,,
2026-04-26T21:38:55.1266092-07:00,-26000,29000,4727.2700000000004,4727.5900000000001,4727.3299999999999,4727.5600000000004,,
2026-04-26T21:38:55.1720077-07:00,-26000,29000,4727.2700000000004,4727.5900000000001,4727.3299999999999,4727.5600000000004,,
2026-04-26T21:38:55.2192760-07:00,-26000,29000,4727.2700000000004,4727.5900000000001,4727.3299999999999,4727.5600000000004,,
2026-04-26T21:38:55.2816103-07:00,-26000,29000,4727.2700000000004,4727.5900000000001,4727.3299999999999,4727.5600000000004,,
2026-04-26T21:38:55.3283134-07:00,-26000,29000,4727.2700000000004,4727.5900000000001,4727.3299999999999,4727.5600000000004,,
2026-04-26T21:38:55.3756217-07:00,-26000,29000,4727.2700000000004,4727.5900000000001,4727.3299999999999,4727.5600000000004,,
2026-04-26T21:38:55.4224749-07:00,-26000,29000,4727.2700000000004,4727.5900000000001,4727.3299999999999,4727.5600000000004,,
2026-04-26T21:38:55.4691250-07:00,-26000,29000,4727.2700000000004,4727.5900000000001,4727.3299999999999,4727.5600000000004,,
2026-04-26T21:38:55.5319803-07:00,-26000,29000,4727.2700000000004,4727.5900000000001,4727.3299999999999,4727.5600000000004,,
2026-04-26T21:38:55.5882722-07:00,-26000,29000,4727.2700000000004,4727.5900000000001,4727.3299999999999,4727.5600000000004,,
2026-04-26T21:38:55.6253956-07:00,-26000,29000,4727.2700000000004,4727.5900000000001,4727.3299999999999,4727.5600000000004,,
2026-04-26T21:38:55.6722013-07:00,-26000,29000,4727.2700000000004,4727.5900000000001,4727.3299999999999,4727.5600000000004,,
2026-04-26T21:38:55.7242121-07:00,-26000,29000,4727.2700000000004,4727.5900000000001,4727.3299999999999,4727.5600000000004,,
2026-04-26T21:38:55.7816885-07:00,-26000,29000,4727.2700000000004,4727.5900000000001,4727.3299999999999,4727.5600000000004,,
2026-04-26T21:38:55.8284774-07:00,-26000,29000,4727.2700000000004,4727.5900000000001,4727.3299999999999,4727.5600000000004,,
2026-04-26T21:38:55.8753284-07:00,-26000,29000,4727.2700000000004,4727.5900000000001,4727.3299999999999,4727.5600000000004,,
2026-04-26T21:38:55.9243221-07:00,-26000,29000,4727.2700000000004,4727.5900000000001,4727.3299999999999,4727.5600000000004,,
2026-04-26T21:38:55.9697837-07:00,-26000,29000,4727.2700000000004,4727.5900000000001,4727.3299999999999,4727.5600000000004,,
2026-04-26T21:38:56.0316529-07:00,-26000,29000,4727.2700000000004,4727.5900000000001,4727.3299999999999,4727.5600000000004,,
2026-04-26T21:38:56.0787120-07:00,-26000,29000,4727.2700000000004,4727.5900000000001,4727.3299999999999,4727.5600000000004,,
2026-04-26T21:38:56.1262393-07:00,-26000,29000,4727.2700000000004,4727.5900000000001,4727.3299999999999,4727.5600000000004,,
2026-04-26T21:38:56.1720968-07:00,-25000,27999,4727.2700000000004,4727.5900000000001,4727.3400000000001,4727.5500000000002,,
2026-04-26T21:38:56.2214028-07:00,-25000,27999,4727.2700000000004,4727.5900000000001,4727.3400000000001,4727.5500000000002,,
2026-04-26T21:38:56.2816609-07:00,-25000,27999,4727.2700000000004,4727.5900000000001,4727.3400000000001,4727.5500000000002,,
2026-04-26T21:38:56.3284101-07:00,-25000,27999,4727.2700000000004,4727.5900000000001,4727.3400000000001,4727.5500000000002,,
2026-04-26T21:38:56.3753558-07:00,-25000,27999,4727.2700000000004,4727.5900000000001,4727.3400000000001,4727.5500000000002,,
2026-04-26T21:38:56.4223305-07:00,-25000,27999,4727.2700000000004,4727.5900000000001,4727.3400000000001,4727.5500000000002,,
2026-04-26T21:38:56.4690778-07:00,-25000,27999,4727.2700000000004,4727.5900000000001,4727.3400000000001,4727.5500000000002,,
2026-04-26T21:38:56.5315556-07:00,-25000,27999,4727.2700000000004,4727.5900000000001,4727.3400000000001,4727.5500000000002,,
2026-04-26T21:38:56.5784986-07:00,-25000,27999,4727.2700000000004,4727.5900000000001,4727.3400000000001,4727.5500000000002,,
2026-04-26T21:38:56.6261775-07:00,-25000,27999,4727.2700000000004,4727.5900000000001,4727.3400000000001,4727.5500000000002,,
2026-04-26T21:38:56.6721784-07:00,-25000,27999,4727.2700000000004,4727.5900000000001,4727.3400000000001,4727.5500000000002,,
2026-04-26T21:38:56.7199792-07:00,-25000,27999,4727.2700000000004,4727.5900000000001,4727.3400000000001,4727.5500000000002,,
2026-04-26T21:38:56.7659655-07:00,-25000,27999,4727.2700000000004,4727.5900000000001,4727.3400000000001,4727.5500000000002,,
2026-04-26T21:38:56.8286328-07:00,-25000,27999,4727.2700000000004,4727.5900000000001,4727.3400000000001,4727.5500000000002,,
2026-04-26T21:38:56.8761081-07:00,-25000,27999,4727.2700000000004,4727.5900000000001,4727.3400000000001,4727.5500000000002,,
2026-04-26T21:38:56.9401217-07:00,-20000,32000,4727.2299999999996,4727.54,4727.3400000000001,4727.5500000000002,,
2026-04-26T21:38:56.9689149-07:00,-22000,30000,4727.2299999999996,4727.54,4727.3199999999997,4727.5299999999997,,
2026-04-26T21:38:57.0316509-07:00,-22000,30000,4727.2299999999996,4727.54,4727.3199999999997,4727.5299999999997,,
2026-04-26T21:38:57.0783510-07:00,-22000,30000,4727.2299999999996,4727.54,4727.3199999999997,4727.5299999999997,,
2026-04-26T21:38:57.1252422-07:00,-26000,27000,4727.2600000000002,4727.5799999999999,4727.3199999999997,4727.5299999999997,,
2026-04-26T21:38:57.1739029-07:00,-25000,27000,4727.2600000000002,4727.5799999999999,4727.3299999999999,4727.5299999999997,,
2026-04-26T21:38:57.2189880-07:00,-23000,27000,4727.2600000000002,4727.5600000000004,4727.3299999999999,4727.5299999999997,,
2026-04-26T21:38:57.2816444-07:00,-23000,27000,4727.2600000000002,4727.5600000000004,4727.3299999999999,4727.5299999999997,,
2026-04-26T21:38:57.3285082-07:00,-23000,27000,4727.2600000000002,4727.5600000000004,4727.3299999999999,4727.5299999999997,,
2026-04-26T21:38:57.3755360-07:00,-23000,27000,4727.2600000000002,4727.5600000000004,4727.3299999999999,4727.5299999999997,,
2026-04-26T21:38:57.4229895-07:00,-23000,27000,4727.2600000000002,4727.5600000000004,4727.3299999999999,4727.5299999999997,,
2026-04-26T21:38:57.4690283-07:00,-23000,27000,4727.2600000000002,4727.5600000000004,4727.3299999999999,4727.5299999999997,,
2026-04-26T21:38:57.5319370-07:00,-23000,27000,4727.2600000000002,4727.5600000000004,4727.3299999999999,4727.5299999999997,,
2026-04-26T21:38:57.5785943-07:00,-23000,27000,4727.2600000000002,4727.5600000000004,4727.3299999999999,4727.5299999999997,,
2026-04-26T21:38:57.6253699-07:00,-23000,27000,4727.2600000000002,4727.5600000000004,4727.3299999999999,4727.5299999999997,,
2026-04-26T21:38:57.6723225-07:00,-23000,27000,4727.2600000000002,4727.5600000000004,4727.3299999999999,4727.5299999999997,,
2026-04-26T21:38:57.7191154-07:00,-23000,27000,4727.2600000000002,4727.5600000000004,4727.3299999999999,4727.5299999999997,,
2026-04-26T21:38:57.7661077-07:00,-23000,27000,4727.2600000000002,4727.5600000000004,4727.3299999999999,4727.5299999999997,,
2026-04-26T21:38:57.8287035-07:00,-23000,27000,4727.2600000000002,4727.5600000000004,4727.3299999999999,4727.5299999999997,,
2026-04-26T21:38:57.8752016-07:00,-23000,27000,4727.2600000000002,4727.5600000000004,4727.3299999999999,4727.5299999999997,,
2026-04-26T21:38:57.9225143-07:00,-23000,27000,4727.2600000000002,4727.5600000000004,4727.3299999999999,4727.5299999999997,,
2026-04-26T21:38:57.9691588-07:00,-23000,27000,4727.2600000000002,4727.5600000000004,4727.3299999999999,4727.5299999999997,,
2026-04-26T21:38:58.0315426-07:00,-23000,27000,4727.2600000000002,4727.5600000000004,4727.3299999999999,4727.5299999999997,,
2026-04-26T21:38:58.0793833-07:00,-23000,27000,4727.2600000000002,4727.5600000000004,4727.3299999999999,4727.5299999999997,,
2026-04-26T21:38:58.1252892-07:00,-23000,27000,4727.2600000000002,4727.5600000000004,4727.3299999999999,4727.5299999999997,,
2026-04-26T21:38:58.1736669-07:00,-22000,26000,4727.2600000000002,4727.5600000000004,4727.3400000000001,4727.5200000000004,,
2026-04-26T21:38:58.2190502-07:00,-22000,26000,4727.2600000000002,4727.5600000000004,4727.3400000000001,4727.5200000000004,,
2026-04-26T21:38:58.2814142-07:00,-22000,26000,4727.2600000000002,4727.5600000000004,4727.3400000000001,4727.5200000000004,,
2026-04-26T21:38:58.3284581-07:00,-22000,26000,4727.2600000000002,4727.5600000000004,4727.3400000000001,4727.5200000000004,,
2026-04-26T21:38:58.3756611-07:00,-22000,26000,4727.2600000000002,4727.5600000000004,4727.3400000000001,4727.5200000000004,,
2026-04-26T21:38:58.4236145-07:00,-22000,26000,4727.2600000000002,4727.5600000000004,4727.3400000000001,4727.5200000000004,,
2026-04-26T21:38:58.4691912-07:00,-22000,26000,4727.2600000000002,4727.5600000000004,4727.3400000000001,4727.5200000000004,,
2026-04-26T21:38:58.5315948-07:00,-24000,28000,4727.2399999999998,4727.5799999999999,4727.3400000000001,4727.5200000000004,,
2026-04-26T21:38:58.5786605-07:00,-24000,28000,4727.2399999999998,4727.5799999999999,4727.3400000000001,4727.5200000000004,,
2026-04-26T21:38:58.6253828-07:00,-24000,28000,4727.2399999999998,4727.5799999999999,4727.3400000000001,4727.5200000000004,,
2026-04-26T21:38:58.6725717-07:00,-24000,28000,4727.2399999999998,4727.5799999999999,4727.3400000000001,4727.5200000000004,,
2026-04-26T21:38:58.7190293-07:00,-24000,28000,4727.2399999999998,4727.5799999999999,4727.3400000000001,4727.5200000000004,,
2026-04-26T21:38:58.7815567-07:00,-24000,28000,4727.2399999999998,4727.5799999999999,4727.3400000000001,4727.5200000000004,,
2026-04-26T21:38:58.8389124-07:00,-24000,28000,4727.2399999999998,4727.5799999999999,4727.3400000000001,4727.5200000000004,,
2026-04-26T21:38:58.8752818-07:00,-24000,28000,4727.2399999999998,4727.5799999999999,4727.3400000000001,4727.5200000000004,,
2026-04-26T21:38:58.9223565-07:00,-24000,28000,4727.2399999999998,4727.5799999999999,4727.3400000000001,4727.5200000000004,,
2026-04-26T21:38:58.9691001-07:00,-24000,28000,4727.2399999999998,4727.5799999999999,4727.3400000000001,4727.5200000000004,,
2026-04-26T21:38:59.0316288-07:00,-24000,28000,4727.2399999999998,4727.5799999999999,4727.3400000000001,4727.5200000000004,,
2026-04-26T21:38:59.0788212-07:00,-24000,28000,4727.2399999999998,4727.5799999999999,4727.3400000000001,4727.5200000000004,,
2026-04-26T21:38:59.1413413-07:00,-24000,28000,4727.2399999999998,4727.5799999999999,4727.3400000000001,4727.5200000000004,,
2026-04-26T21:38:59.1911462-07:00,-22000,26000,4727.2399999999998,4727.5799999999999,4727.3599999999997,4727.5,,
2026-04-26T21:38:59.2193992-07:00,-22000,26000,4727.2399999999998,4727.5799999999999,4727.3599999999997,4727.5,,
2026-04-26T21:38:59.2815874-07:00,-22000,26000,4727.2399999999998,4727.5799999999999,4727.3599999999997,4727.5,,
2026-04-26T21:38:59.3285596-07:00,-22000,26000,4727.2399999999998,4727.5799999999999,4727.3599999999997,4727.5,,
2026-04-26T21:38:59.3756921-07:00,-22000,26000,4727.2399999999998,4727.5799999999999,4727.3599999999997,4727.5,,
2026-04-26T21:38:59.4223204-07:00,-22000,26000,4727.2399999999998,4727.5799999999999,4727.3599999999997,4727.5,,
2026-04-26T21:38:59.4698723-07:00,-22000,26000,4727.2399999999998,4727.5799999999999,4727.3599999999997,4727.5,,
2026-04-26T21:38:59.5163355-07:00,-22000,26000,4727.2399999999998,4727.5799999999999,4727.3599999999997,4727.5,,
2026-04-26T21:38:59.5906085-07:00,-22000,26000,4727.2399999999998,4727.5799999999999,4727.3599999999997,4727.5,,
2026-04-26T21:38:59.6263532-07:00,-22000,26000,4727.2399999999998,4727.5799999999999,4727.3599999999997,4727.5,,
2026-04-26T21:38:59.6724145-07:00,-22000,26000,4727.2399999999998,4727.5799999999999,4727.3599999999997,4727.5,,
2026-04-26T21:38:59.7189919-07:00,-22000,26000,4727.2399999999998,4727.5799999999999,4727.3599999999997,4727.5,,
2026-04-26T21:38:59.7818547-07:00,-22000,26000,4727.2399999999998,4727.5799999999999,4727.3599999999997,4727.5,,
2026-04-26T21:38:59.8289664-07:00,-22000,26000,4727.2399999999998,4727.5799999999999,4727.3599999999997,4727.5,,
2026-04-26T21:38:59.8752234-07:00,-17000,31000,4727.2399999999998,4727.5799999999999,4727.4099999999999,4727.5500000000002,,
2026-04-26T21:38:59.9221651-07:00,-17000,31000,4727.2399999999998,4727.5799999999999,4727.4099999999999,4727.5500000000002,,
2026-04-26T21:38:59.9691029-07:00,-17000,31000,4727.2600000000002,4727.6000000000004,4727.4300000000003,4727.5699999999997,,
2026-04-26T21:39:00.0317758-07:00,-17000,31000,4727.2600000000002,4727.6000000000004,4727.4300000000003,4727.5699999999997,,
2026-04-26T21:39:00.0789562-07:00,-20000,25000,4727.3199999999997,4727.6300000000001,4727.4300000000003,4727.5699999999997,,
2026-04-26T21:39:00.1255638-07:00,-20000,25000,4727.3199999999997,4727.6300000000001,4727.4300000000003,4727.5699999999997,,
2026-04-26T21:39:00.1747078-07:00,-20000,25000,4727.3199999999997,4727.6300000000001,4727.4300000000003,4727.5699999999997,,
2026-04-26T21:39:00.2192221-07:00,-20000,25000,4727.3199999999997,4727.6300000000001,4727.4300000000003,4727.5699999999997,,
2026-04-26T21:39:00.2820997-07:00,-20000,25000,4727.3199999999997,4727.6300000000001,4727.4300000000003,4727.5699999999997,,
2026-04-26T21:39:00.3286467-07:00,-20000,25000,4727.3199999999997,4727.6300000000001,4727.4300000000003,4727.5699999999997,,
2026-04-26T21:39:00.3752172-07:00,-2000,43000,4727.3199999999997,4727.6300000000001,4727.6099999999997,4727.75,,
2026-04-26T21:39:00.4222271-07:00,-2000,43000,4727.3199999999997,4727.6300000000001,4727.6099999999997,4727.75,,
2026-04-26T21:39:00.4689758-07:00,7000,54000,4727.3500000000004,4727.6800000000003,4727.75,4727.8900000000003,,
2026-04-26T21:39:00.5159357-07:00,7000,54000,4727.3500000000004,4727.6800000000003,4727.75,4727.8900000000003,,
2026-04-26T21:39:00.5784790-07:00,-18999,26999,4727.6400000000003,4727.96,4727.7700000000004,4727.9099999999999,,
2026-04-26T21:39:00.6254352-07:00,-18999,26999,4727.6400000000003,4727.96,4727.7700000000004,4727.9099999999999,,
2026-04-26T21:39:00.6722753-07:00,-18999,26999,4727.6400000000003,4727.96,4727.7700000000004,4727.9099999999999,,
2026-04-26T21:39:00.7193160-07:00,-18999,26999,4727.6400000000003,4727.96,4727.7700000000004,4727.9099999999999,,
2026-04-26T21:39:00.7833792-07:00,-20999,26000,4727.6499999999996,4727.9799999999996,4727.7700000000004,4727.9099999999999,,
2026-04-26T21:39:00.8298291-07:00,-20999,26000,4727.6499999999996,4727.9799999999996,4727.7700000000004,4727.9099999999999,,
2026-04-26T21:39:00.8773142-07:00,-20999,26000,4727.6499999999996,4727.9799999999996,4727.7700000000004,4727.9099999999999,,
2026-04-26T21:39:00.9255449-07:00,-20999,26000,4727.6499999999996,4727.9799999999996,4727.7700000000004,4727.9099999999999,,
2026-04-26T21:39:00.9710923-07:00,-20999,26000,4727.6499999999996,4727.9799999999996,4727.7700000000004,4727.9099999999999,,
2026-04-26T21:39:01.0320043-07:00,-20999,26000,4727.6499999999996,4727.9799999999996,4727.7700000000004,4727.9099999999999,,
2026-04-26T21:39:01.0783915-07:00,-20999,26000,4727.6499999999996,4727.9799999999996,4727.7700000000004,4727.9099999999999,,
2026-04-26T21:39:01.1258881-07:00,-20999,26000,4727.6499999999996,4727.9799999999996,4727.7700000000004,4727.9099999999999,,
2026-04-26T21:39:01.1720569-07:00,-20999,25000,4727.6599999999999,4727.9799999999996,4727.7700000000004,4727.9099999999999,,
2026-04-26T21:39:01.2191768-07:00,-20999,25000,4727.6599999999999,4727.9799999999996,4727.7700000000004,4727.9099999999999,,
2026-04-26T21:39:01.2814206-07:00,-20999,25000,4727.6599999999999,4727.9799999999996,4727.7700000000004,4727.9099999999999,,
2026-04-26T21:39:01.3311716-07:00,-20999,25000,4727.6599999999999,4727.9799999999996,4727.7700000000004,4727.9099999999999,,
2026-04-26T21:39:01.3779919-07:00,-20999,25000,4727.6599999999999,4727.9799999999996,4727.7700000000004,4727.9099999999999,,
2026-04-26T21:39:01.4223207-07:00,-20999,25000,4727.6599999999999,4727.9799999999996,4727.7700000000004,4727.9099999999999,,
2026-04-26T21:39:01.4692015-07:00,-20999,25000,4727.6599999999999,4727.9799999999996,4727.7700000000004,4727.9099999999999,,
2026-04-26T21:39:01.5315381-07:00,-20999,25000,4727.6599999999999,4727.9799999999996,4727.7700000000004,4727.9099999999999,,
2026-04-26T21:39:01.5800166-07:00,-20999,25000,4727.6599999999999,4727.9799999999996,4727.7700000000004,4727.9099999999999,,
2026-04-26T21:39:01.6252257-07:00,-20999,25000,4727.6599999999999,4727.9799999999996,4727.7700000000004,4727.9099999999999,,
2026-04-26T21:39:01.6750262-07:00,-20999,25000,4727.6599999999999,4727.9799999999996,4727.7700000000004,4727.9099999999999,,
2026-04-26T21:39:01.7190995-07:00,-20999,25000,4727.6599999999999,4727.9799999999996,4727.7700000000004,4727.9099999999999,,
2026-04-26T21:39:01.7815971-07:00,-20999,25000,4727.6599999999999,4727.9799999999996,4727.7700000000004,4727.9099999999999,,
2026-04-26T21:39:01.8587588-07:00,-21999,23999,4727.6599999999999,4727.9799999999996,4727.7600000000002,4727.8999999999996,,
2026-04-26T21:39:01.8793387-07:00,-21999,23999,4727.6599999999999,4727.9799999999996,4727.7600000000002,4727.8999999999996,,
2026-04-26T21:39:01.9223048-07:00,-21999,23999,4727.6599999999999,4727.9799999999996,4727.7600000000002,4727.8999999999996,,
2026-04-26T21:39:01.9691613-07:00,-27000,19000,4727.7299999999996,4728.0500000000002,4727.7799999999997,4727.9200000000001,,
2026-04-26T21:39:02.0318214-07:00,-27000,19000,4727.7299999999996,4728.0500000000002,4727.7799999999997,4727.9200000000001,,
2026-04-26T21:39:02.0789757-07:00,-15999,30000,4727.6599999999999,4727.9799999999996,4727.8199999999997,4727.96,,
2026-04-26T21:39:02.1262499-07:00,-15999,30000,4727.6599999999999,4727.9799999999996,4727.8199999999997,4727.96,,
2026-04-26T21:39:02.1722566-07:00,-23000,24000,4727.7200000000003,4728.0500000000002,4727.8199999999997,4727.96,,
2026-04-26T21:39:02.2214380-07:00,-33000,20000,4727.7200000000003,4728.0500000000002,4727.7200000000003,4727.9200000000001,,
2026-04-26T21:39:02.2659911-07:00,-33000,20000,4727.7200000000003,4728.0500000000002,4727.7200000000003,4727.9200000000001,,
2026-04-26T21:39:02.3285158-07:00,-34000,19000,4727.7200000000003,4728.0500000000002,4727.71,4727.9099999999999,,
2026-04-26T21:39:02.3755413-07:00,-30000,22000,4727.6899999999996,4728.0100000000002,4727.71,4727.9099999999999,,
2026-04-26T21:39:02.4223837-07:00,-30000,22000,4727.6899999999996,4728.0100000000002,4727.71,4727.9099999999999,,
2026-04-26T21:39:02.4701836-07:00,-22000,29000,4727.6199999999999,4727.9300000000003,4727.71,4727.9099999999999,,
2026-04-26T21:39:02.5328057-07:00,-22000,29000,4727.6199999999999,4727.9300000000003,4727.71,4727.9099999999999,,
2026-04-26T21:39:02.5786934-07:00,-22000,29000,4727.6199999999999,4727.9300000000003,4727.71,4727.9099999999999,,
2026-04-26T21:39:02.6265734-07:00,-22000,29000,4727.6199999999999,4727.9300000000003,4727.71,4727.9099999999999,,
2026-04-26T21:39:02.6725833-07:00,-22000,29000,4727.6199999999999,4727.9300000000003,4727.71,4727.9099999999999,,
2026-04-26T21:39:02.7208012-07:00,-22000,29000,4727.6199999999999,4727.9300000000003,4727.71,4727.9099999999999,,
2026-04-26T21:39:02.7822897-07:00,-22000,29000,4727.6199999999999,4727.9300000000003,4727.71,4727.9099999999999,,
2026-04-26T21:39:02.8400892-07:00,-22000,29000,4727.6199999999999,4727.9300000000003,4727.71,4727.9099999999999,,
2026-04-26T21:39:02.8770897-07:00,-22000,29000,4727.6199999999999,4727.9300000000003,4727.71,4727.9099999999999,,
2026-04-26T21:39:02.9235551-07:00,-22000,29000,4727.6199999999999,4727.9300000000003,4727.71,4727.9099999999999,,
2026-04-26T21:39:02.9733828-07:00,-22000,29000,4727.6199999999999,4727.9300000000003,4727.71,4727.9099999999999,,
2026-04-26T21:39:03.0513757-07:00,-22000,29000,4727.6199999999999,4727.9300000000003,4727.71,4727.9099999999999,,
2026-04-26T21:39:03.0796734-07:00,-22000,29000,4727.6199999999999,4727.9300000000003,4727.71,4727.9099999999999,,
2026-04-26T21:39:03.1263241-07:00,-22000,29000,4727.6199999999999,4727.9300000000003,4727.71,4727.9099999999999,,
2026-04-26T21:39:03.1732660-07:00,-22000,29000,4727.6199999999999,4727.9300000000003,4727.71,4727.9099999999999,,
2026-04-26T21:39:03.2204708-07:00,-21000,29000,4727.6199999999999,4727.9300000000003,4727.7200000000003,4727.9099999999999,,
2026-04-26T21:39:03.2672593-07:00,-21000,29000,4727.6199999999999,4727.9300000000003,4727.7200000000003,4727.9099999999999,,
2026-04-26T21:39:03.3412099-07:00,-21000,29000,4727.6199999999999,4727.9300000000003,4727.7200000000003,4727.9099999999999,,
2026-04-26T21:39:03.3770860-07:00,-21000,29000,4727.6199999999999,4727.9300000000003,4727.7200000000003,4727.9099999999999,,
2026-04-26T21:39:03.4255376-07:00,-21000,29000,4727.6199999999999,4727.9300000000003,4727.7200000000003,4727.9099999999999,,
2026-04-26T21:39:03.4708604-07:00,-22000,27999,4727.6199999999999,4727.9300000000003,4727.71,4727.8999999999996,,
2026-04-26T21:39:03.5339957-07:00,-22000,27999,4727.6199999999999,4727.9300000000003,4727.71,4727.8999999999996,,
2026-04-26T21:39:03.6241349-07:00,-20000,29999,4727.6000000000004,4727.9099999999999,4727.71,4727.8999999999996,,
2026-04-26T21:39:03.6293003-07:00,-20000,29999,4727.6000000000004,4727.9099999999999,4727.71,4727.8999999999996,,
2026-04-26T21:39:03.6738283-07:00,-20000,29999,4727.6000000000004,4727.9099999999999,4727.71,4727.8999999999996,,
2026-04-26T21:39:03.7207669-07:00,-21000,30999,4727.5900000000001,4727.9200000000001,4727.71,4727.8999999999996,,
2026-04-26T21:39:03.7832711-07:00,-21000,30999,4727.5900000000001,4727.9200000000001,4727.71,4727.8999999999996,,
2026-04-26T21:39:03.8645106-07:00,-22000,30000,4727.5900000000001,4727.9200000000001,4727.6999999999998,4727.8900000000003,,
2026-04-26T21:39:03.8770800-07:00,-22000,30000,4727.5900000000001,4727.9200000000001,4727.6999999999998,4727.8900000000003,,
2026-04-26T21:39:03.9240694-07:00,-23000,26000,4727.6300000000001,4727.9300000000003,4727.6999999999998,4727.8900000000003,,
2026-04-26T21:39:04.0030590-07:00,-21999,30000,4727.6099999999997,4727.9399999999996,4727.7200000000003,4727.9099999999999,,
2026-04-26T21:39:04.0333886-07:00,-21999,30000,4727.6099999999997,4727.9399999999996,4727.7200000000003,4727.9099999999999,,
2026-04-26T21:39:04.0802962-07:00,-21999,30000,4727.6099999999997,4727.9399999999996,4727.7200000000003,4727.9099999999999,,
2026-04-26T21:39:04.1278055-07:00,-21999,30000,4727.6099999999997,4727.9399999999996,4727.7200000000003,4727.9099999999999,,
2026-04-26T21:39:04.1739539-07:00,-21999,30000,4727.6099999999997,4727.9399999999996,4727.7200000000003,4727.9099999999999,,
2026-04-26T21:39:04.2338237-07:00,-21000,29000,4727.6099999999997,4727.9399999999996,4727.7299999999996,4727.8999999999996,,
2026-04-26T21:39:04.2836882-07:00,-21000,29000,4727.6099999999997,4727.9399999999996,4727.7299999999996,4727.8999999999996,,
2026-04-26T21:39:04.3302823-07:00,-21000,29000,4727.6099999999997,4727.9399999999996,4727.7299999999996,4727.8999999999996,,
2026-04-26T21:39:04.3771014-07:00,-21000,29000,4727.6099999999997,4727.9399999999996,4727.7299999999996,4727.8999999999996,,
2026-04-26T21:39:04.4424562-07:00,-21000,29000,4727.6099999999997,4727.9399999999996,4727.7299999999996,4727.8999999999996,,
2026-04-26T21:39:04.4708317-07:00,-21000,29000,4727.6099999999997,4727.9399999999996,4727.7299999999996,4727.8999999999996,,
2026-04-26T21:39:04.5338746-07:00,-21000,29000,4727.6099999999997,4727.9399999999996,4727.7299999999996,4727.8999999999996,,
2026-04-26T21:39:04.5802497-07:00,-21000,29000,4727.6099999999997,4727.9399999999996,4727.7299999999996,4727.8999999999996,,
2026-04-26T21:39:04.6268772-07:00,-21000,31000,4727.6099999999997,4727.9399999999996,4727.7299999999996,4727.9200000000001,,
2026-04-26T21:39:04.6739884-07:00,-21000,31000,4727.6099999999997,4727.9399999999996,4727.7299999999996,4727.9200000000001,,
2026-04-26T21:39:04.7215801-07:00,-21000,31000,4727.6099999999997,4727.9399999999996,4727.7299999999996,4727.9200000000001,,
2026-04-26T21:39:04.7834818-07:00,-21000,31000,4727.6099999999997,4727.9399999999996,4727.7299999999996,4727.9200000000001,,
2026-04-26T21:39:04.8302036-07:00,-21000,31000,4727.6099999999997,4727.9399999999996,4727.7299999999996,4727.9200000000001,,
2026-04-26T21:39:04.8779485-07:00,-21000,31000,4727.6099999999997,4727.9399999999996,4727.7299999999996,4727.9200000000001,,
2026-04-26T21:39:04.9238611-07:00,-21000,31000,4727.6099999999997,4727.9399999999996,4727.7299999999996,4727.9200000000001,,
2026-04-26T21:39:04.9709380-07:00,-21000,31000,4727.6099999999997,4727.9399999999996,4727.7299999999996,4727.9200000000001,,
2026-04-26T21:39:05.0333875-07:00,-21000,31000,4727.6099999999997,4727.9399999999996,4727.7299999999996,4727.9200000000001,,
2026-04-26T21:39:05.0808177-07:00,-21000,31000,4727.6099999999997,4727.9399999999996,4727.7299999999996,4727.9200000000001,,
2026-04-26T21:39:05.1272963-07:00,-21000,31000,4727.6099999999997,4727.9399999999996,4727.7299999999996,4727.9200000000001,,
2026-04-26T21:39:05.1738539-07:00,-21000,31000,4727.6099999999997,4727.9399999999996,4727.7299999999996,4727.9200000000001,,
2026-04-26T21:39:05.2223019-07:00,-19999,30000,4727.6099999999997,4727.9399999999996,4727.7399999999998,4727.9099999999999,,
2026-04-26T21:39:05.2838326-07:00,-19999,30000,4727.6099999999997,4727.9399999999996,4727.7399999999998,4727.9099999999999,,
2026-04-26T21:39:05.3300574-07:00,-19999,30000,4727.6099999999997,4727.9399999999996,4727.7399999999998,4727.9099999999999,,
2026-04-26T21:39:05.3771500-07:00,-19999,30000,4727.6099999999997,4727.9399999999996,4727.7399999999998,4727.9099999999999,,
2026-04-26T21:39:05.4242006-07:00,-19999,30000,4727.6099999999997,4727.9399999999996,4727.7399999999998,4727.9099999999999,,
2026-04-26T21:39:05.4707974-07:00,-19999,30000,4727.6099999999997,4727.9399999999996,4727.7399999999998,4727.9099999999999,,
2026-04-26T21:39:05.5341528-07:00,-19999,30000,4727.6099999999997,4727.9399999999996,4727.7399999999998,4727.9099999999999,,
2026-04-26T21:39:05.5801295-07:00,-19999,30000,4727.6099999999997,4727.9399999999996,4727.7399999999998,4727.9099999999999,,
2026-04-26T21:39:05.6278602-07:00,-19000,28000,4727.6300000000001,4727.9300000000003,4727.7399999999998,4727.9099999999999,,
2026-04-26T21:39:05.6737833-07:00,-19000,28000,4727.6300000000001,4727.9300000000003,4727.7399999999998,4727.9099999999999,,
2026-04-26T21:39:05.7238760-07:00,-19000,28000,4727.6300000000001,4727.9300000000003,4727.7399999999998,4727.9099999999999,,
2026-04-26T21:39:05.7832120-07:00,-19000,28000,4727.6300000000001,4727.9300000000003,4727.7399999999998,4727.9099999999999,,
2026-04-26T21:39:05.8348154-07:00,-19000,28000,4727.6300000000001,4727.9300000000003,4727.7399999999998,4727.9099999999999,,
2026-04-26T21:39:05.8770934-07:00,-19000,28000,4727.6300000000001,4727.9300000000003,4727.7399999999998,4727.9099999999999,,
2026-04-26T21:39:05.9237156-07:00,-19000,28000,4727.6300000000001,4727.9300000000003,4727.7399999999998,4727.9099999999999,,
2026-04-26T21:39:05.9709188-07:00,-19000,28000,4727.6300000000001,4727.9300000000003,4727.7399999999998,4727.9099999999999,,
2026-04-26T21:39:06.0332620-07:00,-19000,28000,4727.6300000000001,4727.9300000000003,4727.7399999999998,4727.9099999999999,,
2026-04-26T21:39:06.0815796-07:00,-19000,28000,4727.6300000000001,4727.9300000000003,4727.7399999999998,4727.9099999999999,,
2026-04-26T21:39:06.1271767-07:00,-19000,28000,4727.6300000000001,4727.9300000000003,4727.7399999999998,4727.9099999999999,,
2026-04-26T21:39:06.1742165-07:00,-19000,28000,4727.6300000000001,4727.9300000000003,4727.7399999999998,4727.9099999999999,,
2026-04-26T21:39:06.2492125-07:00,-19000,26999,4727.6300000000001,4727.9300000000003,4727.7399999999998,4727.8999999999996,,
2026-04-26T21:39:06.2682298-07:00,-19000,26999,4727.6300000000001,4727.9300000000003,4727.7399999999998,4727.8999999999996,,
2026-04-26T21:39:06.3299356-07:00,-19000,26999,4727.6300000000001,4727.9300000000003,4727.7399999999998,4727.8999999999996,,
2026-04-26T21:39:06.3774369-07:00,-19000,26999,4727.6300000000001,4727.9300000000003,4727.7399999999998,4727.8999999999996,,
2026-04-26T21:39:06.4237469-07:00,-19000,26999,4727.6300000000001,4727.9300000000003,4727.7399999999998,4727.8999999999996,,
2026-04-26T21:39:06.4812428-07:00,-19000,26999,4727.6300000000001,4727.9300000000003,4727.7399999999998,4727.8999999999996,,
2026-04-26T21:39:06.5333396-07:00,-19000,26999,4727.6300000000001,4727.9300000000003,4727.7399999999998,4727.8999999999996,,
2026-04-26T21:39:06.5804568-07:00,-19000,26999,4727.6300000000001,4727.9300000000003,4727.7399999999998,4727.8999999999996,,
2026-04-26T21:39:06.6271390-07:00,-19000,26999,4727.6300000000001,4727.9300000000003,4727.7399999999998,4727.8999999999996,,
2026-04-26T21:39:06.6741977-07:00,-19000,26999,4727.6300000000001,4727.9300000000003,4727.7399999999998,4727.8999999999996,,
2026-04-26T21:39:06.7314366-07:00,-19000,26999,4727.6300000000001,4727.9300000000003,4727.7399999999998,4727.8999999999996,,
2026-04-26T21:39:06.7834371-07:00,-19000,26999,4727.6300000000001,4727.9300000000003,4727.7399999999998,4727.8999999999996,,
2026-04-26T21:39:06.8302618-07:00,-19000,26999,4727.6300000000001,4727.9300000000003,4727.7399999999998,4727.8999999999996,,
2026-04-26T21:39:06.8790205-07:00,-19000,26999,4727.6300000000001,4727.9300000000003,4727.7399999999998,4727.8999999999996,,
2026-04-26T21:39:06.9239194-07:00,-19000,26999,4727.6300000000001,4727.9300000000003,4727.7399999999998,4727.8999999999996,,
2026-04-26T21:39:06.9717312-07:00,-19000,26999,4727.6300000000001,4727.9300000000003,4727.7399999999998,4727.8999999999996,,
2026-04-26T21:39:07.0334605-07:00,-19000,26999,4727.6300000000001,4727.9300000000003,4727.7399999999998,4727.8999999999996,,
2026-04-26T21:39:07.0805109-07:00,-19000,26999,4727.6300000000001,4727.9300000000003,4727.7399999999998,4727.8999999999996,,
2026-04-26T21:39:07.1273196-07:00,-19000,27999,4727.6199999999999,4727.9300000000003,4727.7399999999998,4727.8999999999996,,
2026-04-26T21:39:07.1740965-07:00,-19000,27999,4727.6199999999999,4727.9300000000003,4727.7399999999998,4727.8999999999996,,
2026-04-26T21:39:07.2207717-07:00,-19000,27999,4727.6199999999999,4727.9300000000003,4727.7399999999998,4727.8999999999996,,
2026-04-26T21:39:07.2833174-07:00,-19000,27999,4727.6199999999999,4727.9300000000003,4727.7399999999998,4727.8999999999996,,
2026-04-26T21:39:07.3302929-07:00,-19000,27999,4727.6199999999999,4727.9300000000003,4727.7399999999998,4727.8999999999996,,
2026-04-26T21:39:07.3769304-07:00,-19000,27999,4727.6199999999999,4727.9300000000003,4727.7399999999998,4727.8999999999996,,
2026-04-26T21:39:07.4245183-07:00,-19000,27999,4727.6199999999999,4727.9300000000003,4727.7399999999998,4727.8999999999996,,
2026-04-26T21:39:07.4709275-07:00,-19000,27999,4727.6199999999999,4727.9300000000003,4727.7399999999998,4727.8999999999996,,
2026-04-26T21:39:07.5333608-07:00,-19000,27999,4727.6199999999999,4727.9300000000003,4727.7399999999998,4727.8999999999996,,
2026-04-26T21:39:07.5803943-07:00,-19000,27999,4727.6199999999999,4727.9300000000003,4727.7399999999998,4727.8999999999996,,
2026-04-26T21:39:07.6269602-07:00,-19000,27999,4727.6199999999999,4727.9300000000003,4727.7399999999998,4727.8999999999996,,
2026-04-26T21:39:07.6740023-07:00,-19000,27999,4727.6199999999999,4727.9300000000003,4727.7399999999998,4727.8999999999996,,
2026-04-26T21:39:07.7227126-07:00,-19000,27999,4727.6199999999999,4727.9300000000003,4727.7399999999998,4727.8999999999996,,
2026-04-26T21:39:07.7835927-07:00,-19000,27999,4727.6199999999999,4727.9300000000003,4727.7399999999998,4727.8999999999996,,
2026-04-26T21:39:07.8302109-07:00,-19000,27999,4727.6199999999999,4727.9300000000003,4727.7399999999998,4727.8999999999996,,
2026-04-26T21:39:07.8769914-07:00,-19000,27999,4727.6199999999999,4727.9300000000003,4727.7399999999998,4727.8999999999996,,
2026-04-26T21:39:07.9248411-07:00,-19000,27999,4727.6199999999999,4727.9300000000003,4727.7399999999998,4727.8999999999996,,
2026-04-26T21:39:07.9707304-07:00,-19000,27999,4727.6199999999999,4727.9300000000003,4727.7399999999998,4727.8999999999996,,
2026-04-26T21:39:08.0332155-07:00,-19000,27999,4727.6199999999999,4727.9300000000003,4727.7399999999998,4727.8999999999996,,
2026-04-26T21:39:08.0802821-07:00,-19000,27999,4727.6199999999999,4727.9300000000003,4727.7399999999998,4727.8999999999996,,
2026-04-26T21:39:08.1270475-07:00,-19000,27999,4727.6199999999999,4727.9300000000003,4727.7399999999998,4727.8999999999996,,
2026-04-26T21:39:08.1739423-07:00,-19000,27999,4727.6199999999999,4727.9300000000003,4727.7399999999998,4727.8999999999996,,
2026-04-26T21:39:08.2380339-07:00,-19000,27999,4727.6199999999999,4727.9300000000003,4727.7399999999998,4727.8999999999996,,
2026-04-26T21:39:08.2678531-07:00,-19000,27999,4727.6199999999999,4727.9300000000003,4727.7399999999998,4727.8999999999996,,
2026-04-26T21:39:08.3538169-07:00,-19000,27999,4727.6199999999999,4727.9300000000003,4727.7399999999998,4727.8999999999996,,
2026-04-26T21:39:08.3772726-07:00,-19000,27999,4727.6199999999999,4727.9300000000003,4727.7399999999998,4727.8999999999996,,
2026-04-26T21:39:08.4334738-07:00,-19000,27999,4727.6199999999999,4727.9300000000003,4727.7399999999998,4727.8999999999996,,
2026-04-26T21:39:08.4708002-07:00,-19000,27999,4727.6199999999999,4727.9300000000003,4727.7399999999998,4727.8999999999996,,
2026-04-26T21:39:08.5345926-07:00,-19000,27999,4727.6199999999999,4727.9300000000003,4727.7399999999998,4727.8999999999996,,
2026-04-26T21:39:08.5800266-07:00,-19000,27999,4727.6199999999999,4727.9300000000003,4727.7399999999998,4727.8999999999996,,
2026-04-26T21:39:08.6284213-07:00,-20000,25000,4727.6199999999999,4727.9300000000003,4727.7299999999996,4727.8699999999999,,
2026-04-26T21:39:08.6894679-07:00,-20000,25000,4727.6199999999999,4727.9300000000003,4727.7299999999996,4727.8699999999999,,
2026-04-26T21:39:08.7207015-07:00,-20000,25000,4727.6199999999999,4727.9300000000003,4727.7299999999996,4727.8699999999999,,
2026-04-26T21:39:08.7853217-07:00,-25000,21000,4727.6599999999999,4727.9799999999996,4727.7299999999996,4727.8699999999999,,
2026-04-26T21:39:08.8309409-07:00,-25000,21000,4727.6599999999999,4727.9799999999996,4727.7299999999996,4727.8699999999999,,
2026-04-26T21:39:08.8770409-07:00,-25000,21000,4727.6599999999999,4727.9799999999996,4727.7299999999996,4727.8699999999999,,
2026-04-26T21:39:08.9238770-07:00,-25000,21000,4727.6599999999999,4727.9799999999996,4727.7299999999996,4727.8699999999999,,
2026-04-26T21:39:08.9716786-07:00,-25000,21000,4727.6599999999999,4727.9799999999996,4727.7299999999996,4727.8699999999999,,
2026-04-26T21:39:09.0341086-07:00,-25000,21000,4727.6599999999999,4727.9799999999996,4727.7299999999996,4727.8699999999999,,
2026-04-26T21:39:09.0805759-07:00,-25000,21000,4727.6599999999999,4727.9799999999996,4727.7299999999996,4727.8699999999999,,
2026-04-26T21:39:09.1271819-07:00,-25000,21000,4727.6599999999999,4727.9799999999996,4727.7299999999996,4727.8699999999999,,
2026-04-26T21:39:09.1841712-07:00,-25000,21000,4727.6599999999999,4727.9799999999996,4727.7299999999996,4727.8699999999999,,
2026-04-26T21:39:09.2208019-07:00,-25000,21000,4727.6599999999999,4727.9799999999996,4727.7299999999996,4727.8699999999999,,
2026-04-26T21:39:09.2862217-07:00,-25000,21000,4727.6599999999999,4727.9799999999996,4727.7299999999996,4727.8699999999999,,
2026-04-26T21:39:09.3313285-07:00,-25000,21000,4727.6599999999999,4727.9799999999996,4727.7299999999996,4727.8699999999999,,
2026-04-26T21:39:09.3770190-07:00,-25000,21000,4727.6599999999999,4727.9799999999996,4727.7299999999996,4727.8699999999999,,
2026-04-26T21:39:09.4246171-07:00,-25000,21000,4727.6599999999999,4727.9799999999996,4727.7299999999996,4727.8699999999999,,
2026-04-26T21:39:09.4706963-07:00,-25000,21000,4727.6599999999999,4727.9799999999996,4727.7299999999996,4727.8699999999999,,
2026-04-26T21:39:09.5331399-07:00,-25000,21000,4727.6599999999999,4727.9799999999996,4727.7299999999996,4727.8699999999999,,
2026-04-26T21:39:09.5805233-07:00,-25000,21000,4727.6599999999999,4727.9799999999996,4727.7299999999996,4727.8699999999999,,
2026-04-26T21:39:09.6270708-07:00,-25000,21000,4727.6599999999999,4727.9799999999996,4727.7299999999996,4727.8699999999999,,
2026-04-26T21:39:09.6750462-07:00,-25000,21000,4727.6599999999999,4727.9799999999996,4727.7299999999996,4727.8699999999999,,
2026-04-26T21:39:09.7206791-07:00,-25000,21000,4727.6599999999999,4727.9799999999996,4727.7299999999996,4727.8699999999999,,
2026-04-26T21:39:09.7922312-07:00,-25000,21000,4727.6599999999999,4727.9799999999996,4727.7299999999996,4727.8699999999999,,
2026-04-26T21:39:09.8307257-07:00,-25000,21000,4727.6599999999999,4727.9799999999996,4727.7299999999996,4727.8699999999999,,
2026-04-26T21:39:09.8771669-07:00,-25000,21000,4727.6599999999999,4727.9799999999996,4727.7299999999996,4727.8699999999999,,
2026-04-26T21:39:09.9240141-07:00,-25000,21000,4727.6599999999999,4727.9799999999996,4727.7299999999996,4727.8699999999999,,
2026-04-26T21:39:09.9713073-07:00,-25000,21000,4727.6599999999999,4727.9799999999996,4727.7299999999996,4727.8699999999999,,
2026-04-26T21:39:10.0480319-07:00,-25999,19999,4727.6599999999999,4727.9799999999996,4727.7200000000003,4727.8599999999997,,
2026-04-26T21:39:10.0804793-07:00,-25999,19999,4727.6599999999999,4727.9799999999996,4727.7200000000003,4727.8599999999997,,
2026-04-26T21:39:10.1359302-07:00,-25999,19999,4727.6599999999999,4727.9799999999996,4727.7200000000003,4727.8599999999997,,
2026-04-26T21:39:10.1742331-07:00,-21999,23999,4727.6199999999999,4727.9399999999996,4727.7200000000003,4727.8599999999997,,
2026-04-26T21:39:10.2409321-07:00,-21999,23999,4727.6199999999999,4727.9399999999996,4727.7200000000003,4727.8599999999997,,
2026-04-26T21:39:10.2676481-07:00,-21999,23999,4727.6199999999999,4727.9399999999996,4727.7200000000003,4727.8599999999997,,
2026-04-26T21:39:10.3309695-07:00,-21999,23999,4727.6199999999999,4727.9399999999996,4727.7200000000003,4727.8599999999997,,
2026-04-26T21:39:10.3769343-07:00,-21999,23999,4727.6199999999999,4727.9399999999996,4727.7200000000003,4727.8599999999997,,
2026-04-26T21:39:10.4376721-07:00,-21999,23999,4727.6199999999999,4727.9399999999996,4727.7200000000003,4727.8599999999997,,
2026-04-26T21:39:10.4707951-07:00,-21999,23999,4727.6199999999999,4727.9399999999996,4727.7200000000003,4727.8599999999997,,
2026-04-26T21:39:10.5331511-07:00,-21999,23999,4727.6199999999999,4727.9399999999996,4727.7200000000003,4727.8599999999997,,
2026-04-26T21:39:10.5808689-07:00,-21999,23999,4727.6199999999999,4727.9399999999996,4727.7200000000003,4727.8599999999997,,
2026-04-26T21:39:10.6269189-07:00,-21999,23999,4727.6199999999999,4727.9399999999996,4727.7200000000003,4727.8599999999997,,
2026-04-26T21:39:10.6743503-07:00,-21000,26000,4727.6199999999999,4727.9499999999998,4727.7399999999998,4727.8800000000001,,
2026-04-26T21:39:10.7207165-07:00,-21000,26000,4727.6199999999999,4727.9499999999998,4727.7399999999998,4727.8800000000001,,
2026-04-26T21:39:10.7831999-07:00,-21000,26000,4727.6199999999999,4727.9499999999998,4727.7399999999998,4727.8800000000001,,
2026-04-26T21:39:10.8418026-07:00,-21000,26000,4727.6199999999999,4727.9499999999998,4727.7399999999998,4727.8800000000001,,
2026-04-26T21:39:10.8771531-07:00,-19999,23999,4727.6400000000003,4727.9399999999996,4727.7399999999998,4727.8800000000001,,
2026-04-26T21:39:10.9239379-07:00,-19999,23999,4727.6400000000003,4727.9399999999996,4727.7399999999998,4727.8800000000001,,
2026-04-26T21:39:10.9707687-07:00,-19999,23999,4727.6400000000003,4727.9399999999996,4727.7399999999998,4727.8800000000001,,
2026-04-26T21:39:11.0477199-07:00,-10999,32999,4727.6400000000003,4727.9399999999996,4727.8299999999999,4727.9700000000003,,
2026-04-26T21:39:11.0804508-07:00,-10999,32999,4727.6400000000003,4727.9399999999996,4727.8299999999999,4727.9700000000003,,
2026-04-26T21:39:11.1271198-07:00,-10999,32999,4727.6400000000003,4727.9399999999996,4727.8299999999999,4727.9700000000003,,
2026-04-26T21:39:11.1895691-07:00,-20000,27000,4727.7299999999996,4728.0600000000004,4727.8599999999997,4728,,
2026-04-26T21:39:11.2206803-07:00,-20000,27000,4727.7299999999996,4728.0600000000004,4727.8599999999997,4728,,
2026-04-26T21:39:11.2830891-07:00,-21000,24000,4727.7600000000002,4728.0699999999997,4727.8599999999997,4728,,
2026-04-26T21:39:11.3399089-07:00,-21000,24000,4727.7600000000002,4728.0699999999997,4727.8599999999997,4728,,
2026-04-26T21:39:11.3769838-07:00,-21000,24000,4727.7600000000002,4728.0699999999997,4727.8599999999997,4728,,
2026-04-26T21:39:11.4244710-07:00,-21000,24000,4727.7600000000002,4728.0699999999997,4727.8599999999997,4728,,
2026-04-26T21:39:11.4706999-07:00,-21000,24000,4727.7600000000002,4728.0699999999997,4727.8599999999997,4728,,
2026-04-26T21:39:11.5355556-07:00,-21000,24000,4727.7600000000002,4728.0699999999997,4727.8599999999997,4728,,
2026-04-26T21:39:11.5802252-07:00,-21000,24000,4727.7600000000002,4728.0699999999997,4727.8599999999997,4728,,
2026-04-26T21:39:11.6274097-07:00,-21000,24000,4727.7600000000002,4728.0699999999997,4727.8599999999997,4728,,
2026-04-26T21:39:11.6740497-07:00,-21000,24000,4727.7600000000002,4728.0699999999997,4727.8599999999997,4728,,
2026-04-26T21:39:11.7207087-07:00,-21000,24000,4727.7600000000002,4728.0699999999997,4727.8599999999997,4728,,
2026-04-26T21:39:11.7837000-07:00,-21000,24000,4727.7600000000002,4728.0699999999997,4727.8599999999997,4728,,
2026-04-26T21:39:11.8411762-07:00,-21000,24000,4727.7600000000002,4728.0699999999997,4727.8599999999997,4728,,
2026-04-26T21:39:11.8769646-07:00,-21000,24000,4727.7600000000002,4728.0699999999997,4727.8599999999997,4728,,
2026-04-26T21:39:11.9247696-07:00,-21000,24000,4727.7600000000002,4728.0699999999997,4727.8599999999997,4728,,
2026-04-26T21:39:11.9712123-07:00,-21000,24000,4727.7600000000002,4728.0699999999997,4727.8599999999997,4728,,
2026-04-26T21:39:12.0336200-07:00,-21000,27000,4727.7600000000002,4728.0699999999997,4727.8599999999997,4728.0299999999997,,
2026-04-26T21:39:12.0800480-07:00,-21000,27000,4727.7600000000002,4728.0699999999997,4727.8599999999997,4728.0299999999997,,
2026-04-26T21:39:12.1272017-07:00,-21000,27000,4727.7600000000002,4728.0699999999997,4727.8599999999997,4728.0299999999997,,
2026-04-26T21:39:12.1747566-07:00,-21000,27000,4727.7600000000002,4728.0699999999997,4727.8599999999997,4728.0299999999997,,
2026-04-26T21:39:12.2208225-07:00,-21000,27000,4727.7600000000002,4728.0699999999997,4727.8599999999997,4728.0299999999997,,
2026-04-26T21:39:12.2832433-07:00,-23000,28000,4727.75,4728.0900000000001,4727.8599999999997,4728.0299999999997,,
2026-04-26T21:39:12.3301364-07:00,-23000,28000,4727.75,4728.0900000000001,4727.8599999999997,4728.0299999999997,,
2026-04-26T21:39:12.3770606-07:00,-23000,28000,4727.75,4728.0900000000001,4727.8599999999997,4728.0299999999997,,
2026-04-26T21:39:12.4245605-07:00,-23000,28000,4727.75,4728.0900000000001,4727.8599999999997,4728.0299999999997,,
2026-04-26T21:39:12.4713879-07:00,-23000,28000,4727.75,4728.0900000000001,4727.8599999999997,4728.0299999999997,,
2026-04-26T21:39:12.5339040-07:00,-23000,25000,4727.75,4728.0900000000001,4727.8599999999997,4728,,
2026-04-26T21:39:12.5800866-07:00,-23000,25000,4727.75,4728.0900000000001,4727.8599999999997,4728,,
2026-04-26T21:39:12.6282824-07:00,-23000,25000,4727.75,4728.0900000000001,4727.8599999999997,4728,,
2026-04-26T21:39:12.6740980-07:00,-23000,25000,4727.75,4728.0900000000001,4727.8599999999997,4728,,
2026-04-26T21:39:12.7329393-07:00,-23000,25000,4727.75,4728.0900000000001,4727.8599999999997,4728,,
2026-04-26T21:39:12.7832597-07:00,-23000,25000,4727.75,4728.0900000000001,4727.8599999999997,4728,,
2026-04-26T21:39:12.8413202-07:00,-23000,25000,4727.75,4728.0900000000001,4727.8599999999997,4728,,
2026-04-26T21:39:12.8775910-07:00,-23000,25000,4727.75,4728.0900000000001,4727.8599999999997,4728,,
2026-04-26T21:39:12.9239256-07:00,-23000,25000,4727.75,4728.0900000000001,4727.8599999999997,4728,,
2026-04-26T21:39:12.9708388-07:00,-23000,25000,4727.75,4728.0900000000001,4727.8599999999997,4728,,
2026-04-26T21:39:13.0342243-07:00,-23000,25000,4727.75,4728.0900000000001,4727.8599999999997,4728,,
2026-04-26T21:39:13.0838716-07:00,-23000,25000,4727.75,4728.0900000000001,4727.8599999999997,4728,,
2026-04-26T21:39:13.1276476-07:00,-23000,25000,4727.75,4728.0900000000001,4727.8599999999997,4728,,
2026-04-26T21:39:13.1744946-07:00,-23000,25000,4727.75,4728.0900000000001,4727.8599999999997,4728,,
2026-04-26T21:39:13.2215902-07:00,-23000,25000,4727.75,4728.0900000000001,4727.8599999999997,4728,,
2026-04-26T21:39:13.2843097-07:00,-23000,25000,4727.75,4728.0900000000001,4727.8599999999997,4728,,
2026-04-26T21:39:13.3304784-07:00,-23000,25000,4727.75,4728.0900000000001,4727.8599999999997,4728,,
2026-04-26T21:39:13.3769751-07:00,-23000,25000,4727.75,4728.0900000000001,4727.8599999999997,4728,,
2026-04-26T21:39:13.4239967-07:00,-23000,25000,4727.75,4728.0900000000001,4727.8599999999997,4728,,
2026-04-26T21:39:13.4708702-07:00,-23000,25000,4727.75,4728.0900000000001,4727.8599999999997,4728,,
2026-04-26T21:39:13.5331563-07:00,-23000,25000,4727.75,4728.0900000000001,4727.8599999999997,4728,,
2026-04-26T21:39:13.5804129-07:00,-23000,25000,4727.75,4728.0900000000001,4727.8599999999997,4728,,
2026-04-26T21:39:13.6271354-07:00,-23000,25000,4727.75,4728.0900000000001,4727.8599999999997,4728,,
2026-04-26T21:39:13.6750395-07:00,-23999,24000,4727.75,4728.0900000000001,4727.8500000000004,4727.9899999999998,,
2026-04-26T21:39:13.7206450-07:00,-23999,24000,4727.75,4728.0900000000001,4727.8500000000004,4727.9899999999998,,
2026-04-26T21:39:13.7831787-07:00,-23999,24000,4727.75,4728.0900000000001,4727.8500000000004,4727.9899999999998,,
2026-04-26T21:39:13.8306680-07:00,-25000,22999,4727.75,4728.0900000000001,4727.8400000000001,4727.9799999999996,,
2026-04-26T21:39:13.8770364-07:00,-25000,22999,4727.75,4728.0900000000001,4727.8400000000001,4727.9799999999996,,
2026-04-26T21:39:13.9239860-07:00,-22000,25000,4727.7299999999996,4728.0600000000004,4727.8400000000001,4727.9799999999996,,
2026-04-26T21:39:13.9811480-07:00,-22000,25000,4727.7299999999996,4728.0600000000004,4727.8400000000001,4727.9799999999996,,
2026-04-26T21:39:14.0335504-07:00,-22000,25000,4727.7299999999996,4728.0600000000004,4727.8400000000001,4727.9799999999996,,
2026-04-26T21:39:14.1009551-07:00,-20000,23999,4727.7399999999998,4728.04,4727.8400000000001,4727.9799999999996,,
2026-04-26T21:39:14.1270740-07:00,-20000,23999,4727.7399999999998,4728.04,4727.8400000000001,4727.9799999999996,,
2026-04-26T21:39:14.1847470-07:00,-20000,23999,4727.7399999999998,4728.04,4727.8400000000001,4727.9799999999996,,
2026-04-26T21:39:14.2206711-07:00,-20000,23999,4727.7399999999998,4728.04,4727.8400000000001,4727.9799999999996,,
2026-04-26T21:39:14.2833523-07:00,-20000,23999,4727.7399999999998,4728.04,4727.8400000000001,4727.9799999999996,,
2026-04-26T21:39:14.3336975-07:00,-20000,23999,4727.7399999999998,4728.04,4727.8400000000001,4727.9799999999996,,
2026-04-26T21:39:14.3769930-07:00,-20000,23999,4727.7399999999998,4728.04,4727.8400000000001,4727.9799999999996,,
2026-04-26T21:39:14.4244166-07:00,-20000,23999,4727.7399999999998,4728.04,4727.8400000000001,4727.9799999999996,,
2026-04-26T21:39:14.4706711-07:00,-20000,23999,4727.7399999999998,4728.04,4727.8400000000001,4727.9799999999996,,
2026-04-26T21:39:14.5350247-07:00,-20000,23999,4727.7399999999998,4728.04,4727.8400000000001,4727.9799999999996,,
2026-04-26T21:39:14.5800930-07:00,-20000,23999,4727.7399999999998,4728.04,4727.8400000000001,4727.9799999999996,,
2026-04-26T21:39:14.6270632-07:00,-20000,23999,4727.7399999999998,4728.04,4727.8400000000001,4727.9799999999996,,
2026-04-26T21:39:14.6834132-07:00,-20000,23999,4727.7399999999998,4728.04,4727.8400000000001,4727.9799999999996,,
2026-04-26T21:39:14.7209923-07:00,-20000,23999,4727.7399999999998,4728.04,4727.8400000000001,4727.9799999999996,,
2026-04-26T21:39:14.8113666-07:00,-18999,25000,4727.7399999999998,4728.04,4727.8500000000004,4727.9899999999998,,
2026-04-26T21:39:14.8301247-07:00,-18999,25000,4727.7399999999998,4728.04,4727.8500000000004,4727.9899999999998,,
2026-04-26T21:39:14.8770628-07:00,-18999,25000,4727.7399999999998,4728.04,4727.8500000000004,4727.9899999999998,,
2026-04-26T21:39:14.9350061-07:00,-18999,25000,4727.7399999999998,4728.04,4727.8500000000004,4727.9899999999998,,
2026-04-26T21:39:14.9707209-07:00,-18999,25000,4727.7399999999998,4728.04,4727.8500000000004,4727.9899999999998,,
2026-04-26T21:39:15.0333826-07:00,-18999,25000,4727.7399999999998,4728.04,4727.8500000000004,4727.9899999999998,,
2026-04-26T21:39:15.0825816-07:00,-18999,25000,4727.7399999999998,4728.04,4727.8500000000004,4727.9899999999998,,
2026-04-26T21:39:15.1276714-07:00,-18999,25000,4727.7399999999998,4728.04,4727.8500000000004,4727.9899999999998,,
2026-04-26T21:39:15.1738586-07:00,-18999,25000,4727.7399999999998,4728.04,4727.8500000000004,4727.9899999999998,,
2026-04-26T21:39:15.2222506-07:00,-18999,25000,4727.7399999999998,4728.04,4727.8500000000004,4727.9899999999998,,
2026-04-26T21:39:15.2833394-07:00,-18999,25000,4727.7399999999998,4728.04,4727.8500000000004,4727.9899999999998,,
2026-04-26T21:39:15.3300926-07:00,-18000,26000,4727.7399999999998,4728.04,4727.8599999999997,4728,,
2026-04-26T21:39:15.3773740-07:00,-18000,26000,4727.7399999999998,4728.04,4727.8599999999997,4728,,
2026-04-26T21:39:15.4240922-07:00,-22000,24000,4727.7600000000002,4728.0799999999999,4727.8599999999997,4728,,
2026-04-26T21:39:15.4730447-07:00,-22000,24000,4727.7600000000002,4728.0799999999999,4727.8599999999997,4728,,
2026-04-26T21:39:15.5332979-07:00,-22000,24000,4727.7600000000002,4728.0799999999999,4727.8599999999997,4728,,
2026-04-26T21:39:15.5803365-07:00,-22000,25000,4727.7600000000002,4728.0799999999999,4727.8599999999997,4728.0100000000002,,
2026-04-26T21:39:15.6270819-07:00,-22000,25000,4727.7600000000002,4728.0799999999999,4727.8599999999997,4728.0100000000002,,
2026-04-26T21:39:15.6738042-07:00,-22000,25000,4727.7600000000002,4728.0799999999999,4727.8599999999997,4728.0100000000002,,
2026-04-26T21:39:15.7218216-07:00,-22000,25000,4727.7600000000002,4728.0799999999999,4727.8599999999997,4728.0100000000002,,
2026-04-26T21:39:15.7832732-07:00,-22000,25000,4727.7600000000002,4728.0799999999999,4727.8599999999997,4728.0100000000002,,
2026-04-26T21:39:15.8397588-07:00,-22000,25000,4727.7600000000002,4728.0799999999999,4727.8599999999997,4728.0100000000002,,
2026-04-26T21:39:15.8771765-07:00,-22000,25000,4727.7600000000002,4728.0799999999999,4727.8599999999997,4728.0100000000002,,
2026-04-26T21:39:15.9240232-07:00,-21000,26000,4727.75,4728.0699999999997,4727.8599999999997,4728.0100000000002,,
2026-04-26T21:39:15.9717304-07:00,-21000,26000,4727.75,4728.0699999999997,4727.8599999999997,4728.0100000000002,,
2026-04-26T21:39:16.0344032-07:00,-21000,26000,4727.75,4728.0699999999997,4727.8599999999997,4728.0100000000002,,
2026-04-26T21:39:16.0800573-07:00,-21000,26000,4727.75,4728.0699999999997,4727.8599999999997,4728.0100000000002,,
2026-04-26T21:39:16.1287157-07:00,-21000,26000,4727.75,4728.0699999999997,4727.8599999999997,4728.0100000000002,,
2026-04-26T21:39:16.1746322-07:00,-21000,26000,4727.75,4728.0699999999997,4727.8599999999997,4728.0100000000002,,
2026-04-26T21:39:16.2214702-07:00,-21000,26000,4727.75,4728.0699999999997,4727.8599999999997,4728.0100000000002,,
2026-04-26T21:39:16.2834309-07:00,-21000,26000,4727.75,4728.0699999999997,4727.8599999999997,4728.0100000000002,,
2026-04-26T21:39:16.3304008-07:00,-21000,26000,4727.75,4728.0699999999997,4727.8599999999997,4728.0100000000002,,
2026-04-26T21:39:16.3769671-07:00,-21000,26000,4727.75,4728.0699999999997,4727.8599999999997,4728.0100000000002,,
2026-04-26T21:39:16.4239359-07:00,-21000,26000,4727.75,4728.0699999999997,4727.8599999999997,4728.0100000000002,,
2026-04-26T21:39:16.4707939-07:00,-21000,26000,4727.75,4728.0699999999997,4727.8599999999997,4728.0100000000002,,
2026-04-26T21:39:16.5336468-07:00,-21000,26000,4727.75,4728.0699999999997,4727.8599999999997,4728.0100000000002,,
2026-04-26T21:39:16.5802275-07:00,-21000,25000,4727.75,4728.0699999999997,4727.8599999999997,4728,,
2026-04-26T21:39:16.6268952-07:00,-21000,25000,4727.75,4728.0699999999997,4727.8599999999997,4728,,
2026-04-26T21:39:16.6739682-07:00,-21000,25000,4727.75,4728.0699999999997,4727.8599999999997,4728,,
2026-04-26T21:39:16.7213600-07:00,-21000,25000,4727.75,4728.0699999999997,4727.8599999999997,4728,,
2026-04-26T21:39:16.7835308-07:00,-21000,25000,4727.75,4728.0699999999997,4727.8599999999997,4728,,
2026-04-26T21:39:16.8302823-07:00,-21000,25000,4727.75,4728.0699999999997,4727.8599999999997,4728,,
2026-04-26T21:39:16.8772264-07:00,-21000,25000,4727.75,4728.0699999999997,4727.8599999999997,4728,,
2026-04-26T21:39:16.9240945-07:00,-21000,25000,4727.75,4728.0699999999997,4727.8599999999997,4728,,
2026-04-26T21:39:16.9718039-07:00,-21999,24000,4727.75,4728.0699999999997,4727.8500000000004,4727.9899999999998,,
2026-04-26T21:39:17.0332458-07:00,-19999,25000,4727.7399999999998,4728.0500000000002,4727.8500000000004,4727.9899999999998,,
2026-04-26T21:39:17.0944474-07:00,-19999,25000,4727.7399999999998,4728.0500000000002,4727.8500000000004,4727.9899999999998,,
2026-04-26T21:39:17.1270278-07:00,-6000,39000,4727.7399999999998,4728.0500000000002,4727.9899999999998,4728.1300000000001,,
2026-04-26T21:39:17.1737477-07:00,-6000,39000,4727.7399999999998,4728.0500000000002,4727.9899999999998,4728.1300000000001,,
2026-04-26T21:39:17.2214129-07:00,-6000,39000,4727.7399999999998,4728.0500000000002,4727.9899999999998,4728.1300000000001,,
2026-04-26T21:39:17.2833060-07:00,-11000,37000,4727.7600000000002,4728.1000000000004,4727.9899999999998,4728.1300000000001,,
2026-04-26T21:39:17.3303137-07:00,-19999,25000,4727.8800000000001,4728.1899999999996,4727.9899999999998,4728.1300000000001,,
2026-04-26T21:39:17.3768659-07:00,-35999,9000,4727.8800000000001,4728.1899999999996,4727.8299999999999,4727.9700000000003,,
2026-04-26T21:39:17.4289634-07:00,-35999,9000,4727.8800000000001,4728.1899999999996,4727.8299999999999,4727.9700000000003,,
2026-04-26T21:39:17.4706519-07:00,-35999,10000,4727.8599999999997,4728.1700000000001,4727.8100000000004,4727.96,,
2026-04-26T21:39:17.5332554-07:00,-21000,24000,4727.7200000000003,4728.0200000000004,4727.8100000000004,4727.96,,
2026-04-26T21:39:17.5802170-07:00,-21000,24000,4727.7200000000003,4728.0200000000004,4727.8100000000004,4727.96,,
2026-04-26T21:39:17.6442217-07:00,-22999,26000,4727.6999999999998,4728.04,4727.8100000000004,4727.96,,
2026-04-26T21:39:17.6739095-07:00,-22999,26000,4727.6999999999998,4728.04,4727.8100000000004,4727.96,,
2026-04-26T21:39:17.7206510-07:00,-22999,26000,4727.6999999999998,4728.04,4727.8100000000004,4727.96,,
2026-04-26T21:39:17.7833059-07:00,-22999,26000,4727.6999999999998,4728.04,4727.8100000000004,4727.96,,
2026-04-26T21:39:17.8302761-07:00,-22999,26000,4727.6999999999998,4728.04,4727.8100000000004,4727.96,,
2026-04-26T21:39:17.8812672-07:00,-22999,26000,4727.6999999999998,4728.04,4727.8100000000004,4727.96,,
2026-04-26T21:39:17.9241553-07:00,-22999,26000,4727.6999999999998,4728.04,4727.8100000000004,4727.96,,
2026-04-26T21:39:17.9707652-07:00,-21999,24000,4727.7200000000003,4728.0299999999997,4727.8100000000004,4727.96,,
2026-04-26T21:39:18.0344157-07:00,-5000,41000,4727.7200000000003,4728.0299999999997,4727.9799999999996,4728.1300000000001,,
2026-04-26T21:39:18.0801232-07:00,-11000,37000,4727.7600000000002,4728.0900000000001,4727.9799999999996,4728.1300000000001,,
2026-04-26T21:39:18.1272982-07:00,-10000,38000,4727.7600000000002,4728.0900000000001,4727.9899999999998,4728.1400000000003,,
2026-04-26T21:39:18.1737440-07:00,-19999,27000,4727.8699999999999,4728.1899999999996,4727.9899999999998,4728.1400000000003,,
2026-04-26T21:39:18.2212317-07:00,-19999,27000,4727.8699999999999,4728.1899999999996,4727.9899999999998,4728.1400000000003,,
2026-04-26T21:39:18.2833079-07:00,-19999,27000,4727.8699999999999,4728.1899999999996,4727.9899999999998,4728.1400000000003,,
2026-04-26T21:39:18.3304097-07:00,-19999,27000,4727.8699999999999,4728.1899999999996,4727.9899999999998,4728.1400000000003,,
2026-04-26T21:39:18.3783279-07:00,5000,54000,4727.8699999999999,4728.21,4728.2600000000002,4728.4099999999999,,
2026-04-26T21:39:18.4240731-07:00,5000,54000,4727.8699999999999,4728.21,4728.2600000000002,4728.4099999999999,,
2026-04-26T21:39:18.4712129-07:00,8000,55000,4727.8599999999997,4728.1800000000003,4728.2600000000002,4728.4099999999999,,
2026-04-26T21:39:18.5331886-07:00,3000,53000,4727.8599999999997,4728.1800000000003,4728.21,4728.3900000000003,,
2026-04-26T21:39:18.5802611-07:00,3000,53000,4727.8599999999997,4728.1800000000003,4728.21,4728.3900000000003,,
2026-04-26T21:39:18.6283636-07:00,3000,53000,4727.8599999999997,4728.1800000000003,4728.21,4728.3900000000003,,
2026-04-26T21:39:18.6739811-07:00,-26000,23000,4728.1599999999999,4728.4700000000003,4728.21,4728.3900000000003,,
2026-04-26T21:39:18.7216397-07:00,-26000,23000,4728.1599999999999,4728.4700000000003,4728.21,4728.3900000000003,,
2026-04-26T21:39:18.7835777-07:00,-61000,-12000,4728.1599999999999,4728.4700000000003,4727.8599999999997,4728.04,,
2026-04-26T21:39:18.8301691-07:00,-61000,-12000,4728.1599999999999,4728.4700000000003,4727.8599999999997,4728.04,,
2026-04-26T21:39:18.8796888-07:00,-42999,7000,4727.9200000000001,4728.2399999999998,4727.8100000000004,4727.9899999999998,,
2026-04-26T21:39:18.9240265-07:00,-42999,7000,4727.9200000000001,4728.2399999999998,4727.8100000000004,4727.9899999999998,,
2026-04-26T21:39:18.9725118-07:00,-23000,26000,4727.75,4728.0699999999997,4727.8400000000001,4728.0100000000002,,
2026-04-26T21:39:19.0333075-07:00,-23000,26000,4727.75,4728.0699999999997,4727.8400000000001,4728.0100000000002,,
2026-04-26T21:39:19.0801799-07:00,-24000,25000,4727.7600000000002,4728.0799999999999,4727.8400000000001,4728.0100000000002,,
2026-04-26T21:39:19.1269591-07:00,-24000,25000,4727.7600000000002,4728.0799999999999,4727.8400000000001,4728.0100000000002,,
2026-04-26T21:39:19.1743086-07:00,-24000,25000,4727.7600000000002,4728.0799999999999,4727.8400000000001,4728.0100000000002,,
2026-04-26T21:39:19.2240315-07:00,-24000,25000,4727.7600000000002,4728.0799999999999,4727.8400000000001,4728.0100000000002,,
2026-04-26T21:39:19.2846995-07:00,-26000,23999,4727.7700000000004,4728.1000000000004,4727.8400000000001,4728.0100000000002,,
2026-04-26T21:39:19.3302377-07:00,-26000,23999,4727.7700000000004,4728.1000000000004,4727.8400000000001,4728.0100000000002,,
2026-04-26T21:39:19.3775401-07:00,-26000,23999,4727.7700000000004,4728.1000000000004,4727.8400000000001,4728.0100000000002,,
2026-04-26T21:39:19.4240298-07:00,-26000,23999,4727.7700000000004,4728.1000000000004,4727.8400000000001,4728.0100000000002,,
2026-04-26T21:39:19.4708368-07:00,-26000,23999,4727.7700000000004,4728.1000000000004,4727.8400000000001,4728.0100000000002,,
2026-04-26T21:39:19.5333199-07:00,-26000,23999,4727.7700000000004,4728.1000000000004,4727.8400000000001,4728.0100000000002,,
2026-04-26T21:39:19.5806320-07:00,-26000,23999,4727.7700000000004,4728.1000000000004,4727.8400000000001,4728.0100000000002,,
2026-04-26T21:39:19.6379430-07:00,-26000,23999,4727.7700000000004,4728.1000000000004,4727.8400000000001,4728.0100000000002,,
2026-04-26T21:39:19.6739506-07:00,-26000,23999,4727.7700000000004,4728.1000000000004,4727.8400000000001,4728.0100000000002,,
2026-04-26T21:39:19.7518814-07:00,-25000,25000,4727.7700000000004,4728.1000000000004,4727.8500000000004,4728.0200000000004,,
2026-04-26T21:39:19.7837895-07:00,-25000,25000,4727.7700000000004,4728.1000000000004,4727.8500000000004,4728.0200000000004,,
2026-04-26T21:39:19.8302054-07:00,-25000,25000,4727.7700000000004,4728.1000000000004,4727.8500000000004,4728.0200000000004,,
2026-04-26T21:39:19.8799807-07:00,-25000,25000,4727.7700000000004,4728.1000000000004,4727.8500000000004,4728.0200000000004,,
2026-04-26T21:39:19.9240302-07:00,-25000,25000,4727.7700000000004,4728.1000000000004,4727.8500000000004,4728.0200000000004,,
2026-04-26T21:39:19.9711339-07:00,-23999,24000,4727.7799999999997,4728.0900000000001,4727.8500000000004,4728.0200000000004,,
2026-04-26T21:39:20.0334077-07:00,-23999,24000,4727.7799999999997,4728.0900000000001,4727.8500000000004,4728.0200000000004,,
2026-04-26T21:39:20.0841282-07:00,-23999,24000,4727.7799999999997,4728.0900000000001,4727.8500000000004,4728.0200000000004,,
2026-04-26T21:39:20.1282249-07:00,-23999,24000,4727.7799999999997,4728.0900000000001,4727.8500000000004,4728.0200000000004,,
2026-04-26T21:39:20.1740005-07:00,-23999,24000,4727.7799999999997,4728.0900000000001,4727.8500000000004,4728.0200000000004,,
2026-04-26T21:39:20.2219745-07:00,-38000,10000,4727.7799999999997,4728.0900000000001,4727.71,4727.8800000000001,,
2026-04-26T21:39:20.2833663-07:00,-38000,10000,4727.7799999999997,4728.0900000000001,4727.71,4727.8800000000001,,
2026-04-26T21:39:20.3303117-07:00,-38000,10000,4727.7799999999997,4728.0900000000001,4727.71,4727.8800000000001,,
2026-04-26T21:39:20.3787307-07:00,-43000,6000,4727.7200000000003,4728.04,4727.6099999999997,4727.7799999999997,,
2026-04-26T21:39:20.4238678-07:00,-43000,6000,4727.7200000000003,4728.04,4727.6099999999997,4727.7799999999997,,
2026-04-26T21:39:20.4733637-07:00,-25000,25999,4727.5200000000004,4727.8599999999997,4727.6099999999997,4727.7799999999997,,
2026-04-26T21:39:20.5330844-07:00,-23999,27999,4727.5200000000004,4727.8599999999997,4727.6199999999999,4727.8000000000002,,
2026-04-26T21:39:20.5803234-07:00,-27999,22000,4727.5799999999999,4727.8999999999996,4727.6199999999999,4727.8000000000002,,
2026-04-26T21:39:20.6276057-07:00,-26999,19000,4727.5799999999999,4727.8999999999996,4727.6300000000001,4727.7700000000004,,
2026-04-26T21:39:20.6738462-07:00,-26999,19000,4727.5799999999999,4727.8999999999996,4727.6300000000001,4727.7700000000004,,
2026-04-26T21:39:20.7209342-07:00,-26999,19000,4727.5799999999999,4727.8999999999996,4727.6300000000001,4727.7700000000004,,
2026-04-26T21:39:20.7833137-07:00,-26999,19000,4727.5799999999999,4727.8999999999996,4727.6300000000001,4727.7700000000004,,
2026-04-26T21:39:20.8324775-07:00,-26999,19000,4727.5799999999999,4727.8999999999996,4727.6300000000001,4727.7700000000004,,
2026-04-26T21:39:20.8771653-07:00,-26999,19000,4727.5799999999999,4727.8999999999996,4727.6300000000001,4727.7700000000004,,
2026-04-26T21:39:20.9239673-07:00,-26999,19000,4727.5799999999999,4727.8999999999996,4727.6300000000001,4727.7700000000004,,
2026-04-26T21:39:20.9744519-07:00,-26999,19000,4727.5799999999999,4727.8999999999996,4727.6300000000001,4727.7700000000004,,
2026-04-26T21:39:21.0336942-07:00,-26999,19000,4727.5799999999999,4727.8999999999996,4727.6300000000001,4727.7700000000004,,
2026-04-26T21:39:21.0804679-07:00,-26999,19000,4727.5799999999999,4727.8999999999996,4727.6300000000001,4727.7700000000004,,
2026-04-26T21:39:21.1270744-07:00,-32999,18000,4727.5799999999999,4727.8999999999996,4727.5699999999997,4727.7600000000002,,
2026-04-26T21:39:21.1739131-07:00,-32999,18000,4727.5799999999999,4727.8999999999996,4727.5699999999997,4727.7600000000002,,
2026-04-26T21:39:21.2208567-07:00,-32999,18000,4727.5799999999999,4727.8999999999996,4727.5699999999997,4727.7600000000002,,
2026-04-26T21:39:21.2848324-07:00,-31999,18999,4727.5200000000004,4727.8400000000001,4727.5200000000004,4727.71,,
2026-04-26T21:39:21.3301357-07:00,-31999,18999,4727.5200000000004,4727.8400000000001,4727.5200000000004,4727.71,,
2026-04-26T21:39:21.3776130-07:00,-31999,18999,4727.5200000000004,4727.8400000000001,4727.5200000000004,4727.71,,
2026-04-26T21:39:21.4242580-07:00,-25000,26000,4727.4499999999998,4727.7700000000004,4727.5200000000004,4727.71,,
2026-04-26T21:39:21.4712377-07:00,-25000,26000,4727.4499999999998,4727.7700000000004,4727.5200000000004,4727.71,,
2026-04-26T21:39:21.5330796-07:00,-24000,26000,4727.4399999999996,4727.75,4727.5100000000002,4727.6999999999998,,
2026-04-26T21:39:21.5807044-07:00,-24000,26000,4727.4399999999996,4727.75,4727.5100000000002,4727.6999999999998,,
2026-04-26T21:39:21.6272491-07:00,-24000,26000,4727.4399999999996,4727.75,4727.5100000000002,4727.6999999999998,,
2026-04-26T21:39:21.6739596-07:00,-24000,26000,4727.4399999999996,4727.75,4727.5100000000002,4727.6999999999998,,
2026-04-26T21:39:21.7226738-07:00,-24000,26000,4727.4399999999996,4727.75,4727.5100000000002,4727.6999999999998,,
2026-04-26T21:39:21.7831771-07:00,-24000,26000,4727.4399999999996,4727.75,4727.5100000000002,4727.6999999999998,,
2026-04-26T21:39:21.8508346-07:00,-24000,26000,4727.4399999999996,4727.75,4727.5100000000002,4727.6999999999998,,
2026-04-26T21:39:21.8770714-07:00,-24000,26000,4727.4399999999996,4727.75,4727.5100000000002,4727.6999999999998,,
2026-04-26T21:39:21.9244442-07:00,-26000,27000,4727.4300000000003,4727.7700000000004,4727.5100000000002,4727.6999999999998,,
2026-04-26T21:39:22.0027259-07:00,-28000,25000,4727.4300000000003,4727.7700000000004,4727.4899999999998,4727.6800000000003,,
2026-04-26T21:39:22.0355148-07:00,-28000,25000,4727.4300000000003,4727.7700000000004,4727.4899999999998,4727.6800000000003,,
2026-04-26T21:39:22.0801433-07:00,-28000,25000,4727.4300000000003,4727.7700000000004,4727.4899999999998,4727.6800000000003,,
2026-04-26T21:39:22.1278656-07:00,-27000,26000,4727.4200000000001,4727.7600000000002,4727.4899999999998,4727.6800000000003,,
2026-04-26T21:39:22.1737382-07:00,-27000,25000,4727.4200000000001,4727.7600000000002,4727.4899999999998,4727.6700000000001,,
2026-04-26T21:39:22.2218619-07:00,-27000,25000,4727.4200000000001,4727.7600000000002,4727.4899999999998,4727.6700000000001,,
2026-04-26T21:39:22.2839686-07:00,-27000,25000,4727.4200000000001,4727.7600000000002,4727.4899999999998,4727.6700000000001,,
2026-04-26T21:39:22.3301296-07:00,-27000,25000,4727.4200000000001,4727.7600000000002,4727.4899999999998,4727.6700000000001,,
2026-04-26T21:39:22.3780479-07:00,-27000,25000,4727.4200000000001,4727.7600000000002,4727.4899999999998,4727.6700000000001,,
2026-04-26T21:39:22.4241203-07:00,-29000,22999,4727.4200000000001,4727.7600000000002,4727.4700000000003,4727.6499999999996,,
2026-04-26T21:39:22.4715973-07:00,-29000,22999,4727.4200000000001,4727.7600000000002,4727.4700000000003,4727.6499999999996,,
2026-04-26T21:39:22.5338342-07:00,-24000,25999,4727.3900000000003,4727.71,4727.4700000000003,4727.6499999999996,,
2026-04-26T21:39:22.5973421-07:00,-24000,25999,4727.3900000000003,4727.71,4727.4700000000003,4727.6499999999996,,
2026-04-26T21:39:22.6269704-07:00,-24000,25999,4727.3900000000003,4727.71,4727.4700000000003,4727.6499999999996,,
2026-04-26T21:39:22.6744384-07:00,-24000,25999,4727.3900000000003,4727.71,4727.4700000000003,4727.6499999999996,,
2026-04-26T21:39:22.7207879-07:00,-24000,25999,4727.3900000000003,4727.71,4727.4700000000003,4727.6499999999996,,
2026-04-26T21:39:22.7833635-07:00,-23000,26999,4727.3900000000003,4727.71,4727.4799999999996,4727.6599999999999,,
2026-04-26T21:39:22.8312246-07:00,-21000,26999,4727.3900000000003,4727.6899999999996,4727.4799999999996,4727.6599999999999,,
2026-04-26T21:39:22.8771653-07:00,-21000,26999,4727.3900000000003,4727.6899999999996,4727.4799999999996,4727.6599999999999,,
2026-04-26T21:39:22.9239849-07:00,-21000,26999,4727.3900000000003,4727.6899999999996,4727.4799999999996,4727.6599999999999,,
2026-04-26T21:39:22.9706892-07:00,-21000,26999,4727.3900000000003,4727.6899999999996,4727.4799999999996,4727.6599999999999,,
2026-04-26T21:39:23.0187763-07:00,-21000,26999,4727.3900000000003,4727.6899999999996,4727.4799999999996,4727.6599999999999,,
2026-04-26T21:39:23.0860639-07:00,-21000,26999,4727.3900000000003,4727.6899999999996,4727.4799999999996,4727.6599999999999,,
2026-04-26T21:39:23.1272379-07:00,-23999,21999,4727.3900000000003,4727.6899999999996,4727.4499999999998,4727.6099999999997,,
2026-04-26T21:39:23.1738954-07:00,-23999,21999,4727.3900000000003,4727.6899999999996,4727.4499999999998,4727.6099999999997,,
2026-04-26T21:39:23.2206997-07:00,-23999,21999,4727.3900000000003,4727.6899999999996,4727.4499999999998,4727.6099999999997,,
2026-04-26T21:39:23.2849549-07:00,-23999,21999,4727.3900000000003,4727.6899999999996,4727.4499999999998,4727.6099999999997,,
2026-04-26T21:39:23.3304475-07:00,-25000,23999,4727.3699999999999,4727.6999999999998,4727.4499999999998,4727.6099999999997,,
2026-04-26T21:39:23.3777507-07:00,-25000,23999,4727.3699999999999,4727.6999999999998,4727.4499999999998,4727.6099999999997,,
2026-04-26T21:39:23.4244047-07:00,-25000,23999,4727.3699999999999,4727.6999999999998,4727.4499999999998,4727.6099999999997,,
2026-04-26T21:39:23.4712793-07:00,-25000,23999,4727.3699999999999,4727.6999999999998,4727.4499999999998,4727.6099999999997,,
2026-04-26T21:39:23.5337236-07:00,-22999,24000,4727.4200000000001,4727.7299999999996,4727.5,4727.6599999999999,,
2026-04-26T21:39:23.5799965-07:00,-22999,24000,4727.4200000000001,4727.7299999999996,4727.5,4727.6599999999999,,
2026-04-26T21:39:23.6285760-07:00,-22999,24000,4727.4200000000001,4727.7299999999996,4727.5,4727.6599999999999,,
2026-04-26T21:39:23.6742798-07:00,-22999,24000,4727.4200000000001,4727.7299999999996,4727.5,4727.6599999999999,,
2026-04-26T21:39:23.7210626-07:00,-22999,24000,4727.4200000000001,4727.7299999999996,4727.5,4727.6599999999999,,
2026-04-26T21:39:23.7837053-07:00,-22999,24000,4727.4200000000001,4727.7299999999996,4727.5,4727.6599999999999,,
2026-04-26T21:39:23.8302298-07:00,-22999,24000,4727.4200000000001,4727.7299999999996,4727.5,4727.6599999999999,,
2026-04-26T21:39:23.8775646-07:00,-22999,24000,4727.4200000000001,4727.7299999999996,4727.5,4727.6599999999999,,
2026-04-26T21:39:23.9253494-07:00,-22999,24000,4727.4200000000001,4727.7299999999996,4727.5,4727.6599999999999,,
2026-04-26T21:39:23.9709005-07:00,-22999,24000,4727.4200000000001,4727.7299999999996,4727.5,4727.6599999999999,,
2026-04-26T21:39:24.0333906-07:00,-22999,24000,4727.4200000000001,4727.7299999999996,4727.5,4727.6599999999999,,
2026-04-26T21:39:24.0804126-07:00,-22999,24000,4727.4200000000001,4727.7299999999996,4727.5,4727.6599999999999,,
2026-04-26T21:39:24.1582266-07:00,-22999,24000,4727.4200000000001,4727.7299999999996,4727.5,4727.6599999999999,,
2026-04-26T21:39:24.1739544-07:00,-21999,22999,4727.4200000000001,4727.7299999999996,4727.5100000000002,4727.6499999999996,,
2026-04-26T21:39:24.2216633-07:00,-21999,22999,4727.4200000000001,4727.7299999999996,4727.5100000000002,4727.6499999999996,,
2026-04-26T21:39:24.2856861-07:00,-21999,22999,4727.4200000000001,4727.7299999999996,4727.5100000000002,4727.6499999999996,,
2026-04-26T21:39:24.3305538-07:00,-21999,22999,4727.4200000000001,4727.7299999999996,4727.5100000000002,4727.6499999999996,,
2026-04-26T21:39:24.3771810-07:00,-21999,22999,4727.4200000000001,4727.7299999999996,4727.5100000000002,4727.6499999999996,,
2026-04-26T21:39:24.4243686-07:00,-21999,22999,4727.4200000000001,4727.7299999999996,4727.5100000000002,4727.6499999999996,,
2026-04-26T21:39:24.4714421-07:00,-21999,22999,4727.4200000000001,4727.7299999999996,4727.5100000000002,4727.6499999999996,,
2026-04-26T21:39:24.5339570-07:00,-21999,22999,4727.4200000000001,4727.7299999999996,4727.5100000000002,4727.6499999999996,,
2026-04-26T21:39:24.5802450-07:00,-21999,22999,4727.4200000000001,4727.7299999999996,4727.5100000000002,4727.6499999999996,,
2026-04-26T21:39:24.6277789-07:00,-23000,23999,4727.4099999999999,4727.7399999999998,4727.5100000000002,4727.6499999999996,,
2026-04-26T21:39:24.6744443-07:00,-23000,23999,4727.4099999999999,4727.7399999999998,4727.5100000000002,4727.6499999999996,,
2026-04-26T21:39:24.7208466-07:00,-23000,23999,4727.4099999999999,4727.7399999999998,4727.5100000000002,4727.6499999999996,,
2026-04-26T21:39:24.7835246-07:00,-23000,23999,4727.4099999999999,4727.7399999999998,4727.5100000000002,4727.6499999999996,,
2026-04-26T21:39:24.8309840-07:00,-23000,23999,4727.4099999999999,4727.7399999999998,4727.5100000000002,4727.6499999999996,,
2026-04-26T21:39:24.8776279-07:00,-23000,23999,4727.4099999999999,4727.7399999999998,4727.5100000000002,4727.6499999999996,,
2026-04-26T21:39:24.9246032-07:00,-23000,23999,4727.4099999999999,4727.7399999999998,4727.5100000000002,4727.6499999999996,,
2026-04-26T21:39:24.9708598-07:00,-23000,23999,4727.4099999999999,4727.7399999999998,4727.5100000000002,4727.6499999999996,,
2026-04-26T21:39:25.0333335-07:00,-21000,25000,4727.3999999999996,4727.7200000000003,4727.5100000000002,4727.6499999999996,,
2026-04-26T21:39:25.0809767-07:00,-21000,25000,4727.3999999999996,4727.7200000000003,4727.5100000000002,4727.6499999999996,,
2026-04-26T21:39:25.1548207-07:00,-21000,25000,4727.3999999999996,4727.7200000000003,4727.5100000000002,4727.6499999999996,,
2026-04-26T21:39:25.1738555-07:00,-21000,25000,4727.3999999999996,4727.7200000000003,4727.5100000000002,4727.6499999999996,,
2026-04-26T21:39:25.2212644-07:00,-21000,25000,4727.3999999999996,4727.7200000000003,4727.5100000000002,4727.6499999999996,,
2026-04-26T21:39:25.2838879-07:00,-21000,25000,4727.3999999999996,4727.7200000000003,4727.5100000000002,4727.6499999999996,,
2026-04-26T21:39:25.3321536-07:00,-21000,25000,4727.3999999999996,4727.7200000000003,4727.5100000000002,4727.6499999999996,,
2026-04-26T21:39:25.4058744-07:00,-21000,25000,4727.3999999999996,4727.7200000000003,4727.5100000000002,4727.6499999999996,,
2026-04-26T21:39:25.4243539-07:00,-26000,20000,4727.3999999999996,4727.7200000000003,4727.46,4727.6000000000004,,
2026-04-26T21:39:25.4710681-07:00,-22999,22000,4727.3800000000001,4727.6899999999996,4727.46,4727.6000000000004,,
2026-04-26T21:39:25.5335076-07:00,-22999,22000,4727.3800000000001,4727.6899999999996,4727.46,4727.6000000000004,,
2026-04-26T21:39:25.5805655-07:00,-22999,22000,4727.3800000000001,4727.6899999999996,4727.46,4727.6000000000004,,
2026-04-26T21:39:25.6273911-07:00,-24000,22000,4727.3800000000001,4727.6999999999998,4727.46,4727.6000000000004,,
2026-04-26T21:39:25.6761163-07:00,-24000,22000,4727.3800000000001,4727.6999999999998,4727.46,4727.6000000000004,,
2026-04-26T21:39:25.7223401-07:00,-24000,22000,4727.3800000000001,4727.6999999999998,4727.46,4727.6000000000004,,
2026-04-26T21:39:25.7947973-07:00,-25000,21000,4727.3800000000001,4727.6999999999998,4727.4499999999998,4727.5900000000001,,
2026-04-26T21:39:25.8301311-07:00,-23000,22000,4727.3699999999999,4727.6800000000003,4727.4499999999998,4727.5900000000001,,
2026-04-26T21:39:25.8778188-07:00,-23000,22000,4727.3699999999999,4727.6800000000003,4727.4499999999998,4727.5900000000001,,
2026-04-26T21:39:25.9239319-07:00,-23000,22000,4727.3699999999999,4727.6800000000003,4727.4499999999998,4727.5900000000001,,
2026-04-26T21:39:25.9711577-07:00,-23000,22000,4727.3699999999999,4727.6800000000003,4727.4499999999998,4727.5900000000001,,
2026-04-26T21:39:26.0350208-07:00,-23000,22000,4727.3699999999999,4727.6800000000003,4727.4499999999998,4727.5900000000001,,
2026-04-26T21:39:26.0816186-07:00,-23000,22000,4727.3699999999999,4727.6800000000003,4727.4499999999998,4727.5900000000001,,
2026-04-26T21:39:26.1270636-07:00,-23000,22000,4727.3699999999999,4727.6800000000003,4727.4499999999998,4727.5900000000001,,
2026-04-26T21:39:26.1738131-07:00,-21999,25000,4727.3999999999996,4727.7299999999996,4727.5100000000002,4727.6499999999996,,
2026-04-26T21:39:26.2209386-07:00,-21999,25000,4727.3999999999996,4727.7299999999996,4727.5100000000002,4727.6499999999996,,
2026-04-26T21:39:26.2832720-07:00,-26999,20000,4727.3999999999996,4727.7299999999996,4727.46,4727.6000000000004,,
2026-04-26T21:39:26.3300667-07:00,-26999,20000,4727.3999999999996,4727.7299999999996,4727.46,4727.6000000000004,,
2026-04-26T21:39:26.3771655-07:00,-29000,17000,4727.4300000000003,4727.75,4727.46,4727.6000000000004,,
2026-04-26T21:39:26.4244365-07:00,-29000,17000,4727.4300000000003,4727.75,4727.46,4727.6000000000004,,
2026-04-26T21:39:26.4712201-07:00,-29000,17000,4727.4300000000003,4727.75,4727.46,4727.6000000000004,,
2026-04-26T21:39:26.5342731-07:00,-29000,17000,4727.4300000000003,4727.75,4727.46,4727.6000000000004,,
2026-04-26T21:39:26.5803072-07:00,-25000,23000,4727.3699999999999,4727.71,4727.46,4727.6000000000004,,
2026-04-26T21:39:26.6274864-07:00,-25000,23000,4727.3699999999999,4727.71,4727.46,4727.6000000000004,,
2026-04-26T21:39:26.6740741-07:00,-25000,23000,4727.3699999999999,4727.71,4727.46,4727.6000000000004,,
2026-04-26T21:39:26.7211910-07:00,-25000,23000,4727.3699999999999,4727.71,4727.46,4727.6000000000004,,
2026-04-26T21:39:26.7972764-07:00,-18999,29000,4727.3699999999999,4727.71,4727.5200000000004,4727.6599999999999,,
2026-04-26T21:39:26.8300624-07:00,-18999,29000,4727.3699999999999,4727.71,4727.5200000000004,4727.6599999999999,,
2026-04-26T21:39:26.8776676-07:00,-18999,29000,4727.3699999999999,4727.71,4727.5200000000004,4727.6599999999999,,
2026-04-26T21:39:26.9244909-07:00,-18999,29000,4727.3699999999999,4727.71,4727.5200000000004,4727.6599999999999,,
2026-04-26T21:39:26.9708666-07:00,-21999,23000,4727.4300000000003,4727.7399999999998,4727.5200000000004,4727.6599999999999,,
2026-04-26T21:39:27.0334095-07:00,-21999,23000,4727.4300000000003,4727.7399999999998,4727.5200000000004,4727.6599999999999,,
2026-04-26T21:39:27.0818536-07:00,-23999,22000,4727.4399999999996,4727.7600000000002,4727.5200000000004,4727.6599999999999,,
2026-04-26T21:39:27.1290990-07:00,-23999,22000,4727.4399999999996,4727.7600000000002,4727.5200000000004,4727.6599999999999,,
2026-04-26T21:39:27.1741762-07:00,-23999,22000,4727.4399999999996,4727.7600000000002,4727.5200000000004,4727.6599999999999,,
2026-04-26T21:39:27.2210635-07:00,-23999,22000,4727.4399999999996,4727.7600000000002,4727.5200000000004,4727.6599999999999,,
2026-04-26T21:39:27.2835538-07:00,-23999,23000,4727.4300000000003,4727.7600000000002,4727.5200000000004,4727.6599999999999,,
2026-04-26T21:39:27.3303713-07:00,-23999,23000,4727.4300000000003,4727.7600000000002,4727.5200000000004,4727.6599999999999,,
2026-04-26T21:39:27.3770252-07:00,-23999,23000,4727.4300000000003,4727.7600000000002,4727.5200000000004,4727.6599999999999,,
2026-04-26T21:39:27.4240901-07:00,-23999,23000,4727.4300000000003,4727.7600000000002,4727.5200000000004,4727.6599999999999,,
2026-04-26T21:39:27.4708821-07:00,-23999,23000,4727.4300000000003,4727.7600000000002,4727.5200000000004,4727.6599999999999,,
2026-04-26T21:39:27.5645800-07:00,-29000,17999,4727.4300000000003,4727.7600000000002,4727.4700000000003,4727.6099999999997,,
2026-04-26T21:39:27.5801074-07:00,-29000,17999,4727.4300000000003,4727.7600000000002,4727.4700000000003,4727.6099999999997,,
2026-04-26T21:39:27.6274146-07:00,-29000,17999,4727.4300000000003,4727.7600000000002,4727.4700000000003,4727.6099999999997,,
2026-04-26T21:39:27.6740023-07:00,-23000,21000,4727.4399999999996,4727.7399999999998,4727.5100000000002,4727.6499999999996,,
2026-04-26T21:39:27.7216098-07:00,-23000,21000,4727.4399999999996,4727.7399999999998,4727.5100000000002,4727.6499999999996,,
2026-04-26T21:39:27.7837847-07:00,-24000,23999,4727.4099999999999,4727.75,4727.5100000000002,4727.6499999999996,,
2026-04-26T21:39:27.8305367-07:00,-24000,23999,4727.4099999999999,4727.75,4727.5100000000002,4727.6499999999996,,
2026-04-26T21:39:27.8771318-07:00,-24000,23999,4727.4099999999999,4727.75,4727.5100000000002,4727.6499999999996,,
2026-04-26T21:39:27.9541016-07:00,-24000,23999,4727.4099999999999,4727.75,4727.5100000000002,4727.6499999999996,,
2026-04-26T21:39:27.9869949-07:00,2000,46999,4727.3900000000003,4727.6999999999998,4727.7200000000003,4727.8599999999997,,
2026-04-26T21:39:28.0199125-07:00,2000,46999,4727.3900000000003,4727.6999999999998,4727.7200000000003,4727.8599999999997,,
2026-04-26T21:39:28.0813990-07:00,2000,46999,4727.3900000000003,4727.6999999999998,4727.7200000000003,4727.8599999999997,,
2026-04-26T21:39:28.1276360-07:00,2000,46999,4727.3900000000003,4727.6999999999998,4727.7200000000003,4727.8599999999997,,
2026-04-26T21:39:28.1742749-07:00,-21999,23999,4727.6199999999999,4727.9399999999996,4727.7200000000003,4727.8599999999997,,
2026-04-26T21:39:28.2208483-07:00,-21999,23999,4727.6199999999999,4727.9399999999996,4727.7200000000003,4727.8599999999997,,
2026-04-26T21:39:28.2832719-07:00,-21999,23999,4727.6199999999999,4727.9399999999996,4727.7200000000003,4727.8599999999997,,
2026-04-26T21:39:28.3309294-07:00,-21999,23999,4727.6199999999999,4727.9399999999996,4727.7200000000003,4727.8599999999997,,
2026-04-26T21:39:28.3773619-07:00,-21999,23999,4727.6199999999999,4727.9399999999996,4727.7200000000003,4727.8599999999997,,
2026-04-26T21:39:28.4411428-07:00,-29000,17000,4727.6199999999999,4727.9399999999996,4727.6499999999996,4727.79,,
2026-04-26T21:39:28.4729089-07:00,-20000,24000,4727.5500000000002,4727.8500000000004,4727.6499999999996,4727.79,,
2026-04-26T21:39:28.5179739-07:00,-20000,24000,4727.5500000000002,4727.8500000000004,4727.6499999999996,4727.79,,
2026-04-26T21:39:28.5800890-07:00,-14000,30000,4727.5500000000002,4727.8500000000004,4727.71,4727.8500000000004,,
2026-04-26T21:39:28.6275912-07:00,-14000,30000,4727.5500000000002,4727.8500000000004,4727.71,4727.8500000000004,,
2026-04-26T21:39:28.6741031-07:00,-14000,30000,4727.5500000000002,4727.8500000000004,4727.71,4727.8500000000004,,
2026-04-26T21:39:28.7209927-07:00,-14000,30000,4727.5500000000002,4727.8500000000004,4727.71,4727.8500000000004,,
2026-04-26T21:39:28.7847636-07:00,-14000,30000,4727.5500000000002,4727.8500000000004,4727.71,4727.8500000000004,,
2026-04-26T21:39:28.8303585-07:00,-14000,30000,4727.5500000000002,4727.8500000000004,4727.71,4727.8500000000004,,
2026-04-26T21:39:28.8771832-07:00,-14000,30000,4727.5500000000002,4727.8500000000004,4727.71,4727.8500000000004,,
2026-04-26T21:39:28.9553661-07:00,10999,55000,4727.5500000000002,4727.8500000000004,4727.96,4728.1000000000004,,
2026-04-26T21:39:28.9709188-07:00,10999,55000,4727.5500000000002,4727.8500000000004,4727.96,4728.1000000000004,,
2026-04-26T21:39:29.0345700-07:00,10999,55000,4727.5500000000002,4727.8500000000004,4727.96,4728.1000000000004,,
2026-04-26T21:39:29.1042294-07:00,10999,55000,4727.5500000000002,4727.8500000000004,4727.96,4728.1000000000004,,
2026-04-26T21:39:29.1270434-07:00,-11999,35000,4727.6099999999997,4727.9399999999996,4727.8199999999997,4727.96,,
2026-04-26T21:39:29.1742321-07:00,-11999,35000,4727.6099999999997,4727.9399999999996,4727.8199999999997,4727.96,,
2026-04-26T21:39:29.2353368-07:00,-21000,25999,4727.7200000000003,4728.0500000000002,4727.8400000000001,4727.9799999999996,,
2026-04-26T21:39:29.2833298-07:00,-21000,25999,4727.7200000000003,4728.0500000000002,4727.8400000000001,4727.9799999999996,,
2026-04-26T21:39:29.3304832-07:00,-21000,25999,4727.7200000000003,4728.0500000000002,4727.8400000000001,4727.9799999999996,,
2026-04-26T21:39:29.3787846-07:00,-24000,22999,4727.75,4728.0799999999999,4727.8400000000001,4727.9799999999996,,
2026-04-26T21:39:29.4241426-07:00,-24000,22999,4727.75,4728.0799999999999,4727.8400000000001,4727.9799999999996,,
2026-04-26T21:39:29.4710338-07:00,-24000,22999,4727.75,4728.0799999999999,4727.8400000000001,4727.9799999999996,,
2026-04-26T21:39:29.5349157-07:00,-24000,22999,4727.75,4728.0799999999999,4727.8400000000001,4727.9799999999996,,
2026-04-26T21:39:29.5805108-07:00,-24000,22999,4727.75,4728.0799999999999,4727.8400000000001,4727.9799999999996,,
2026-04-26T21:39:29.6276140-07:00,-23000,21999,4727.7600000000002,4728.0699999999997,4727.8400000000001,4727.9799999999996,,
2026-04-26T21:39:29.6756324-07:00,-23000,21999,4727.7600000000002,4728.0699999999997,4727.8400000000001,4727.9799999999996,,
2026-04-26T21:39:29.7209069-07:00,-23000,21999,4727.7600000000002,4728.0699999999997,4727.8400000000001,4727.9799999999996,,
2026-04-26T21:39:29.7833310-07:00,-23000,21999,4727.7600000000002,4728.0699999999997,4727.8400000000001,4727.9799999999996,,
2026-04-26T21:39:29.8302241-07:00,-23000,21999,4727.7600000000002,4728.0699999999997,4727.8400000000001,4727.9799999999996,,
2026-04-26T21:39:29.8771767-07:00,-23000,21999,4727.7600000000002,4728.0699999999997,4727.8400000000001,4727.9799999999996,,
2026-04-26T21:39:29.9238788-07:00,-23000,21999,4727.7600000000002,4728.0699999999997,4727.8400000000001,4727.9799999999996,,
2026-04-26T21:39:29.9709767-07:00,-23000,21999,4727.7600000000002,4728.0699999999997,4727.8400000000001,4727.9799999999996,,
2026-04-26T21:39:30.0331958-07:00,-23000,21999,4727.7600000000002,4728.0699999999997,4727.8400000000001,4727.9799999999996,,
2026-04-26T21:39:30.0844864-07:00,-23000,21999,4727.7600000000002,4728.0699999999997,4727.8400000000001,4727.9799999999996,,
2026-04-26T21:39:30.1273767-07:00,-23000,21999,4727.7600000000002,4728.0699999999997,4727.8400000000001,4727.9799999999996,,
2026-04-26T21:39:30.1740684-07:00,-23000,21999,4727.7600000000002,4728.0699999999997,4727.8400000000001,4727.9799999999996,,
2026-04-26T21:39:30.2206688-07:00,-24000,23000,4727.7600000000002,4728.0699999999997,4727.8299999999999,4727.9899999999998,,
2026-04-26T21:39:30.2834610-07:00,-24000,23000,4727.7600000000002,4728.0699999999997,4727.8299999999999,4727.9899999999998,,
2026-04-26T21:39:30.3302150-07:00,-24000,23000,4727.7600000000002,4728.0699999999997,4727.8299999999999,4727.9899999999998,,
2026-04-26T21:39:30.3773979-07:00,-24000,23000,4727.7600000000002,4728.0699999999997,4727.8299999999999,4727.9899999999998,,
2026-04-26T21:39:30.4242558-07:00,-24000,23000,4727.7600000000002,4728.0699999999997,4727.8299999999999,4727.9899999999998,,
2026-04-26T21:39:30.4708653-07:00,-24000,23000,4727.7600000000002,4728.0699999999997,4727.8299999999999,4727.9899999999998,,
2026-04-26T21:39:30.5334635-07:00,-24000,23000,4727.7600000000002,4728.0699999999997,4727.8299999999999,4727.9899999999998,,
2026-04-26T21:39:30.5829824-07:00,-24000,23000,4727.7600000000002,4728.0699999999997,4727.8299999999999,4727.9899999999998,,
2026-04-26T21:39:30.6272671-07:00,-24000,23000,4727.7600000000002,4728.0699999999997,4727.8299999999999,4727.9899999999998,,
2026-04-26T21:39:30.7054066-07:00,-25999,21000,4727.7600000000002,4728.0699999999997,4727.8100000000004,4727.9700000000003,,
2026-04-26T21:39:30.7208899-07:00,-25000,23000,4727.7399999999998,4728.0600000000004,4727.8100000000004,4727.9700000000003,,
2026-04-26T21:39:30.7837992-07:00,-25000,23000,4727.7399999999998,4728.0600000000004,4727.8100000000004,4727.9700000000003,,
2026-04-26T21:39:30.8303954-07:00,-22999,25000,4727.7200000000003,4728.04,4727.8100000000004,4727.9700000000003,,
2026-04-26T21:39:30.8773285-07:00,-22999,25000,4727.7200000000003,4728.04,4727.8100000000004,4727.9700000000003,,
2026-04-26T21:39:30.9553174-07:00,-18999,28000,4727.6899999999996,4728,4727.8100000000004,4727.9700000000003,,
2026-04-26T21:39:30.9707791-07:00,-20000,27000,4727.6899999999996,4728,4727.8000000000002,4727.96,,
2026-04-26T21:39:31.0333307-07:00,-20000,27000,4727.6899999999996,4728,4727.8000000000002,4727.96,,
2026-04-26T21:39:31.0819935-07:00,-20000,27000,4727.6899999999996,4728,4727.8000000000002,4727.96,,
2026-04-26T21:39:31.1273641-07:00,-23000,26000,4727.6999999999998,4728.0299999999997,4727.8000000000002,4727.96,,
2026-04-26T21:39:31.1903163-07:00,-23000,26000,4727.6999999999998,4728.0299999999997,4727.8000000000002,4727.96,,
2026-04-26T21:39:31.2445030-07:00,-21999,25000,4727.6999999999998,4728.0299999999997,4727.8100000000004,4727.9499999999998,,
2026-04-26T21:39:31.2677160-07:00,-21999,25000,4727.6999999999998,4728.0299999999997,4727.8100000000004,4727.9499999999998,,
2026-04-26T21:39:31.3322042-07:00,-21999,25000,4727.6999999999998,4728.0299999999997,4727.8100000000004,4727.9499999999998,,
2026-04-26T21:39:31.3776035-07:00,-21999,25000,4727.6999999999998,4728.0299999999997,4727.8100000000004,4727.9499999999998,,
2026-04-26T21:39:31.4240541-07:00,-21999,25000,4727.6999999999998,4728.0299999999997,4727.8100000000004,4727.9499999999998,,
2026-04-26T21:39:31.4708197-07:00,-21999,25000,4727.6999999999998,4728.0299999999997,4727.8100000000004,4727.9499999999998,,
2026-04-26T21:39:31.5336733-07:00,-21999,25000,4727.6999999999998,4728.0299999999997,4727.8100000000004,4727.9499999999998,,
2026-04-26T21:39:31.5803838-07:00,-21999,25000,4727.6999999999998,4728.0299999999997,4727.8100000000004,4727.9499999999998,,
2026-04-26T21:39:31.6273438-07:00,-21999,25000,4727.6999999999998,4728.0299999999997,4727.8100000000004,4727.9499999999998,,
2026-04-26T21:39:31.6740245-07:00,-21999,25000,4727.6999999999998,4728.0299999999997,4727.8100000000004,4727.9499999999998,,
2026-04-26T21:39:31.7209212-07:00,-16999,28000,4727.6700000000001,4727.9799999999996,4727.8100000000004,4727.9499999999998,,
2026-04-26T21:39:31.7831812-07:00,-19999,25000,4727.6700000000001,4727.9799999999996,4727.7799999999997,4727.9200000000001,,
2026-04-26T21:39:31.8304566-07:00,-19999,25000,4727.6700000000001,4727.9799999999996,4727.7799999999997,4727.9200000000001,,
2026-04-26T21:39:31.8774039-07:00,-19999,25000,4727.6700000000001,4727.9799999999996,4727.7799999999997,4727.9200000000001,,
2026-04-26T21:39:31.9251468-07:00,-19999,25000,4727.6700000000001,4727.9799999999996,4727.7799999999997,4727.9200000000001,,
2026-04-26T21:39:31.9840578-07:00,-10999,34000,4727.6700000000001,4727.9799999999996,4727.8699999999999,4728.0100000000002,,
2026-04-26T21:39:32.0332923-07:00,-12000,33000,4727.6800000000003,4727.9899999999998,4727.8699999999999,4728.0100000000002,,
2026-04-26T21:39:32.1096519-07:00,-11000,34000,4727.6800000000003,4727.9899999999998,4727.8800000000001,4728.0200000000004,,
2026-04-26T21:39:32.1271445-07:00,-24000,23000,4727.79,4728.1199999999999,4727.8800000000001,4728.0200000000004,,
2026-04-26T21:39:32.1738298-07:00,-24000,23000,4727.79,4728.1199999999999,4727.8800000000001,4728.0200000000004,,
2026-04-26T21:39:32.2207980-07:00,-24000,23000,4727.79,4728.1199999999999,4727.8800000000001,4728.0200000000004,,
2026-04-26T21:39:32.2834712-07:00,-24000,23000,4727.79,4728.1199999999999,4727.8800000000001,4728.0200000000004,,
2026-04-26T21:39:32.3302775-07:00,-22000,24000,4727.7799999999997,4728.1000000000004,4727.8800000000001,4728.0200000000004,,
2026-04-26T21:39:32.3771729-07:00,-22000,24000,4727.7799999999997,4728.1000000000004,4727.8800000000001,4728.0200000000004,,
2026-04-26T21:39:32.4249884-07:00,-22000,24000,4727.7799999999997,4728.1000000000004,4727.8800000000001,4728.0200000000004,,
2026-04-26T21:39:32.4708233-07:00,-22000,24000,4727.7799999999997,4728.1000000000004,4727.8800000000001,4728.0200000000004,,
2026-04-26T21:39:32.5336910-07:00,-22000,24000,4727.7799999999997,4728.1000000000004,4727.8800000000001,4728.0200000000004,,
2026-04-26T21:39:32.5802254-07:00,-22000,24000,4727.7799999999997,4728.1000000000004,4727.8800000000001,4728.0200000000004,,
2026-04-26T21:39:32.6271923-07:00,-22000,24000,4727.7799999999997,4728.1000000000004,4727.8800000000001,4728.0200000000004,,
2026-04-26T21:39:32.6741502-07:00,-22000,24000,4727.7799999999997,4728.1000000000004,4727.8800000000001,4728.0200000000004,,
2026-04-26T21:39:32.7228024-07:00,-22000,24000,4727.7799999999997,4728.1000000000004,4727.8800000000001,4728.0200000000004,,
2026-04-26T21:39:32.7834851-07:00,-22000,24000,4727.7799999999997,4728.1000000000004,4727.8800000000001,4728.0200000000004,,
2026-04-26T21:39:32.8303131-07:00,-22000,24000,4727.7799999999997,4728.1000000000004,4727.8800000000001,4728.0200000000004,,
2026-04-26T21:39:32.8786759-07:00,-17000,29000,4727.7799999999997,4728.1000000000004,4727.9300000000003,4728.0699999999997,,
2026-04-26T21:39:32.9240597-07:00,-20000,25000,4727.8199999999997,4728.1300000000001,4727.9300000000003,4728.0699999999997,,
2026-04-26T21:39:32.9711933-07:00,-20000,25000,4727.8199999999997,4728.1300000000001,4727.9300000000003,4728.0699999999997,,
2026-04-26T21:39:33.0335216-07:00,-20000,25000,4727.8199999999997,4728.1300000000001,4727.9300000000003,4728.0699999999997,,
2026-04-26T21:39:33.0835280-07:00,-20000,25000,4727.8199999999997,4728.1300000000001,4727.9300000000003,4728.0699999999997,,
2026-04-26T21:39:33.1272394-07:00,-20000,25000,4727.8199999999997,4728.1300000000001,4727.9300000000003,4728.0699999999997,,
2026-04-26T21:39:33.1740350-07:00,-20000,25000,4727.8199999999997,4728.1300000000001,4727.9300000000003,4728.0699999999997,,
2026-04-26T21:39:33.2219137-07:00,-20000,25000,4727.8199999999997,4728.1300000000001,4727.9300000000003,4728.0699999999997,,
2026-04-26T21:39:33.2833952-07:00,-20000,25000,4727.8199999999997,4728.1300000000001,4727.9300000000003,4728.0699999999997,,
2026-04-26T21:39:33.3302903-07:00,-20000,25000,4727.8199999999997,4728.1300000000001,4727.9300000000003,4728.0699999999997,,
2026-04-26T21:39:33.3771644-07:00,-20000,25000,4727.8199999999997,4728.1300000000001,4727.9300000000003,4728.0699999999997,,
2026-04-26T21:39:33.4246738-07:00,-20000,25000,4727.8199999999997,4728.1300000000001,4727.9300000000003,4728.0699999999997,,
2026-04-26T21:39:33.4712717-07:00,-20000,25000,4727.8199999999997,4728.1300000000001,4727.9300000000003,4728.0699999999997,,
2026-04-26T21:39:33.5347817-07:00,-20000,25000,4727.8199999999997,4728.1300000000001,4727.9300000000003,4728.0699999999997,,
2026-04-26T21:39:33.5804251-07:00,-20000,25000,4727.8199999999997,4728.1300000000001,4727.9300000000003,4728.0699999999997,,
2026-04-26T21:39:33.6280901-07:00,-20000,25000,4727.8199999999997,4728.1300000000001,4727.9300000000003,4728.0699999999997,,
2026-04-26T21:39:33.6739647-07:00,-20000,25000,4727.8199999999997,4728.1300000000001,4727.9300000000003,4728.0699999999997,,
2026-04-26T21:39:33.7208771-07:00,-20000,25000,4727.8199999999997,4728.1300000000001,4727.9300000000003,4728.0699999999997,,
2026-04-26T21:39:33.7833560-07:00,-20000,25000,4727.8199999999997,4728.1300000000001,4727.9300000000003,4728.0699999999997,,
2026-04-26T21:39:33.8306790-07:00,-20000,25000,4727.8199999999997,4728.1300000000001,4727.9300000000003,4728.0699999999997,,
2026-04-26T21:39:33.8771148-07:00,-20000,25000,4727.8199999999997,4728.1300000000001,4727.9300000000003,4728.0699999999997,,
2026-04-26T21:39:33.9239646-07:00,-20000,25000,4727.8199999999997,4728.1300000000001,4727.9300000000003,4728.0699999999997,,
2026-04-26T21:39:33.9709933-07:00,-20000,25000,4727.8199999999997,4728.1300000000001,4727.9300000000003,4728.0699999999997,,
2026-04-26T21:39:34.0339755-07:00,-20000,25000,4727.8199999999997,4728.1300000000001,4727.9300000000003,4728.0699999999997,,
2026-04-26T21:39:34.0828692-07:00,-20000,25000,4727.8199999999997,4728.1300000000001,4727.9300000000003,4728.0699999999997,,
2026-04-26T21:39:34.1270606-07:00,-20000,25000,4727.8199999999997,4728.1300000000001,4727.9300000000003,4728.0699999999997,,
2026-04-26T21:39:34.1743331-07:00,-20000,25000,4727.8199999999997,4728.1300000000001,4727.9300000000003,4728.0699999999997,,
2026-04-26T21:39:34.2228370-07:00,-20000,25000,4727.8199999999997,4728.1300000000001,4727.9300000000003,4728.0699999999997,,
2026-04-26T21:39:34.2836858-07:00,-20000,25000,4727.8199999999997,4728.1300000000001,4727.9300000000003,4728.0699999999997,,
2026-04-26T21:39:34.3302724-07:00,-20000,25000,4727.8199999999997,4728.1300000000001,4727.9300000000003,4728.0699999999997,,
2026-04-26T21:39:34.3771457-07:00,-20000,25000,4727.8199999999997,4728.1300000000001,4727.9300000000003,4728.0699999999997,,
2026-04-26T21:39:34.4240477-07:00,-20000,25000,4727.8199999999997,4728.1300000000001,4727.9300000000003,4728.0699999999997,,
2026-04-26T21:39:34.4708987-07:00,-20000,25000,4727.8199999999997,4728.1300000000001,4727.9300000000003,4728.0699999999997,,
2026-04-26T21:39:34.5333413-07:00,-20000,25000,4727.8199999999997,4728.1300000000001,4727.9300000000003,4728.0699999999997,,
2026-04-26T21:39:34.5804838-07:00,-20000,25000,4727.8199999999997,4728.1300000000001,4727.9300000000003,4728.0699999999997,,
2026-04-26T21:39:34.6280271-07:00,-20000,25000,4727.8199999999997,4728.1300000000001,4727.9300000000003,4728.0699999999997,,
2026-04-26T21:39:34.6739661-07:00,-20000,25000,4727.8199999999997,4728.1300000000001,4727.9300000000003,4728.0699999999997,,
2026-04-26T21:39:34.7211786-07:00,-20000,25000,4727.8199999999997,4728.1300000000001,4727.9300000000003,4728.0699999999997,,
2026-04-26T21:39:34.7833766-07:00,-20000,25000,4727.8199999999997,4728.1300000000001,4727.9300000000003,4728.0699999999997,,
2026-04-26T21:39:34.8306927-07:00,-20000,25000,4727.8199999999997,4728.1300000000001,4727.9300000000003,4728.0699999999997,,
2026-04-26T21:39:34.8772090-07:00,-20000,25000,4727.8199999999997,4728.1300000000001,4727.9300000000003,4728.0699999999997,,
2026-04-26T21:39:34.9246902-07:00,-20000,25000,4727.8199999999997,4728.1300000000001,4727.9300000000003,4728.0699999999997,,
2026-04-26T21:39:34.9709465-07:00,-20000,25000,4727.8199999999997,4728.1300000000001,4727.9300000000003,4728.0699999999997,,
2026-04-26T21:39:35.0333758-07:00,-20000,25000,4727.8199999999997,4728.1300000000001,4727.9300000000003,4728.0699999999997,,
2026-04-26T21:39:35.0804585-07:00,-20000,25000,4727.8199999999997,4728.1300000000001,4727.9300000000003,4728.0699999999997,,
2026-04-26T21:39:35.1272215-07:00,-20000,25000,4727.8199999999997,4728.1300000000001,4727.9300000000003,4728.0699999999997,,
2026-04-26T21:39:35.1740422-07:00,-20000,25000,4727.8199999999997,4728.1300000000001,4727.9300000000003,4728.0699999999997,,
2026-04-26T21:39:35.2208242-07:00,-20000,25000,4727.8199999999997,4728.1300000000001,4727.9300000000003,4728.0699999999997,,
2026-04-26T21:39:35.2835645-07:00,-20000,25000,4727.8199999999997,4728.1300000000001,4727.9300000000003,4728.0699999999997,,
2026-04-26T21:39:35.3302517-07:00,-20000,25000,4727.8199999999997,4728.1300000000001,4727.9300000000003,4728.0699999999997,,
2026-04-26T21:39:35.3974586-07:00,-25000,20000,4727.8199999999997,4728.1300000000001,4727.8800000000001,4728.0200000000004,,
2026-04-26T21:39:35.4239692-07:00,-25000,20000,4727.8199999999997,4728.1300000000001,4727.8800000000001,4728.0200000000004,,
2026-04-26T21:39:35.4716572-07:00,-24000,23000,4727.79,4728.1199999999999,4727.8800000000001,4728.0200000000004,,
2026-04-26T21:39:35.5340531-07:00,-24000,23000,4727.79,4728.1199999999999,4727.8800000000001,4728.0200000000004,,
2026-04-26T21:39:35.5802872-07:00,-24000,23000,4727.79,4728.1199999999999,4727.8800000000001,4728.0200000000004,,
2026-04-26T21:39:35.6270596-07:00,-24000,23000,4727.79,4728.1199999999999,4727.8800000000001,4728.0200000000004,,
2026-04-26T21:39:35.6745305-07:00,-24000,23000,4727.79,4728.1199999999999,4727.8800000000001,4728.0200000000004,,
2026-04-26T21:39:35.7210361-07:00,-24000,23000,4727.79,4728.1199999999999,4727.8800000000001,4728.0200000000004,,
2026-04-26T21:39:35.7833660-07:00,-22999,23000,4727.79,4728.1099999999997,4727.8800000000001,4728.0200000000004,,
2026-04-26T21:39:35.8303393-07:00,-22999,23000,4727.79,4728.1099999999997,4727.8800000000001,4728.0200000000004,,
2026-04-26T21:39:35.8775369-07:00,-22999,23000,4727.79,4728.1099999999997,4727.8800000000001,4728.0200000000004,,
2026-04-26T21:39:35.9241750-07:00,-22999,23000,4727.79,4728.1099999999997,4727.8800000000001,4728.0200000000004,,
2026-04-26T21:39:35.9707963-07:00,-22999,23000,4727.79,4728.1099999999997,4727.8800000000001,4728.0200000000004,,
2026-04-26T21:39:36.0347203-07:00,-22999,23000,4727.79,4728.1099999999997,4727.8800000000001,4728.0200000000004,,
2026-04-26T21:39:36.0809234-07:00,-22999,23000,4727.79,4728.1099999999997,4727.8800000000001,4728.0200000000004,,
2026-04-26T21:39:36.1470310-07:00,-19999,26000,4727.79,4728.1099999999997,4727.9099999999999,4728.0500000000002,,
2026-04-26T21:39:36.1739489-07:00,-19999,26000,4727.79,4728.1099999999997,4727.9099999999999,4728.0500000000002,,
2026-04-26T21:39:36.2209669-07:00,-19999,26000,4727.79,4728.1099999999997,4727.9099999999999,4728.0500000000002,,
2026-04-26T21:39:36.2859783-07:00,-19999,27999,4727.8100000000004,4728.1499999999996,4727.9499999999998,4728.0900000000001,,
2026-04-26T21:39:36.3302010-07:00,-19999,27999,4727.8100000000004,4728.1499999999996,4727.9499999999998,4728.0900000000001,,
2026-04-26T21:39:36.3771065-07:00,-19999,27999,4727.8100000000004,4728.1499999999996,4727.9499999999998,4728.0900000000001,,
2026-04-26T21:39:36.4240640-07:00,-19999,27999,4727.8100000000004,4728.1499999999996,4727.9499999999998,4728.0900000000001,,
2026-04-26T21:39:36.4739086-07:00,-23000,22000,4727.8699999999999,4728.1800000000003,4727.9499999999998,4728.0900000000001,,
2026-04-26T21:39:36.5342540-07:00,-23000,22000,4727.8699999999999,4728.1800000000003,4727.9499999999998,4728.0900000000001,,
2026-04-26T21:39:36.5805944-07:00,-23000,22000,4727.8699999999999,4728.1800000000003,4727.9499999999998,4728.0900000000001,,
2026-04-26T21:39:36.6270515-07:00,-23000,22000,4727.8699999999999,4728.1800000000003,4727.9499999999998,4728.0900000000001,,
2026-04-26T21:39:36.6739560-07:00,-23000,22000,4727.8699999999999,4728.1800000000003,4727.9499999999998,4728.0900000000001,,
2026-04-26T21:39:36.7221923-07:00,-23000,22000,4727.8699999999999,4728.1800000000003,4727.9499999999998,4728.0900000000001,,
2026-04-26T21:39:36.7834161-07:00,-23000,22000,4727.8699999999999,4728.1800000000003,4727.9499999999998,4728.0900000000001,,
2026-04-26T21:39:36.8322843-07:00,-23000,22000,4727.8699999999999,4728.1800000000003,4727.9499999999998,4728.0900000000001,,
2026-04-26T21:39:36.8771128-07:00,-23000,22000,4727.8699999999999,4728.1800000000003,4727.9499999999998,4728.0900000000001,,
2026-04-26T21:39:36.9240736-07:00,-23000,22000,4727.8699999999999,4728.1800000000003,4727.9499999999998,4728.0900000000001,,
2026-04-26T21:39:36.9710619-07:00,-22000,23000,4727.8599999999997,4728.1700000000001,4727.9499999999998,4728.0900000000001,,
2026-04-26T21:39:37.0333029-07:00,-22000,23000,4727.8599999999997,4728.1700000000001,4727.9499999999998,4728.0900000000001,,
2026-04-26T21:39:37.0802426-07:00,-22000,23000,4727.8599999999997,4728.1700000000001,4727.9499999999998,4728.0900000000001,,
2026-04-26T21:39:37.1273442-07:00,-22000,23000,4727.8599999999997,4728.1700000000001,4727.9499999999998,4728.0900000000001,,
2026-04-26T21:39:37.1743814-07:00,-22000,23000,4727.8599999999997,4728.1700000000001,4727.9499999999998,4728.0900000000001,,
2026-04-26T21:39:37.2230158-07:00,-22000,23000,4727.8599999999997,4728.1700000000001,4727.9499999999998,4728.0900000000001,,
2026-04-26T21:39:37.2855268-07:00,-22000,23000,4727.8599999999997,4728.1700000000001,4727.9499999999998,4728.0900000000001,,
2026-04-26T21:39:37.3301919-07:00,-22000,23000,4727.8599999999997,4728.1700000000001,4727.9499999999998,4728.0900000000001,,
2026-04-26T21:39:37.3772759-07:00,-22000,23000,4727.8599999999997,4728.1700000000001,4727.9499999999998,4728.0900000000001,,
2026-04-26T21:39:37.4258493-07:00,-22000,23000,4727.8599999999997,4728.1700000000001,4727.9499999999998,4728.0900000000001,,
2026-04-26T21:39:37.4715074-07:00,-22000,23000,4727.8599999999997,4728.1700000000001,4727.9499999999998,4728.0900000000001,,
2026-04-26T21:39:37.5356597-07:00,-22000,23000,4727.8599999999997,4728.1700000000001,4727.9499999999998,4728.0900000000001,,
2026-04-26T21:39:37.5812462-07:00,-22000,23000,4727.8599999999997,4728.1700000000001,4727.9499999999998,4728.0900000000001,,
2026-04-26T21:39:37.6271278-07:00,-22000,23000,4727.8599999999997,4728.1700000000001,4727.9499999999998,4728.0900000000001,,
2026-04-26T21:39:37.6743382-07:00,-22000,23000,4727.8599999999997,4728.1700000000001,4727.9499999999998,4728.0900000000001,,
2026-04-26T21:39:37.7209905-07:00,-22000,23000,4727.8599999999997,4728.1700000000001,4727.9499999999998,4728.0900000000001,,
2026-04-26T21:39:37.7835984-07:00,-22000,23000,4727.8599999999997,4728.1700000000001,4727.9499999999998,4728.0900000000001,,
2026-04-26T21:39:37.8303284-07:00,-22000,23000,4727.8599999999997,4728.1700000000001,4727.9499999999998,4728.0900000000001,,
2026-04-26T21:39:37.8773919-07:00,-23999,23999,4727.8500000000004,4728.1899999999996,4727.9499999999998,4728.0900000000001,,
2026-04-26T21:39:37.9241851-07:00,-23999,23999,4727.8500000000004,4728.1899999999996,4727.9499999999998,4728.0900000000001,,
2026-04-26T21:39:37.9710064-07:00,-23999,23999,4727.8500000000004,4728.1899999999996,4727.9499999999998,4728.0900000000001,,
2026-04-26T21:39:38.0337076-07:00,-23999,23999,4727.8500000000004,4728.1899999999996,4727.9499999999998,4728.0900000000001,,
2026-04-26T21:39:38.0807044-07:00,-23000,23999,4727.8500000000004,4728.1800000000003,4727.9499999999998,4728.0900000000001,,
2026-04-26T21:39:38.1271466-07:00,-23000,23999,4727.8500000000004,4728.1800000000003,4727.9499999999998,4728.0900000000001,,
2026-04-26T21:39:38.1740146-07:00,-23000,23999,4727.8500000000004,4728.1800000000003,4727.9499999999998,4728.0900000000001,,
2026-04-26T21:39:38.2211675-07:00,-23000,23999,4727.8500000000004,4728.1800000000003,4727.9499999999998,4728.0900000000001,,
2026-04-26T21:39:38.2687604-07:00,-23000,23999,4727.8500000000004,4728.1800000000003,4727.9499999999998,4728.0900000000001,,
2026-04-26T21:39:38.3305678-07:00,-32000,14999,4727.8500000000004,4728.1800000000003,4727.8599999999997,4728,,
2026-04-26T21:39:38.3771611-07:00,-32000,14999,4727.8500000000004,4728.1800000000003,4727.8599999999997,4728,,
2026-04-26T21:39:38.4522200-07:00,-29000,16000,4727.8400000000001,4728.1499999999996,4727.8599999999997,4728,,
2026-04-26T21:39:38.4709378-07:00,-29999,15000,4727.8400000000001,4728.1499999999996,4727.8500000000004,4727.9899999999998,,
2026-04-26T21:39:38.5334611-07:00,-29999,15000,4727.8400000000001,4728.1499999999996,4727.8500000000004,4727.9899999999998,,
2026-04-26T21:39:38.5806294-07:00,-22999,21999,4727.7700000000004,4728.0799999999999,4727.8500000000004,4727.9899999999998,,
2026-04-26T21:39:38.6270808-07:00,-22999,21999,4727.7700000000004,4728.0799999999999,4727.8500000000004,4727.9899999999998,,
2026-04-26T21:39:38.6740373-07:00,-22999,21999,4727.7700000000004,4728.0799999999999,4727.8500000000004,4727.9899999999998,,
2026-04-26T21:39:38.7214739-07:00,-22999,21999,4727.7700000000004,4728.0799999999999,4727.8500000000004,4727.9899999999998,,
2026-04-26T21:39:38.7832583-07:00,-22999,21999,4727.7700000000004,4728.0799999999999,4727.8500000000004,4727.9899999999998,,
2026-04-26T21:39:38.8302837-07:00,-22999,21999,4727.7700000000004,4728.0799999999999,4727.8500000000004,4727.9899999999998,,
2026-04-26T21:39:38.8773730-07:00,-22999,21999,4727.7700000000004,4728.0799999999999,4727.8500000000004,4727.9899999999998,,
2026-04-26T21:39:38.9242284-07:00,-26000,18999,4727.7700000000004,4728.0799999999999,4727.8199999999997,4727.96,,
2026-04-26T21:39:38.9708290-07:00,-26000,18999,4727.7700000000004,4728.0799999999999,4727.8199999999997,4727.96,,
2026-04-26T21:39:39.0334370-07:00,-22000,23000,4727.7299999999996,4728.04,4727.8199999999997,4727.96,,
2026-04-26T21:39:39.0804356-07:00,-22000,23000,4727.7299999999996,4728.04,4727.8199999999997,4727.96,,
2026-04-26T21:39:39.1278458-07:00,-22000,23000,4727.7299999999996,4728.04,4727.8199999999997,4727.96,,
2026-04-26T21:39:39.1739515-07:00,-22000,23000,4727.7299999999996,4728.04,4727.8199999999997,4727.96,,
2026-04-26T21:39:39.2209339-07:00,-22000,23000,4727.7299999999996,4728.04,4727.8199999999997,4727.96,,
2026-04-26T21:39:39.2833450-07:00,-22000,23000,4727.7299999999996,4728.04,4727.8199999999997,4727.96,,
2026-04-26T21:39:39.3306917-07:00,-22000,23000,4727.7299999999996,4728.04,4727.8199999999997,4727.96,,
2026-04-26T21:39:39.3770779-07:00,-22000,23000,4727.7299999999996,4728.04,4727.8199999999997,4727.96,,
2026-04-26T21:39:39.4241942-07:00,-22000,23000,4727.7299999999996,4728.04,4727.8199999999997,4727.96,,
2026-04-26T21:39:39.4709255-07:00,-22000,23000,4727.7299999999996,4728.04,4727.8199999999997,4727.96,,
2026-04-26T21:39:39.5350582-07:00,-22000,23000,4727.7299999999996,4728.04,4727.8199999999997,4727.96,,
2026-04-26T21:39:39.5804374-07:00,-22000,23000,4727.7299999999996,4728.04,4727.8199999999997,4727.96,,
2026-04-26T21:39:39.6271015-07:00,-22000,23000,4727.7299999999996,4728.04,4727.8199999999997,4727.96,,
2026-04-26T21:39:39.6740357-07:00,-22000,23000,4727.7299999999996,4728.04,4727.8199999999997,4727.96,,
2026-04-26T21:39:39.7207916-07:00,-22000,23000,4727.7299999999996,4728.04,4727.8199999999997,4727.96,,
2026-04-26T21:39:39.7696548-07:00,-22000,23000,4727.7299999999996,4728.04,4727.8199999999997,4727.96,,
2026-04-26T21:39:39.8302147-07:00,-22000,22000,4727.7399999999998,4728.04,4727.8199999999997,4727.96,,
2026-04-26T21:39:39.8773626-07:00,-22000,22000,4727.7399999999998,4728.04,4727.8199999999997,4727.96,,
2026-04-26T21:39:39.9239359-07:00,-22000,22000,4727.7399999999998,4728.04,4727.8199999999997,4727.96,,
2026-04-26T21:39:39.9709703-07:00,-22000,22000,4727.7399999999998,4728.04,4727.8199999999997,4727.96,,
2026-04-26T21:39:40.0332749-07:00,-22000,22000,4727.7399999999998,4728.04,4727.8199999999997,4727.96,,
2026-04-26T21:39:40.0803345-07:00,-22000,22000,4727.7399999999998,4728.04,4727.8199999999997,4727.96,,
2026-04-26T21:39:40.1270879-07:00,-22000,22000,4727.7399999999998,4728.04,4727.8199999999997,4727.96,,
2026-04-26T21:39:40.1741082-07:00,-22000,22000,4727.7399999999998,4728.04,4727.8199999999997,4727.96,,
2026-04-26T21:39:40.2209689-07:00,-22000,22000,4727.7399999999998,4728.04,4727.8199999999997,4727.96,,
2026-04-26T21:39:40.2836709-07:00,-22000,22000,4727.7399999999998,4728.04,4727.8199999999997,4727.96,,
2026-04-26T21:39:40.3303501-07:00,-22000,22000,4727.7399999999998,4728.04,4727.8199999999997,4727.96,,
2026-04-26T21:39:40.3770586-07:00,-22000,22000,4727.7399999999998,4728.04,4727.8199999999997,4727.96,,
2026-04-26T21:39:40.4251101-07:00,-22000,22000,4727.7399999999998,4728.04,4727.8199999999997,4727.96,,
2026-04-26T21:39:40.4709574-07:00,-22000,22000,4727.7399999999998,4728.04,4727.8199999999997,4727.96,,
2026-04-26T21:39:40.5335117-07:00,-22000,22000,4727.7399999999998,4728.04,4727.8199999999997,4727.96,,
2026-04-26T21:39:40.5802333-07:00,-22000,22000,4727.7399999999998,4728.04,4727.8199999999997,4727.96,,
2026-04-26T21:39:40.6270856-07:00,-22000,22000,4727.7399999999998,4728.04,4727.8199999999997,4727.96,,
2026-04-26T21:39:40.6741354-07:00,-22000,22000,4727.7399999999998,4728.04,4727.8199999999997,4727.96,,
2026-04-26T21:39:40.7208614-07:00,-22000,22000,4727.7399999999998,4728.04,4727.8199999999997,4727.96,,
2026-04-26T21:39:40.7833503-07:00,-22000,22000,4727.7399999999998,4728.04,4727.8199999999997,4727.96,,
2026-04-26T21:39:40.8302552-07:00,-22000,22000,4727.7399999999998,4728.04,4727.8199999999997,4727.96,,
2026-04-26T21:39:40.8776768-07:00,-22000,22000,4727.7399999999998,4728.04,4727.8199999999997,4727.96,,
2026-04-26T21:39:40.9239599-07:00,-22000,22000,4727.7399999999998,4728.04,4727.8199999999997,4727.96,,
2026-04-26T21:39:40.9711126-07:00,-22000,22000,4727.7399999999998,4728.04,4727.8199999999997,4727.96,,
2026-04-26T21:39:41.0339271-07:00,-28000,16000,4727.8000000000002,4728.1000000000004,4727.8199999999997,4727.96,,
2026-04-26T21:39:41.0804973-07:00,-28000,16000,4727.8000000000002,4728.1000000000004,4727.8199999999997,4727.96,,
2026-04-26T21:39:41.1274052-07:00,-28000,16000,4727.8000000000002,4728.1000000000004,4727.8199999999997,4727.96,,
2026-04-26T21:39:41.1740362-07:00,-28000,16000,4727.8000000000002,4728.1000000000004,4727.8199999999997,4727.96,,
2026-04-26T21:39:41.2210021-07:00,-28000,16000,4727.8000000000002,4728.1000000000004,4727.8199999999997,4727.96,,
2026-04-26T21:39:41.2845966-07:00,-28000,16000,4727.8000000000002,4728.1000000000004,4727.8199999999997,4727.96,,
2026-04-26T21:39:41.3305868-07:00,-28000,16000,4727.8000000000002,4728.1000000000004,4727.8199999999997,4727.96,,
2026-04-26T21:39:41.3771003-07:00,-28000,16000,4727.8000000000002,4728.1000000000004,4727.8199999999997,4727.96,,
2026-04-26T21:39:41.4245156-07:00,-28000,16000,4727.8000000000002,4728.1000000000004,4727.8199999999997,4727.96,,
2026-04-26T21:39:41.4707860-07:00,-28000,16000,4727.8000000000002,4728.1000000000004,4727.8199999999997,4727.96,,
2026-04-26T21:39:41.5191427-07:00,-28000,16000,4727.8000000000002,4728.1000000000004,4727.8199999999997,4727.96,,
2026-04-26T21:39:41.5807367-07:00,-28000,16000,4727.8000000000002,4728.1000000000004,4727.8199999999997,4727.96,,
2026-04-26T21:39:41.6273801-07:00,-28000,16000,4727.8000000000002,4728.1000000000004,4727.8199999999997,4727.96,,
2026-04-26T21:39:41.6742078-07:00,-28000,16000,4727.8000000000002,4728.1000000000004,4727.8199999999997,4727.96,,
2026-04-26T21:39:41.7207562-07:00,-28000,16000,4727.8000000000002,4728.1000000000004,4727.8199999999997,4727.96,,
2026-04-26T21:39:41.7833730-07:00,-28000,16000,4727.8000000000002,4728.1000000000004,4727.8199999999997,4727.96,,
2026-04-26T21:39:41.8305078-07:00,-24000,24000,4727.7200000000003,4728.0600000000004,4727.8199999999997,4727.96,,
2026-04-26T21:39:41.8786770-07:00,-24000,24000,4727.7200000000003,4728.0600000000004,4727.8199999999997,4727.96,,
2026-04-26T21:39:41.9241697-07:00,-24000,24000,4727.7200000000003,4728.0600000000004,4727.8199999999997,4727.96,,
2026-04-26T21:39:41.9714243-07:00,-24000,24000,4727.7200000000003,4728.0600000000004,4727.8199999999997,4727.96,,
2026-04-26T21:39:42.0248959-07:00,-24000,24000,4727.7200000000003,4728.0600000000004,4727.8199999999997,4727.96,,
2026-04-26T21:39:42.0804197-07:00,-24000,24000,4727.7200000000003,4728.0600000000004,4727.8199999999997,4727.96,,
2026-04-26T21:39:42.1274531-07:00,-24000,24000,4727.7200000000003,4728.0600000000004,4727.8199999999997,4727.96,,
2026-04-26T21:39:42.2006380-07:00,-23000,25000,4727.7200000000003,4728.0600000000004,4727.8299999999999,4727.9700000000003,,
2026-04-26T21:39:42.2209328-07:00,-21000,25000,4727.7200000000003,4728.04,4727.8299999999999,4727.9700000000003,,
2026-04-26T21:39:42.2840037-07:00,-21000,25000,4727.7200000000003,4728.04,4727.8299999999999,4727.9700000000003,,
2026-04-26T21:39:42.3302889-07:00,-22000,22000,4727.75,4728.0500000000002,4727.8299999999999,4727.9700000000003,,
2026-04-26T21:39:42.3775443-07:00,-22000,22000,4727.75,4728.0500000000002,4727.8299999999999,4727.9700000000003,,
2026-04-26T21:39:42.4240525-07:00,-22000,22000,4727.75,4728.0500000000002,4727.8299999999999,4727.9700000000003,,
2026-04-26T21:39:42.4708799-07:00,-22000,22000,4727.75,4728.0500000000002,4727.8299999999999,4727.9700000000003,,
2026-04-26T21:39:42.5336133-07:00,-22000,23000,4727.7399999999998,4728.0500000000002,4727.8299999999999,4727.9700000000003,,
2026-04-26T21:39:42.5814725-07:00,-22000,23000,4727.7399999999998,4728.0500000000002,4727.8299999999999,4727.9700000000003,,
2026-04-26T21:39:42.6272272-07:00,-22000,23000,4727.7399999999998,4728.0500000000002,4727.8299999999999,4727.9700000000003,,
2026-04-26T21:39:42.6739398-07:00,-22000,23000,4727.7399999999998,4728.0500000000002,4727.8299999999999,4727.9700000000003,,
2026-04-26T21:39:42.7228829-07:00,-22000,23000,4727.7399999999998,4728.0500000000002,4727.8299999999999,4727.9700000000003,,
2026-04-26T21:39:42.7837443-07:00,-22000,23000,4727.7399999999998,4728.0500000000002,4727.8299999999999,4727.9700000000003,,
2026-04-26T21:39:42.8305346-07:00,-22000,23000,4727.7399999999998,4728.0500000000002,4727.8299999999999,4727.9700000000003,,
2026-04-26T21:39:42.8770369-07:00,-22000,23000,4727.7399999999998,4728.0500000000002,4727.8299999999999,4727.9700000000003,,
2026-04-26T21:39:42.9243544-07:00,-22000,23000,4727.7399999999998,4728.0500000000002,4727.8299999999999,4727.9700000000003,,
2026-04-26T21:39:42.9724152-07:00,-22000,23000,4727.7399999999998,4728.0500000000002,4727.8299999999999,4727.9700000000003,,
2026-04-26T21:39:43.0186473-07:00,-22000,23000,4727.7399999999998,4728.0500000000002,4727.8299999999999,4727.9700000000003,,
2026-04-26T21:39:43.0803071-07:00,-22000,23000,4727.7399999999998,4728.0500000000002,4727.8299999999999,4727.9700000000003,,
2026-04-26T21:39:43.1270295-07:00,-22000,23000,4727.7399999999998,4728.0500000000002,4727.8299999999999,4727.9700000000003,,
2026-04-26T21:39:43.1742970-07:00,-22000,23000,4727.7399999999998,4728.0500000000002,4727.8299999999999,4727.9700000000003,,
2026-04-26T21:39:43.2229496-07:00,-22000,23000,4727.7399999999998,4728.0500000000002,4727.8299999999999,4727.9700000000003,,
2026-04-26T21:39:43.2838574-07:00,-22000,23000,4727.7399999999998,4728.0500000000002,4727.8299999999999,4727.9700000000003,,
2026-04-26T21:39:43.3303076-07:00,-22000,23000,4727.7399999999998,4728.0500000000002,4727.8299999999999,4727.9700000000003,,
2026-04-26T21:39:43.3779251-07:00,-24000,23000,4727.7399999999998,4728.0699999999997,4727.8299999999999,4727.9700000000003,,
2026-04-26T21:39:43.4520298-07:00,-27999,19999,4727.7700000000004,4728.1099999999997,4727.8299999999999,4727.9700000000003,,
2026-04-26T21:39:43.4708291-07:00,-23999,23999,4727.7700000000004,4728.1099999999997,4727.8699999999999,4728.0100000000002,,
2026-04-26T21:39:43.5340748-07:00,-23999,23999,4727.7700000000004,4728.1099999999997,4727.8699999999999,4728.0100000000002,,
2026-04-26T21:39:43.5811040-07:00,-23999,23999,4727.7700000000004,4728.1099999999997,4727.8699999999999,4728.0100000000002,,
2026-04-26T21:39:43.6270696-07:00,-23999,23999,4727.7700000000004,4728.1099999999997,4727.8699999999999,4728.0100000000002,,
2026-04-26T21:39:43.6742773-07:00,-23999,23999,4727.7700000000004,4728.1099999999997,4727.8699999999999,4728.0100000000002,,
2026-04-26T21:39:43.7210394-07:00,-23999,23999,4727.7700000000004,4728.1099999999997,4727.8699999999999,4728.0100000000002,,
2026-04-26T21:39:43.7834074-07:00,-23000,22000,4727.79,4728.1000000000004,4727.8699999999999,4728.0100000000002,,
2026-04-26T21:39:43.8304014-07:00,-23000,22000,4727.79,4728.1000000000004,4727.8699999999999,4728.0100000000002,,
2026-04-26T21:39:43.8771014-07:00,-23000,22000,4727.79,4728.1000000000004,4727.8699999999999,4728.0100000000002,,
2026-04-26T21:39:43.9242114-07:00,-23000,22000,4727.79,4728.1000000000004,4727.8699999999999,4728.0100000000002,,
2026-04-26T21:39:43.9708393-07:00,-23999,23999,4727.7700000000004,4728.1099999999997,4727.8699999999999,4728.0100000000002,,
2026-04-26T21:39:44.0342001-07:00,-23999,23999,4727.7700000000004,4728.1099999999997,4727.8699999999999,4728.0100000000002,,
2026-04-26T21:39:44.0803482-07:00,-23999,23999,4727.7700000000004,4728.1099999999997,4727.8699999999999,4728.0100000000002,,
2026-04-26T21:39:44.1293620-07:00,-23999,23999,4727.7700000000004,4728.1099999999997,4727.8699999999999,4728.0100000000002,,
2026-04-26T21:39:44.1738461-07:00,-22000,23000,4727.7799999999997,4728.0900000000001,4727.8699999999999,4728.0100000000002,,
2026-04-26T21:39:44.2208110-07:00,-22000,23000,4727.7799999999997,4728.0900000000001,4727.8699999999999,4728.0100000000002,,
2026-04-26T21:39:44.2838620-07:00,-22000,23000,4727.7799999999997,4728.0900000000001,4727.8699999999999,4728.0100000000002,,
2026-04-26T21:39:44.3302333-07:00,-22000,23000,4727.7799999999997,4728.0900000000001,4727.8699999999999,4728.0100000000002,,
2026-04-26T21:39:44.3774399-07:00,-22000,23000,4727.7799999999997,4728.0900000000001,4727.8699999999999,4728.0100000000002,,
2026-04-26T21:39:44.4240329-07:00,-22000,23000,4727.7799999999997,4728.0900000000001,4727.8699999999999,4728.0100000000002,,
2026-04-26T21:39:44.4728850-07:00,-22000,23000,4727.7799999999997,4728.0900000000001,4727.8699999999999,4728.0100000000002,,
2026-04-26T21:39:44.5342394-07:00,-22000,23000,4727.7799999999997,4728.0900000000001,4727.8699999999999,4728.0100000000002,,
2026-04-26T21:39:44.5804221-07:00,-22000,23000,4727.7799999999997,4728.0900000000001,4727.8699999999999,4728.0100000000002,,
2026-04-26T21:39:44.6270565-07:00,-22000,23000,4727.7799999999997,4728.0900000000001,4727.8699999999999,4728.0100000000002,,
2026-04-26T21:39:44.6739331-07:00,-22000,23000,4727.7799999999997,4728.0900000000001,4727.8699999999999,4728.0100000000002,,
2026-04-26T21:39:44.7208517-07:00,-23999,22000,4727.79,4728.1099999999997,4727.8699999999999,4728.0100000000002,,
2026-04-26T21:39:44.7834205-07:00,-23999,22000,4727.79,4728.1099999999997,4727.8699999999999,4728.0100000000002,,
2026-04-26T21:39:44.8303231-07:00,-23999,22000,4727.79,4728.1099999999997,4727.8699999999999,4728.0100000000002,,
2026-04-26T21:39:44.8770372-07:00,-23999,22000,4727.79,4728.1099999999997,4727.8699999999999,4728.0100000000002,,
2026-04-26T21:39:44.9242093-07:00,-23999,22000,4727.79,4728.1099999999997,4727.8699999999999,4728.0100000000002,,
2026-04-26T21:39:44.9710826-07:00,-23999,22000,4727.79,4728.1099999999997,4727.8699999999999,4728.0100000000002,,
2026-04-26T21:39:45.0334565-07:00,-23999,22000,4727.79,4728.1099999999997,4727.8699999999999,4728.0100000000002,,
2026-04-26T21:39:45.0805560-07:00,-23999,22000,4727.79,4728.1099999999997,4727.8699999999999,4728.0100000000002,,
2026-04-26T21:39:45.1276319-07:00,-23999,22000,4727.79,4728.1099999999997,4727.8699999999999,4728.0100000000002,,
2026-04-26T21:39:45.1739296-07:00,-23999,22000,4727.79,4728.1099999999997,4727.8699999999999,4728.0100000000002,,
2026-04-26T21:39:45.2212382-07:00,-23999,22000,4727.79,4728.1099999999997,4727.8699999999999,4728.0100000000002,,
2026-04-26T21:39:45.2834799-07:00,-23999,22000,4727.79,4728.1099999999997,4727.8699999999999,4728.0100000000002,,
2026-04-26T21:39:45.3311933-07:00,-23999,22000,4727.79,4728.1099999999997,4727.8699999999999,4728.0100000000002,,
2026-04-26T21:39:45.3770334-07:00,-23999,22000,4727.79,4728.1099999999997,4727.8699999999999,4728.0100000000002,,
2026-04-26T21:39:45.4246026-07:00,-23999,22000,4727.79,4728.1099999999997,4727.8699999999999,4728.0100000000002,,
2026-04-26T21:39:45.4710993-07:00,-23999,22000,4727.79,4728.1099999999997,4727.8699999999999,4728.0100000000002,,
2026-04-26T21:39:45.5349590-07:00,-22000,23000,4727.7799999999997,4728.0900000000001,4727.8699999999999,4728.0100000000002,,
2026-04-26T21:39:45.5806448-07:00,-22000,23000,4727.7799999999997,4728.0900000000001,4727.8699999999999,4728.0100000000002,,
2026-04-26T21:39:45.6275130-07:00,-22000,23000,4727.7799999999997,4728.0900000000001,4727.8699999999999,4728.0100000000002,,
2026-04-26T21:39:45.6751895-07:00,-22000,23000,4727.7799999999997,4728.0900000000001,4727.8699999999999,4728.0100000000002,,
2026-04-26T21:39:45.7208083-07:00,-22000,23000,4727.7799999999997,4728.0900000000001,4727.8699999999999,4728.0100000000002,,
2026-04-26T21:39:45.7850819-07:00,-22000,23000,4727.7799999999997,4728.0900000000001,4727.8699999999999,4728.0100000000002,,
2026-04-26T21:39:45.8306617-07:00,-22000,23000,4727.7799999999997,4728.0900000000001,4727.8699999999999,4728.0100000000002,,
2026-04-26T21:39:45.8772816-07:00,-22000,23000,4727.7799999999997,4728.0900000000001,4727.8699999999999,4728.0100000000002,,
2026-04-26T21:39:45.9243823-07:00,-22000,23000,4727.7799999999997,4728.0900000000001,4727.8699999999999,4728.0100000000002,,
2026-04-26T21:39:45.9854398-07:00,-25000,19999,4727.7799999999997,4728.0900000000001,4727.8400000000001,4727.9799999999996,,
2026-04-26T21:39:46.0334321-07:00,-25000,19999,4727.7799999999997,4728.0900000000001,4727.8400000000001,4727.9799999999996,,
2026-04-26T21:39:46.0802663-07:00,-25000,19999,4727.7799999999997,4728.0900000000001,4727.8400000000001,4727.9799999999996,,
2026-04-26T21:39:46.1274279-07:00,-23000,21999,4727.7600000000002,4728.0699999999997,4727.8400000000001,4727.9799999999996,,
2026-04-26T21:39:46.1739472-07:00,-23000,21999,4727.7600000000002,4728.0699999999997,4727.8400000000001,4727.9799999999996,,
2026-04-26T21:39:46.2212505-07:00,-23000,21999,4727.7600000000002,4728.0699999999997,4727.8400000000001,4727.9799999999996,,
2026-04-26T21:39:46.2840777-07:00,-23000,21999,4727.7600000000002,4728.0699999999997,4727.8400000000001,4727.9799999999996,,
2026-04-26T21:39:46.3318860-07:00,-22000,23999,4727.7399999999998,4728.0600000000004,4727.8400000000001,4727.9799999999996,,
2026-04-26T21:39:46.3771359-07:00,-22000,23999,4727.7399999999998,4728.0600000000004,4727.8400000000001,4727.9799999999996,,
2026-04-26T21:39:46.4242179-07:00,-23000,22999,4727.75,4728.0699999999997,4727.8400000000001,4727.9799999999996,,
2026-04-26T21:39:46.4709501-07:00,-23000,22999,4727.75,4728.0699999999997,4727.8400000000001,4727.9799999999996,,
2026-04-26T21:39:46.5341313-07:00,-23000,22999,4727.75,4728.0699999999997,4727.8400000000001,4727.9799999999996,,
2026-04-26T21:39:46.5812797-07:00,-23000,22999,4727.75,4728.0699999999997,4727.8400000000001,4727.9799999999996,,
2026-04-26T21:39:46.6273107-07:00,-23000,22999,4727.75,4728.0699999999997,4727.8400000000001,4727.9799999999996,,
2026-04-26T21:39:46.6742658-07:00,-23000,22999,4727.75,4728.0699999999997,4727.8400000000001,4727.9799999999996,,
2026-04-26T21:39:46.7208492-07:00,-23000,22999,4727.75,4728.0699999999997,4727.8400000000001,4727.9799999999996,,
2026-04-26T21:39:46.7834585-07:00,-23000,22999,4727.75,4728.0699999999997,4727.8400000000001,4727.9799999999996,,
2026-04-26T21:39:46.8317509-07:00,-23000,22999,4727.75,4728.0699999999997,4727.8400000000001,4727.9799999999996,,
2026-04-26T21:39:46.8774453-07:00,-23000,22999,4727.75,4728.0699999999997,4727.8400000000001,4727.9799999999996,,
2026-04-26T21:39:46.9239456-07:00,-23000,22999,4727.75,4728.0699999999997,4727.8400000000001,4727.9799999999996,,
2026-04-26T21:39:46.9724258-07:00,-23000,22999,4727.75,4728.0699999999997,4727.8400000000001,4727.9799999999996,,
2026-04-26T21:39:47.0334453-07:00,-23000,22999,4727.75,4728.0699999999997,4727.8400000000001,4727.9799999999996,,
2026-04-26T21:39:47.0828234-07:00,-23000,22999,4727.75,4728.0699999999997,4727.8400000000001,4727.9799999999996,,
2026-04-26T21:39:47.1270410-07:00,-23000,22999,4727.75,4728.0699999999997,4727.8400000000001,4727.9799999999996,,
2026-04-26T21:39:47.1747792-07:00,-23000,22999,4727.75,4728.0699999999997,4727.8400000000001,4727.9799999999996,,
2026-04-26T21:39:47.2210954-07:00,-23000,22999,4727.75,4728.0699999999997,4727.8400000000001,4727.9799999999996,,
2026-04-26T21:39:47.2834514-07:00,-23000,22999,4727.75,4728.0699999999997,4727.8400000000001,4727.9799999999996,,
2026-04-26T21:39:47.3316243-07:00,-23000,22999,4727.75,4728.0699999999997,4727.8400000000001,4727.9799999999996,,
2026-04-26T21:39:47.3784941-07:00,-24000,22000,4727.75,4728.0699999999997,4727.8299999999999,4727.9700000000003,,
2026-04-26T21:39:47.4260832-07:00,-24000,22000,4727.75,4728.0699999999997,4727.8299999999999,4727.9700000000003,,
2026-04-26T21:39:47.4707142-07:00,-24000,22000,4727.75,4728.0699999999997,4727.8299999999999,4727.9700000000003,,
2026-04-26T21:39:47.5335578-07:00,-24000,24000,4727.7299999999996,4728.0699999999997,4727.8299999999999,4727.9700000000003,,
2026-04-26T21:39:47.5820723-07:00,-24000,24000,4727.7299999999996,4728.0699999999997,4727.8299999999999,4727.9700000000003,,
2026-04-26T21:39:47.6429390-07:00,-24000,24000,4727.7299999999996,4728.0699999999997,4727.8299999999999,4727.9700000000003,,
2026-04-26T21:39:47.6739200-07:00,-24000,24000,4727.7299999999996,4728.0699999999997,4727.8299999999999,4727.9700000000003,,
2026-04-26T21:39:47.7208193-07:00,-24000,24000,4727.7299999999996,4728.0699999999997,4727.8299999999999,4727.9700000000003,,
2026-04-26T21:39:47.7835962-07:00,-24000,24000,4727.7299999999996,4728.0699999999997,4727.8299999999999,4727.9700000000003,,
2026-04-26T21:39:47.8317601-07:00,-24000,24000,4727.7299999999996,4728.0699999999997,4727.8299999999999,4727.9700000000003,,
2026-04-26T21:39:47.8779756-07:00,-24000,24000,4727.7299999999996,4728.0699999999997,4727.8299999999999,4727.9700000000003,,
2026-04-26T21:39:47.9240359-07:00,-24000,24000,4727.7299999999996,4728.0699999999997,4727.8299999999999,4727.9700000000003,,
2026-04-26T21:39:47.9712528-07:00,-24000,24000,4727.7299999999996,4728.0699999999997,4727.8299999999999,4727.9700000000003,,
2026-04-26T21:39:48.0334417-07:00,-24000,24000,4727.7299999999996,4728.0699999999997,4727.8299999999999,4727.9700000000003,,
2026-04-26T21:39:48.0805728-07:00,-24000,24000,4727.7299999999996,4728.0699999999997,4727.8299999999999,4727.9700000000003,,
2026-04-26T21:39:48.1287340-07:00,-24000,24000,4727.7299999999996,4728.0699999999997,4727.8299999999999,4727.9700000000003,,
2026-04-26T21:39:48.1741632-07:00,-24000,24000,4727.7299999999996,4728.0699999999997,4727.8299999999999,4727.9700000000003,,
2026-04-26T21:39:48.2209002-07:00,-24000,24000,4727.7299999999996,4728.0699999999997,4727.8299999999999,4727.9700000000003,,
2026-04-26T21:39:48.2834017-07:00,-24000,24000,4727.7299999999996,4728.0699999999997,4727.8299999999999,4727.9700000000003,,
2026-04-26T21:39:48.3307454-07:00,-24000,24000,4727.7299999999996,4728.0699999999997,4727.8299999999999,4727.9700000000003,,
2026-04-26T21:39:48.3927055-07:00,-24000,24000,4727.7299999999996,4728.0699999999997,4727.8299999999999,4727.9700000000003,,
2026-04-26T21:39:48.4242391-07:00,-24000,24000,4727.7299999999996,4728.0699999999997,4727.8299999999999,4727.9700000000003,,
2026-04-26T21:39:48.4714331-07:00,-24000,24000,4727.7299999999996,4728.0699999999997,4727.8299999999999,4727.9700000000003,,
2026-04-26T21:39:48.5333689-07:00,-24000,24000,4727.7299999999996,4728.0699999999997,4727.8299999999999,4727.9700000000003,,
2026-04-26T21:39:48.5802260-07:00,-24000,24000,4727.7299999999996,4728.0699999999997,4727.8299999999999,4727.9700000000003,,
2026-04-26T21:39:48.6430789-07:00,-22000,25000,4727.7200000000003,4728.0500000000002,4727.8299999999999,4727.9700000000003,,
2026-04-26T21:39:48.6745416-07:00,-22000,25000,4727.7200000000003,4728.0500000000002,4727.8299999999999,4727.9700000000003,,
2026-04-26T21:39:48.7216655-07:00,-22000,25000,4727.7200000000003,4728.0500000000002,4727.8299999999999,4727.9700000000003,,
2026-04-26T21:39:48.7682982-07:00,-22000,25000,4727.7200000000003,4728.0500000000002,4727.8299999999999,4727.9700000000003,,
2026-04-26T21:39:48.8302372-07:00,-22000,25000,4727.7200000000003,4728.0500000000002,4727.8299999999999,4727.9700000000003,,
2026-04-26T21:39:48.9084180-07:00,-21000,25999,4727.7200000000003,4728.0500000000002,4727.8400000000001,4727.9799999999996,,
2026-04-26T21:39:48.9238941-07:00,-21000,25999,4727.7200000000003,4728.0500000000002,4727.8400000000001,4727.9799999999996,,
2026-04-26T21:39:48.9714348-07:00,-21000,25999,4727.7200000000003,4728.0500000000002,4727.8400000000001,4727.9799999999996,,
2026-04-26T21:39:49.0334523-07:00,-21000,25999,4727.7200000000003,4728.0500000000002,4727.8400000000001,4727.9799999999996,,
2026-04-26T21:39:49.0809361-07:00,-18000,29000,4727.6899999999996,4728.0200000000004,4727.8400000000001,4727.9799999999996,,
2026-04-26T21:39:49.1293934-07:00,-18000,29000,4727.6899999999996,4728.0200000000004,4727.8400000000001,4727.9799999999996,,
2026-04-26T21:39:49.1742041-07:00,-18000,29000,4727.6899999999996,4728.0200000000004,4727.8400000000001,4727.9799999999996,,
2026-04-26T21:39:49.2208910-07:00,-18000,29000,4727.6899999999996,4728.0200000000004,4727.8400000000001,4727.9799999999996,,
2026-04-26T21:39:49.2838343-07:00,-18000,29000,4727.6899999999996,4728.0200000000004,4727.8400000000001,4727.9799999999996,,
2026-04-26T21:39:49.3304303-07:00,-18000,29000,4727.6899999999996,4728.0200000000004,4727.8400000000001,4727.9799999999996,,
2026-04-26T21:39:49.3786127-07:00,-18000,29000,4727.6899999999996,4728.0200000000004,4727.8400000000001,4727.9799999999996,,
2026-04-26T21:39:49.4241659-07:00,-18000,29000,4727.6899999999996,4728.0200000000004,4727.8400000000001,4727.9799999999996,,
2026-04-26T21:39:49.4708683-07:00,-18000,29000,4727.6899999999996,4728.0200000000004,4727.8400000000001,4727.9799999999996,,
2026-04-26T21:39:49.5339493-07:00,-18000,29000,4727.6899999999996,4728.0200000000004,4727.8400000000001,4727.9799999999996,,
2026-04-26T21:39:49.5801965-07:00,-18000,29000,4727.6899999999996,4728.0200000000004,4727.8400000000001,4727.9799999999996,,
2026-04-26T21:39:49.6560710-07:00,-19000,28000,4727.6899999999996,4728.0200000000004,4727.8299999999999,4727.9700000000003,,
2026-04-26T21:39:49.6738504-07:00,-19000,28000,4727.6899999999996,4728.0200000000004,4727.8299999999999,4727.9700000000003,,
2026-04-26T21:39:49.7209849-07:00,-19000,28000,4727.6899999999996,4728.0200000000004,4727.8299999999999,4727.9700000000003,,
2026-04-26T21:39:49.7677115-07:00,-19000,28000,4727.6899999999996,4728.0200000000004,4727.8299999999999,4727.9700000000003,,
2026-04-26T21:39:49.8305224-07:00,-19000,28000,4727.6899999999996,4728.0200000000004,4727.8299999999999,4727.9700000000003,,
2026-04-26T21:39:49.8771923-07:00,-19000,28000,4727.6899999999996,4728.0200000000004,4727.8299999999999,4727.9700000000003,,
2026-04-26T21:39:49.9239510-07:00,-19000,28000,4727.6899999999996,4728.0200000000004,4727.8299999999999,4727.9700000000003,,
2026-04-26T21:39:49.9710903-07:00,-19000,28000,4727.6899999999996,4728.0200000000004,4727.8299999999999,4727.9700000000003,,
2026-04-26T21:39:50.0335650-07:00,-19000,28000,4727.6899999999996,4728.0200000000004,4727.8299999999999,4727.9700000000003,,
2026-04-26T21:39:50.0803539-07:00,-19000,28000,4727.6899999999996,4728.0200000000004,4727.8299999999999,4727.9700000000003,,
2026-04-26T21:39:50.1272135-07:00,-19000,28000,4727.6899999999996,4728.0200000000004,4727.8299999999999,4727.9700000000003,,
2026-04-26T21:39:50.1743954-07:00,-19000,28000,4727.6899999999996,4728.0200000000004,4727.8299999999999,4727.9700000000003,,
2026-04-26T21:39:50.2208899-07:00,-19000,28000,4727.6899999999996,4728.0200000000004,4727.8299999999999,4727.9700000000003,,
2026-04-26T21:39:50.2839627-07:00,-19000,28000,4727.6899999999996,4728.0200000000004,4727.8299999999999,4727.9700000000003,,
2026-04-26T21:39:50.3305041-07:00,-19000,28000,4727.6899999999996,4728.0200000000004,4727.8299999999999,4727.9700000000003,,
2026-04-26T21:39:50.3771084-07:00,-19000,28000,4727.6899999999996,4728.0200000000004,4727.8299999999999,4727.9700000000003,,
2026-04-26T21:39:50.4258673-07:00,-19000,28000,4727.6899999999996,4728.0200000000004,4727.8299999999999,4727.9700000000003,,
2026-04-26T21:39:50.4708035-07:00,-19000,28000,4727.6899999999996,4728.0200000000004,4727.8299999999999,4727.9700000000003,,
2026-04-26T21:39:50.5333821-07:00,-19000,28000,4727.6899999999996,4728.0200000000004,4727.8299999999999,4727.9700000000003,,
2026-04-26T21:39:50.5810189-07:00,-19000,28000,4727.6899999999996,4728.0200000000004,4727.8299999999999,4727.9700000000003,,
2026-04-26T21:39:50.6588036-07:00,-15000,32000,4727.6899999999996,4728.0200000000004,4727.8699999999999,4728.0100000000002,,
2026-04-26T21:39:50.6739190-07:00,-15000,32000,4727.6899999999996,4728.0200000000004,4727.8699999999999,4728.0100000000002,,
2026-04-26T21:39:50.7209278-07:00,-15000,32000,4727.6899999999996,4728.0200000000004,4727.8699999999999,4728.0100000000002,,
2026-04-26T21:39:50.7833153-07:00,-22000,22000,4727.79,4728.0900000000001,4727.8699999999999,4728.0100000000002,,
2026-04-26T21:39:50.8310100-07:00,-22000,22000,4727.79,4728.0900000000001,4727.8699999999999,4728.0100000000002,,
2026-04-26T21:39:50.8771034-07:00,-22000,23999,4727.7700000000004,4728.0900000000001,4727.8699999999999,4728.0100000000002,,
2026-04-26T21:39:50.9240338-07:00,-22000,23999,4727.7700000000004,4728.0900000000001,4727.8699999999999,4728.0100000000002,,
2026-04-26T21:39:50.9710218-07:00,-22000,23999,4727.7700000000004,4728.0900000000001,4727.8699999999999,4728.0100000000002,,
2026-04-26T21:39:51.0334231-07:00,-22000,23999,4727.7700000000004,4728.0900000000001,4727.8699999999999,4728.0100000000002,,
2026-04-26T21:39:51.0803307-07:00,-22000,23999,4727.7700000000004,4728.0900000000001,4727.8699999999999,4728.0100000000002,,
2026-04-26T21:39:51.1273557-07:00,-22000,23999,4727.7700000000004,4728.0900000000001,4727.8699999999999,4728.0100000000002,,
2026-04-26T21:39:51.1764044-07:00,-22000,23999,4727.7700000000004,4728.0900000000001,4727.8699999999999,4728.0100000000002,,
2026-04-26T21:39:51.2216500-07:00,-22000,23999,4727.7700000000004,4728.0900000000001,4727.8699999999999,4728.0100000000002,,
2026-04-26T21:39:51.2835590-07:00,-22000,23999,4727.7700000000004,4728.0900000000001,4727.8699999999999,4728.0100000000002,,
2026-04-26T21:39:51.3303276-07:00,-22000,23999,4727.7700000000004,4728.0900000000001,4727.8699999999999,4728.0100000000002,,
2026-04-26T21:39:51.3775701-07:00,-22000,23999,4727.7700000000004,4728.0900000000001,4727.8699999999999,4728.0100000000002,,
2026-04-26T21:39:51.4240149-07:00,-22000,23999,4727.7700000000004,4728.0900000000001,4727.8699999999999,4728.0100000000002,,
2026-04-26T21:39:51.4708611-07:00,-22000,23999,4727.7700000000004,4728.0900000000001,4727.8699999999999,4728.0100000000002,,
2026-04-26T21:39:51.5181654-07:00,-22000,23999,4727.7700000000004,4728.0900000000001,4727.8699999999999,4728.0100000000002,,
2026-04-26T21:39:51.5822392-07:00,-22000,23999,4727.7700000000004,4728.0900000000001,4727.8699999999999,4728.0100000000002,,
2026-04-26T21:39:51.6271145-07:00,-22000,23999,4727.7700000000004,4728.0900000000001,4727.8699999999999,4728.0100000000002,,
2026-04-26T21:39:51.6745892-07:00,-22000,23999,4727.7700000000004,4728.0900000000001,4727.8699999999999,4728.0100000000002,,
2026-04-26T21:39:51.7214929-07:00,-22000,23999,4727.7700000000004,4728.0900000000001,4727.8699999999999,4728.0100000000002,,
2026-04-26T21:39:51.7833505-07:00,-22000,23999,4727.7700000000004,4728.0900000000001,4727.8699999999999,4728.0100000000002,,
2026-04-26T21:39:51.8309249-07:00,-22000,23999,4727.7700000000004,4728.0900000000001,4727.8699999999999,4728.0100000000002,,
2026-04-26T21:39:51.8772742-07:00,-22000,23999,4727.7700000000004,4728.0900000000001,4727.8699999999999,4728.0100000000002,,
2026-04-26T21:39:51.9245405-07:00,-18000,27999,4727.7700000000004,4728.0900000000001,4727.9099999999999,4728.0500000000002,,
2026-04-26T21:39:51.9706997-07:00,-18000,27999,4727.7700000000004,4728.0900000000001,4727.9099999999999,4728.0500000000002,,
2026-04-26T21:39:52.0647930-07:00,-18000,27999,4727.7700000000004,4728.0900000000001,4727.9099999999999,4728.0500000000002,,
2026-04-26T21:39:52.0801807-07:00,-18000,28000,4727.8000000000002,4728.1199999999999,4727.9399999999996,4728.0799999999999,,
2026-04-26T21:39:52.1278607-07:00,-18000,28000,4727.8000000000002,4728.1199999999999,4727.9399999999996,4728.0799999999999,,
2026-04-26T21:39:52.1741290-07:00,-23000,24000,4727.8400000000001,4728.1700000000001,4727.9399999999996,4728.0799999999999,,
2026-04-26T21:39:52.2208103-07:00,-23000,24000,4727.8400000000001,4728.1700000000001,4727.9399999999996,4728.0799999999999,,
2026-04-26T21:39:52.2834577-07:00,-24000,22000,4727.8599999999997,4728.1800000000003,4727.9399999999996,4728.0799999999999,,
2026-04-26T21:39:52.3310497-07:00,-24000,22000,4727.8599999999997,4728.1800000000003,4727.9399999999996,4728.0799999999999,,
2026-04-26T21:39:52.3773645-07:00,-24000,22000,4727.8599999999997,4728.1800000000003,4727.9399999999996,4728.0799999999999,,
2026-04-26T21:39:52.4247734-07:00,-24000,22000,4727.8599999999997,4728.1800000000003,4727.9399999999996,4728.0799999999999,,
2026-04-26T21:39:52.4709429-07:00,-24000,22000,4727.8599999999997,4728.1800000000003,4727.9399999999996,4728.0799999999999,,
2026-04-26T21:39:52.5183207-07:00,-24000,22000,4727.8599999999997,4728.1800000000003,4727.9399999999996,4728.0799999999999,,
2026-04-26T21:39:52.5803093-07:00,-24000,22000,4727.8599999999997,4728.1800000000003,4727.9399999999996,4728.0799999999999,,
2026-04-26T21:39:52.6271938-07:00,-24000,22000,4727.8599999999997,4728.1800000000003,4727.9399999999996,4728.0799999999999,,
2026-04-26T21:39:52.6739811-07:00,-24000,22000,4727.8599999999997,4728.1800000000003,4727.9399999999996,4728.0799999999999,,
2026-04-26T21:39:52.7210023-07:00,-24000,22000,4727.8599999999997,4728.1800000000003,4727.9399999999996,4728.0799999999999,,
2026-04-26T21:39:52.7836483-07:00,-24000,22000,4727.8599999999997,4728.1800000000003,4727.9399999999996,4728.0799999999999,,
2026-04-26T21:39:52.8303934-07:00,-24000,22000,4727.8599999999997,4728.1800000000003,4727.9399999999996,4728.0799999999999,,
2026-04-26T21:39:52.8789833-07:00,-24000,22000,4727.8599999999997,4728.1800000000003,4727.9399999999996,4728.0799999999999,,
2026-04-26T21:39:52.9245785-07:00,-24000,22000,4727.8599999999997,4728.1800000000003,4727.9399999999996,4728.0799999999999,,
2026-04-26T21:39:52.9709081-07:00,-24000,22000,4727.8599999999997,4728.1800000000003,4727.9399999999996,4728.0799999999999,,
2026-04-26T21:39:53.0336918-07:00,-24000,22000,4727.8599999999997,4728.1800000000003,4727.9399999999996,4728.0799999999999,,
2026-04-26T21:39:53.0816361-07:00,-24000,22000,4727.8599999999997,4728.1800000000003,4727.9399999999996,4728.0799999999999,,
2026-04-26T21:39:53.1279002-07:00,-24000,22000,4727.8599999999997,4728.1800000000003,4727.9399999999996,4728.0799999999999,,
2026-04-26T21:39:53.1739533-07:00,-24000,22000,4727.8599999999997,4728.1800000000003,4727.9399999999996,4728.0799999999999,,
2026-04-26T21:39:53.2210048-07:00,-24000,22000,4727.8599999999997,4728.1800000000003,4727.9399999999996,4728.0799999999999,,
2026-04-26T21:39:53.2833255-07:00,-24000,22000,4727.8599999999997,4728.1800000000003,4727.9399999999996,4728.0799999999999,,
2026-04-26T21:39:53.3302990-07:00,-24000,22000,4727.8599999999997,4728.1800000000003,4727.9399999999996,4728.0799999999999,,
2026-04-26T21:39:53.3773807-07:00,-24000,22000,4727.8599999999997,4728.1800000000003,4727.9399999999996,4728.0799999999999,,
2026-04-26T21:39:53.4240244-07:00,-24000,22000,4727.8599999999997,4728.1800000000003,4727.9399999999996,4728.0799999999999,,
2026-04-26T21:39:53.4710960-07:00,-24000,22000,4727.8599999999997,4728.1800000000003,4727.9399999999996,4728.0799999999999,,
2026-04-26T21:39:53.5332922-07:00,-24000,22000,4727.8599999999997,4728.1800000000003,4727.9399999999996,4728.0799999999999,,
2026-04-26T21:39:53.5804806-07:00,-24000,22000,4727.8599999999997,4728.1800000000003,4727.9399999999996,4728.0799999999999,,
2026-04-26T21:39:53.6271689-07:00,-24000,22000,4727.8599999999997,4728.1800000000003,4727.9399999999996,4728.0799999999999,,
2026-04-26T21:39:53.6739631-07:00,-24000,22000,4727.8599999999997,4728.1800000000003,4727.9399999999996,4728.0799999999999,,
2026-04-26T21:39:53.7209124-07:00,-24000,22000,4727.8599999999997,4728.1800000000003,4727.9399999999996,4728.0799999999999,,
2026-04-26T21:39:53.7836112-07:00,-24000,22000,4727.8599999999997,4728.1800000000003,4727.9399999999996,4728.0799999999999,,
2026-04-26T21:39:53.8303807-07:00,-24000,22000,4727.8599999999997,4728.1800000000003,4727.9399999999996,4728.0799999999999,,
2026-04-26T21:39:53.8771459-07:00,-24000,22000,4727.8599999999997,4728.1800000000003,4727.9399999999996,4728.0799999999999,,
2026-04-26T21:39:53.9552321-07:00,-24000,22000,4727.8599999999997,4728.1800000000003,4727.9399999999996,4728.0799999999999,,
2026-04-26T21:39:53.9707028-07:00,-27000,19000,4727.8599999999997,4728.1800000000003,4727.9099999999999,4728.0500000000002,,
2026-04-26T21:39:54.0188754-07:00,-27000,19000,4727.8599999999997,4728.1800000000003,4727.9099999999999,4728.0500000000002,,
2026-04-26T21:39:54.0805131-07:00,-35000,11000,4727.8599999999997,4728.1800000000003,4727.8299999999999,4727.9700000000003,,
2026-04-26T21:39:54.1271914-07:00,-29000,17000,4727.8000000000002,4728.1199999999999,4727.8299999999999,4727.9700000000003,,
2026-04-26T21:39:54.1738166-07:00,-29000,17000,4727.8000000000002,4728.1199999999999,4727.8299999999999,4727.9700000000003,,
2026-04-26T21:39:54.2212221-07:00,-24000,22000,4727.75,4728.0699999999997,4727.8299999999999,4727.9700000000003,,
2026-04-26T21:39:54.2679545-07:00,-24000,22000,4727.75,4728.0699999999997,4727.8299999999999,4727.9700000000003,,
2026-04-26T21:39:54.3302479-07:00,-24000,22000,4727.75,4728.0699999999997,4727.8299999999999,4727.9700000000003,,
2026-04-26T21:39:54.3772757-07:00,-24000,22000,4727.75,4728.0699999999997,4727.8299999999999,4727.9700000000003,,
2026-04-26T21:39:54.4242230-07:00,-24000,22000,4727.75,4728.0699999999997,4727.8299999999999,4727.9700000000003,,
2026-04-26T21:39:54.4709010-07:00,-24000,22000,4727.75,4728.0699999999997,4727.8299999999999,4727.9700000000003,,
2026-04-26T21:39:54.5183383-07:00,-24000,22000,4727.75,4728.0699999999997,4727.8299999999999,4727.9700000000003,,
2026-04-26T21:39:54.5800428-07:00,-21000,25000,4727.75,4728.0699999999997,4727.8599999999997,4728,,
2026-04-26T21:39:54.6269569-07:00,-22000,22999,4727.7700000000004,4728.0799999999999,4727.8599999999997,4728,,
2026-04-26T21:39:54.6897202-07:00,-22000,22999,4727.7700000000004,4728.0799999999999,4727.8599999999997,4728,,
2026-04-26T21:39:54.7208353-07:00,-22999,21999,4727.8100000000004,4728.1199999999999,4727.8900000000003,4728.0299999999997,,
2026-04-26T21:39:54.7832276-07:00,-22999,21999,4727.8100000000004,4728.1199999999999,4727.8900000000003,4728.0299999999997,,
2026-04-26T21:39:54.8310023-07:00,-22999,21999,4727.8100000000004,4728.1199999999999,4727.8900000000003,4728.0299999999997,,
2026-04-26T21:39:54.8771018-07:00,-22999,21999,4727.8100000000004,4728.1199999999999,4727.8900000000003,4728.0299999999997,,
2026-04-26T21:39:54.9246325-07:00,-22999,21999,4727.8100000000004,4728.1199999999999,4727.8900000000003,4728.0299999999997,,
2026-04-26T21:39:54.9717806-07:00,-22999,21999,4727.8100000000004,4728.1199999999999,4727.8900000000003,4728.0299999999997,,
2026-04-26T21:39:55.0653525-07:00,-25000,19999,4727.8100000000004,4728.1199999999999,4727.8699999999999,4728.0100000000002,,
2026-04-26T21:39:55.0801237-07:00,-25000,19999,4727.8100000000004,4728.1199999999999,4727.8699999999999,4728.0100000000002,,
2026-04-26T21:39:55.1274557-07:00,-25000,19999,4727.8100000000004,4728.1199999999999,4727.8699999999999,4728.0100000000002,,
2026-04-26T21:39:55.2053399-07:00,-21000,26000,4727.7799999999997,4728.1099999999997,4727.8999999999996,4728.04,,
2026-04-26T21:39:55.2209497-07:00,-21000,26000,4727.7799999999997,4728.1099999999997,4727.8999999999996,4728.04,,
2026-04-26T21:39:55.2675819-07:00,-21000,26000,4727.7799999999997,4728.1099999999997,4727.8999999999996,4728.04,,
2026-04-26T21:39:55.3302647-07:00,-23000,24000,4727.8000000000002,4728.1300000000001,4727.8999999999996,4728.04,,
2026-04-26T21:39:55.3774604-07:00,-23000,24000,4727.8000000000002,4728.1300000000001,4727.8999999999996,4728.04,,
2026-04-26T21:39:55.4259199-07:00,-23000,24000,4727.8000000000002,4728.1300000000001,4727.8999999999996,4728.04,,
2026-04-26T21:39:55.4708636-07:00,-23000,24000,4727.8000000000002,4728.1300000000001,4727.8999999999996,4728.04,,
2026-04-26T21:39:55.5334159-07:00,-23000,24000,4727.8000000000002,4728.1300000000001,4727.8999999999996,4728.04,,
2026-04-26T21:39:55.5806278-07:00,-23000,24000,4727.8000000000002,4728.1300000000001,4727.8999999999996,4728.04,,
2026-04-26T21:39:55.6271829-07:00,-22000,25000,4727.79,4728.1199999999999,4727.8999999999996,4728.04,,
2026-04-26T21:39:55.6787665-07:00,-22000,25000,4727.79,4728.1199999999999,4727.8999999999996,4728.04,,
2026-04-26T21:39:55.7216795-07:00,-22000,25000,4727.79,4728.1199999999999,4727.8999999999996,4728.04,,
2026-04-26T21:39:55.7839137-07:00,-22000,25000,4727.79,4728.1199999999999,4727.8999999999996,4728.04,,
2026-04-26T21:39:55.8302534-07:00,-22000,25000,4727.79,4728.1199999999999,4727.8999999999996,4728.04,,
2026-04-26T21:39:55.8770672-07:00,-22000,25000,4727.79,4728.1199999999999,4727.8999999999996,4728.04,,
2026-04-26T21:39:55.9241013-07:00,-22000,25000,4727.79,4728.1199999999999,4727.8999999999996,4728.04,,
2026-04-26T21:39:55.9711744-07:00,-22000,25000,4727.79,4728.1199999999999,4727.8999999999996,4728.04,,
2026-04-26T21:39:56.0336178-07:00,-22000,25000,4727.79,4728.1199999999999,4727.8999999999996,4728.04,,
2026-04-26T21:39:56.0803131-07:00,-22000,25000,4727.79,4728.1199999999999,4727.8999999999996,4728.04,,
2026-04-26T21:39:56.1282558-07:00,-22000,25000,4727.79,4728.1199999999999,4727.8999999999996,4728.04,,
2026-04-26T21:39:56.1738713-07:00,-22000,25000,4727.79,4728.1199999999999,4727.8999999999996,4728.04,,
2026-04-26T21:39:56.2212402-07:00,-22000,25000,4727.79,4728.1199999999999,4727.8999999999996,4728.04,,
2026-04-26T21:39:56.2833434-07:00,-22000,25000,4727.79,4728.1199999999999,4727.8999999999996,4728.04,,
2026-04-26T21:39:56.3323588-07:00,-22000,25000,4727.79,4728.1199999999999,4727.8999999999996,4728.04,,
2026-04-26T21:39:56.3782767-07:00,-22000,25000,4727.79,4728.1199999999999,4727.8999999999996,4728.04,,
2026-04-26T21:39:56.4243831-07:00,-22000,25000,4727.79,4728.1199999999999,4727.8999999999996,4728.04,,
2026-04-26T21:39:56.4708753-07:00,-22000,25000,4727.79,4728.1199999999999,4727.8999999999996,4728.04,,
2026-04-26T21:39:56.5338392-07:00,-21000,25000,4727.79,4728.1099999999997,4727.8999999999996,4728.04,,
2026-04-26T21:39:56.5801205-07:00,-21000,25000,4727.79,4728.1099999999997,4727.8999999999996,4728.04,,
2026-04-26T21:39:56.6272681-07:00,-21000,25000,4727.79,4728.1099999999997,4727.8999999999996,4728.04,,
2026-04-26T21:39:56.6743629-07:00,-21000,25000,4727.79,4728.1099999999997,4727.8999999999996,4728.04,,
2026-04-26T21:39:56.7208012-07:00,-21000,25000,4727.79,4728.1099999999997,4727.8999999999996,4728.04,,
2026-04-26T21:39:56.7833329-07:00,-21000,25000,4727.79,4728.1099999999997,4727.8999999999996,4728.04,,
2026-04-26T21:39:56.8301453-07:00,-21000,25000,4727.79,4728.1099999999997,4727.8999999999996,4728.04,,
2026-04-26T21:39:56.8785570-07:00,-21000,25000,4727.79,4728.1099999999997,4727.8999999999996,4728.04,,
2026-04-26T21:39:56.9240066-07:00,-21000,25000,4727.79,4728.1099999999997,4727.8999999999996,4728.04,,
2026-04-26T21:39:56.9708458-07:00,-21000,25000,4727.79,4728.1099999999997,4727.8999999999996,4728.04,,
2026-04-26T21:39:57.0174942-07:00,-21000,25000,4727.79,4728.1099999999997,4727.8999999999996,4728.04,,
2026-04-26T21:39:57.0800700-07:00,-21000,25000,4727.79,4728.1099999999997,4727.8999999999996,4728.04,,
2026-04-26T21:39:57.1280343-07:00,-21000,25000,4727.79,4728.1099999999997,4727.8999999999996,4728.04,,
2026-04-26T21:39:57.1770455-07:00,-21000,25000,4727.79,4728.1099999999997,4727.8999999999996,4728.04,,
2026-04-26T21:39:57.2220792-07:00,-21000,25000,4727.79,4728.1099999999997,4727.8999999999996,4728.04,,
2026-04-26T21:39:57.2846567-07:00,-21000,25000,4727.79,4728.1099999999997,4727.8999999999996,4728.04,,
2026-04-26T21:39:57.3302625-07:00,-21000,25000,4727.79,4728.1099999999997,4727.8999999999996,4728.04,,
2026-04-26T21:39:57.3770876-07:00,-21000,25000,4727.79,4728.1099999999997,4727.8999999999996,4728.04,,
2026-04-26T21:39:57.4257218-07:00,-21000,25000,4727.79,4728.1099999999997,4727.8999999999996,4728.04,,
2026-04-26T21:39:57.4706985-07:00,-21000,25000,4727.79,4728.1099999999997,4727.8999999999996,4728.04,,
2026-04-26T21:39:57.5333000-07:00,-21000,25000,4727.79,4728.1099999999997,4727.8999999999996,4728.04,,
2026-04-26T21:39:57.5801981-07:00,-21000,25000,4727.79,4728.1099999999997,4727.8999999999996,4728.04,,
2026-04-26T21:39:57.6272675-07:00,-21000,25000,4727.79,4728.1099999999997,4727.8999999999996,4728.04,,
2026-04-26T21:39:57.6740117-07:00,-21000,25000,4727.79,4728.1099999999997,4727.8999999999996,4728.04,,
2026-04-26T21:39:57.7208641-07:00,-21000,25000,4727.79,4728.1099999999997,4727.8999999999996,4728.04,,
2026-04-26T21:39:57.7832868-07:00,-21000,25000,4727.79,4728.1099999999997,4727.8999999999996,4728.04,,
2026-04-26T21:39:57.8302450-07:00,-21000,25000,4727.79,4728.1099999999997,4727.8999999999996,4728.04,,
2026-04-26T21:39:57.8772487-07:00,-21000,25000,4727.79,4728.1099999999997,4727.8999999999996,4728.04,,
2026-04-26T21:39:57.9239914-07:00,-21000,25000,4727.79,4728.1099999999997,4727.8999999999996,4728.04,,
2026-04-26T21:39:57.9710502-07:00,-21000,25000,4727.79,4728.1099999999997,4727.8999999999996,4728.04,,
2026-04-26T21:39:58.0183199-07:00,-21000,25000,4727.79,4728.1099999999997,4727.8999999999996,4728.04,,
2026-04-26T21:39:58.0818927-07:00,-22000,22999,4727.8100000000004,4728.1199999999999,4727.8999999999996,4728.04,,
2026-04-26T21:39:58.1273353-07:00,-22000,22999,4727.8100000000004,4728.1199999999999,4727.8999999999996,4728.04,,
2026-04-26T21:39:58.1742178-07:00,-22000,22999,4727.8100000000004,4728.1199999999999,4727.8999999999996,4728.04,,
2026-04-26T21:39:58.2212945-07:00,-22000,22999,4727.8100000000004,4728.1199999999999,4727.8999999999996,4728.04,,
2026-04-26T21:39:58.2834251-07:00,-22000,22999,4727.8100000000004,4728.1199999999999,4727.8999999999996,4728.04,,
2026-04-26T21:39:58.3302020-07:00,-22000,22999,4727.8100000000004,4728.1199999999999,4727.8999999999996,4728.04,,
2026-04-26T21:39:58.3770538-07:00,-22000,22999,4727.8100000000004,4728.1199999999999,4727.8999999999996,4728.04,,
2026-04-26T21:39:58.4246199-07:00,-22000,22999,4727.8100000000004,4728.1199999999999,4727.8999999999996,4728.04,,
2026-04-26T21:39:58.4709152-07:00,-22000,22999,4727.8100000000004,4728.1199999999999,4727.8999999999996,4728.04,,
2026-04-26T21:39:58.5340541-07:00,-22000,22999,4727.8100000000004,4728.1199999999999,4727.8999999999996,4728.04,,
2026-04-26T21:39:58.5803251-07:00,-22000,22999,4727.8100000000004,4728.1199999999999,4727.8999999999996,4728.04,,
2026-04-26T21:39:58.6276649-07:00,-22000,22999,4727.8100000000004,4728.1199999999999,4727.8999999999996,4728.04,,
2026-04-26T21:39:58.6741005-07:00,-22000,22999,4727.8100000000004,4728.1199999999999,4727.8999999999996,4728.04,,
2026-04-26T21:39:58.7210565-07:00,-22000,22999,4727.8100000000004,4728.1199999999999,4727.8999999999996,4728.04,,
2026-04-26T21:39:58.7833313-07:00,-22000,22999,4727.8100000000004,4728.1199999999999,4727.8999999999996,4728.04,,
2026-04-26T21:39:58.8307381-07:00,-22000,22999,4727.8100000000004,4728.1199999999999,4727.8999999999996,4728.04,,
2026-04-26T21:39:58.8771793-07:00,-22000,22999,4727.8100000000004,4728.1199999999999,4727.8999999999996,4728.04,,
2026-04-26T21:39:58.9240389-07:00,-22000,22999,4727.8100000000004,4728.1199999999999,4727.8999999999996,4728.04,,
2026-04-26T21:39:58.9707432-07:00,-22000,22999,4727.8100000000004,4728.1199999999999,4727.8999999999996,4728.04,,
2026-04-26T21:39:59.0338589-07:00,-22000,22999,4727.8100000000004,4728.1199999999999,4727.8999999999996,4728.04,,
2026-04-26T21:39:59.0806275-07:00,-22000,22999,4727.8100000000004,4728.1199999999999,4727.8999999999996,4728.04,,
2026-04-26T21:39:59.1274198-07:00,-22000,22999,4727.8100000000004,4728.1199999999999,4727.8999999999996,4728.04,,
2026-04-26T21:39:59.1757220-07:00,-21000,24000,4727.8000000000002,4728.1099999999997,4727.8999999999996,4728.04,,
2026-04-26T21:39:59.2487224-07:00,-17999,27000,4727.8000000000002,4728.1099999999997,4727.9300000000003,4728.0699999999997,,
2026-04-26T21:39:59.2678314-07:00,-17999,27000,4727.8000000000002,4728.1099999999997,4727.9300000000003,4728.0699999999997,,
2026-04-26T21:39:59.3302760-07:00,-17999,27000,4727.8000000000002,4728.1099999999997,4727.9300000000003,4728.0699999999997,,
2026-04-26T21:39:59.3775099-07:00,-23000,24000,4727.8299999999999,4728.1599999999999,4727.9300000000003,4728.0699999999997,,
2026-04-26T21:39:59.4242049-07:00,-23000,24000,4727.8299999999999,4728.1599999999999,4727.9300000000003,4728.0699999999997,,
2026-04-26T21:39:59.4710206-07:00,-23000,24000,4727.8299999999999,4728.1599999999999,4727.9300000000003,4728.0699999999997,,
2026-04-26T21:39:59.5352674-07:00,-23000,24000,4727.8299999999999,4728.1599999999999,4727.9300000000003,4728.0699999999997,,
2026-04-26T21:39:59.5803653-07:00,-23000,23000,4727.8400000000001,4728.1599999999999,4727.9300000000003,4728.0699999999997,,
2026-04-26T21:39:59.6271100-07:00,-23000,23000,4727.8400000000001,4728.1599999999999,4727.9300000000003,4728.0699999999997,,
2026-04-26T21:39:59.6740744-07:00,-23000,23000,4727.8400000000001,4728.1599999999999,4727.9300000000003,4728.0699999999997,,
2026-04-26T21:39:59.7212972-07:00,-23000,23000,4727.8400000000001,4728.1599999999999,4727.9300000000003,4728.0699999999997,,
2026-04-26T21:39:59.7677114-07:00,-24000,24000,4727.8299999999999,4728.1700000000001,4727.9300000000003,4728.0699999999997,,
2026-04-26T21:39:59.8304451-07:00,-24000,24000,4727.8299999999999,4728.1700000000001,4727.9300000000003,4728.0699999999997,,
2026-04-26T21:39:59.8771189-07:00,-24000,24000,4727.8299999999999,4728.1700000000001,4727.9300000000003,4728.0699999999997,,
2026-04-26T21:39:59.9242155-07:00,-24000,24000,4727.8299999999999,4728.1700000000001,4727.9300000000003,4728.0699999999997,,
2026-04-26T21:39:59.9719167-07:00,-24000,24000,4727.8299999999999,4728.1700000000001,4727.9300000000003,4728.0699999999997,,
2026-04-26T21:40:00.0337288-07:00,-24000,24000,4727.8299999999999,4728.1700000000001,4727.9300000000003,4728.0699999999997,,
2026-04-26T21:40:00.0804853-07:00,-24000,24000,4727.8299999999999,4728.1700000000001,4727.9300000000003,4728.0699999999997,,
2026-04-26T21:40:00.1274136-07:00,-24000,24000,4727.8299999999999,4728.1700000000001,4727.9300000000003,4728.0699999999997,,
2026-04-26T21:40:00.1740066-07:00,-24000,24000,4727.8299999999999,4728.1700000000001,4727.9300000000003,4728.0699999999997,,
2026-04-26T21:40:00.2228106-07:00,-24000,24000,4727.8299999999999,4728.1700000000001,4727.9300000000003,4728.0699999999997,,
2026-04-26T21:40:00.2831825-07:00,-10999,37000,4727.8299999999999,4728.1700000000001,4728.0600000000004,4728.1999999999998,,
2026-04-26T21:40:00.3302357-07:00,-10999,37000,4727.8299999999999,4728.1700000000001,4728.0600000000004,4728.1999999999998,,
2026-04-26T21:40:00.3891067-07:00,-25000,20000,4727.8999999999996,4728.21,4727.96,4728.1000000000004,,
2026-04-26T21:40:00.4242259-07:00,-25000,20000,4727.8999999999996,4728.21,4727.96,4728.1000000000004,,
2026-04-26T21:40:00.4708791-07:00,-18999,27000,4727.8299999999999,4728.1499999999996,4727.96,4728.1000000000004,,
2026-04-26T21:40:00.5346067-07:00,-18999,27999,4727.8299999999999,4728.1499999999996,4727.96,4728.1099999999997,,
2026-04-26T21:40:00.5812680-07:00,-22999,23999,4727.8699999999999,4728.1899999999996,4727.96,4728.1099999999997,,
2026-04-26T21:40:00.6272478-07:00,-22999,23999,4727.8699999999999,4728.1899999999996,4727.96,4728.1099999999997,,
2026-04-26T21:40:00.6739945-07:00,-22999,23999,4727.8699999999999,4728.1899999999996,4727.96,4728.1099999999997,,
2026-04-26T21:40:00.7208901-07:00,-22999,23999,4727.8699999999999,4728.1899999999996,4727.96,4728.1099999999997,,
2026-04-26T21:40:00.7681551-07:00,-22999,23999,4727.8699999999999,4728.1899999999996,4727.96,4728.1099999999997,,
2026-04-26T21:40:00.8326429-07:00,-22999,23999,4727.8699999999999,4728.1899999999996,4727.96,4728.1099999999997,,
2026-04-26T21:40:00.8771030-07:00,-22999,23999,4727.8699999999999,4728.1899999999996,4727.96,4728.1099999999997,,
2026-04-26T21:40:00.9252667-07:00,-22999,23999,4727.8699999999999,4728.1899999999996,4727.96,4728.1099999999997,,
2026-04-26T21:40:00.9711057-07:00,-22999,23999,4727.8699999999999,4728.1899999999996,4727.96,4728.1099999999997,,
2026-04-26T21:40:01.0434892-07:00,-9999,37000,4727.8699999999999,4728.1899999999996,4728.0900000000001,4728.2399999999998,,
2026-04-26T21:40:01.0840419-07:00,-12000,33000,4727.9099999999999,4728.21,4728.0900000000001,4728.2399999999998,,
2026-04-26T21:40:01.1585631-07:00,-12000,33000,4727.9099999999999,4728.21,4728.0900000000001,4728.2399999999998,,
2026-04-26T21:40:01.1739021-07:00,-27000,19000,4728.0100000000002,4728.3199999999997,4728.0500000000002,4728.1999999999998,,
2026-04-26T21:40:01.2207501-07:00,-27000,19000,4728.0100000000002,4728.3199999999997,4728.0500000000002,4728.1999999999998,,
2026-04-26T21:40:01.2833462-07:00,-27000,19000,4728.0100000000002,4728.3199999999997,4728.0500000000002,4728.1999999999998,,
2026-04-26T21:40:01.3304779-07:00,-27000,19000,4728.0100000000002,4728.3199999999997,4728.0500000000002,4728.1999999999998,,
2026-04-26T21:40:01.3777116-07:00,-23000,22000,4727.9799999999996,4728.2799999999997,4728.0500000000002,4728.1999999999998,,
2026-04-26T21:40:01.4239703-07:00,-34000,11000,4727.9799999999996,4728.2799999999997,4727.9399999999996,4728.0900000000001,,
2026-04-26T21:40:01.4708558-07:00,-28000,18000,4727.9099999999999,4728.2200000000003,4727.9399999999996,4728.0900000000001,,
2026-04-26T21:40:01.5483881-07:00,-27000,19000,4727.9099999999999,4728.2200000000003,4727.9499999999998,4728.1000000000004,,
2026-04-26T21:40:01.5803829-07:00,-27000,19000,4727.9099999999999,4728.2200000000003,4727.9499999999998,4728.1000000000004,,
2026-04-26T21:40:01.6445282-07:00,-23000,23000,4727.9099999999999,4728.2200000000003,4727.9899999999998,4728.1400000000003,,
2026-04-26T21:40:01.6740610-07:00,-19999,28000,4727.8599999999997,4728.1899999999996,4727.9899999999998,4728.1400000000003,,
2026-04-26T21:40:01.7210209-07:00,-19999,28000,4727.8599999999997,4728.1899999999996,4727.9899999999998,4728.1400000000003,,
2026-04-26T21:40:01.7835352-07:00,-23000,25000,4727.8900000000003,4728.2200000000003,4727.9899999999998,4728.1400000000003,,
2026-04-26T21:40:01.8302459-07:00,-23000,25000,4727.8900000000003,4728.2200000000003,4727.9899999999998,4728.1400000000003,,
2026-04-26T21:40:01.8920012-07:00,-21000,26999,4727.8900000000003,4728.2200000000003,4728.0100000000002,4728.1599999999999,,
2026-04-26T21:40:01.9256349-07:00,-21000,26999,4727.8900000000003,4728.2200000000003,4728.0100000000002,4728.1599999999999,,
2026-04-26T21:40:01.9715971-07:00,-17999,30000,4727.8599999999997,4728.1899999999996,4728.0100000000002,4728.1599999999999,,
2026-04-26T21:40:02.0334671-07:00,-13999,34000,4727.8599999999997,4728.1899999999996,4728.0500000000002,4728.1999999999998,,
2026-04-26T21:40:02.0813486-07:00,-20000,27000,4727.9300000000003,4728.25,4728.0500000000002,4728.1999999999998,,
2026-04-26T21:40:02.1274147-07:00,-20000,27000,4727.9300000000003,4728.25,4728.0500000000002,4728.1999999999998,,
2026-04-26T21:40:02.1741796-07:00,-20000,27000,4727.9300000000003,4728.25,4728.0500000000002,4728.1999999999998,,
2026-04-26T21:40:02.2208648-07:00,-23000,26000,4727.9399999999996,4728.2799999999997,4728.0500000000002,4728.1999999999998,,
2026-04-26T21:40:02.2842400-07:00,-23000,26000,4727.9399999999996,4728.2799999999997,4728.0500000000002,4728.1999999999998,,
2026-04-26T21:40:02.3303204-07:00,-23000,26000,4727.9399999999996,4728.2799999999997,4728.0500000000002,4728.1999999999998,,
2026-04-26T21:40:02.3774378-07:00,-22000,24000,4727.96,4728.2700000000004,4728.0500000000002,4728.1999999999998,,
2026-04-26T21:40:02.4241290-07:00,-22000,24000,4727.96,4728.2700000000004,4728.0500000000002,4728.1999999999998,,
2026-04-26T21:40:02.4710631-07:00,-22000,24000,4727.96,4728.2700000000004,4728.0500000000002,4728.1999999999998,,
2026-04-26T21:40:02.5187711-07:00,-22000,24000,4727.96,4728.2700000000004,4728.0500000000002,4728.1999999999998,,
2026-04-26T21:40:02.5805323-07:00,-22000,24000,4727.96,4728.2700000000004,4728.0500000000002,4728.1999999999998,,
2026-04-26T21:40:02.6272939-07:00,-22000,24000,4727.96,4728.2700000000004,4728.0500000000002,4728.1999999999998,,
2026-04-26T21:40:02.6744192-07:00,-22000,24000,4727.96,4728.2700000000004,4728.0500000000002,4728.1999999999998,,
2026-04-26T21:40:02.7210357-07:00,-22000,24000,4727.96,4728.2700000000004,4728.0500000000002,4728.1999999999998,,
2026-04-26T21:40:02.7911063-07:00,-16000,29000,4727.9700000000003,4728.2700000000004,4728.1099999999997,4728.2600000000002,,
2026-04-26T21:40:02.8301661-07:00,-16000,29000,4727.9700000000003,4728.2700000000004,4728.1099999999997,4728.2600000000002,,
2026-04-26T21:40:02.8770851-07:00,-16000,29000,4727.9700000000003,4728.2700000000004,4728.1099999999997,4728.2600000000002,,
2026-04-26T21:40:02.9240852-07:00,-21000,23999,4728.0200000000004,4728.3199999999997,4728.1099999999997,4728.2600000000002,,
2026-04-26T21:40:02.9709373-07:00,-21000,23999,4728.0200000000004,4728.3199999999997,4728.1099999999997,4728.2600000000002,,
2026-04-26T21:40:03.0333757-07:00,-21000,23999,4728.0200000000004,4728.3199999999997,4728.1099999999997,4728.2600000000002,,
2026-04-26T21:40:03.0802822-07:00,-21000,23999,4728.0200000000004,4728.3199999999997,4728.1099999999997,4728.2600000000002,,
2026-04-26T21:40:03.1585422-07:00,-22000,26000,4728,4728.3299999999999,4728.1099999999997,4728.2600000000002,,
2026-04-26T21:40:03.1741891-07:00,-21000,27000,4728,4728.3299999999999,4728.1199999999999,4728.2700000000004,,
2026-04-26T21:40:03.2373669-07:00,-21000,27000,4728,4728.3299999999999,4728.1199999999999,4728.2700000000004,,
2026-04-26T21:40:03.2854661-07:00,-14000,34000,4728,4728.3299999999999,4728.1899999999996,4728.3400000000001,,
2026-04-26T21:40:03.3302735-07:00,-17000,31000,4728.0299999999997,4728.3599999999997,4728.1899999999996,4728.3400000000001,,
2026-04-26T21:40:03.3773797-07:00,-17000,31000,4728.0299999999997,4728.3599999999997,4728.1899999999996,4728.3400000000001,,
2026-04-26T21:40:03.4241891-07:00,-17000,31000,4728.0299999999997,4728.3599999999997,4728.1899999999996,4728.3400000000001,,
2026-04-26T21:40:03.4708899-07:00,-17000,31000,4728.0299999999997,4728.3599999999997,4728.1899999999996,4728.3400000000001,,
2026-04-26T21:40:03.5206974-07:00,-17000,31000,4728.0299999999997,4728.3599999999997,4728.1899999999996,4728.3400000000001,,
2026-04-26T21:40:03.5802574-07:00,-17000,31000,4728.0299999999997,4728.3599999999997,4728.1899999999996,4728.3400000000001,,
2026-04-26T21:40:03.6271808-07:00,-23000,23999,4728.1000000000004,4728.4200000000001,4728.1899999999996,4728.3400000000001,,
2026-04-26T21:40:03.6745420-07:00,-23000,23999,4728.1000000000004,4728.4200000000001,4728.1899999999996,4728.3400000000001,,
2026-04-26T21:40:03.7231039-07:00,-23000,23999,4728.1000000000004,4728.4200000000001,4728.1899999999996,4728.3400000000001,,
2026-04-26T21:40:03.7839445-07:00,-23000,23999,4728.1000000000004,4728.4200000000001,4728.1899999999996,4728.3400000000001,,
2026-04-26T21:40:03.8308175-07:00,-23000,26000,4728.0799999999999,4728.4200000000001,4728.1899999999996,4728.3400000000001,,
2026-04-26T21:40:03.8779601-07:00,-23000,26000,4728.0799999999999,4728.4200000000001,4728.1899999999996,4728.3400000000001,,
2026-04-26T21:40:03.9240048-07:00,-23000,26000,4728.0799999999999,4728.4200000000001,4728.1899999999996,4728.3400000000001,,
2026-04-26T21:40:03.9725071-07:00,-23000,26000,4728.0799999999999,4728.4200000000001,4728.1899999999996,4728.3400000000001,,
2026-04-26T21:40:04.0334176-07:00,-23000,26000,4728.0799999999999,4728.4200000000001,4728.1899999999996,4728.3400000000001,,
2026-04-26T21:40:04.0807865-07:00,-23000,26000,4728.0799999999999,4728.4200000000001,4728.1899999999996,4728.3400000000001,,
2026-04-26T21:40:04.1276578-07:00,-23000,26000,4728.0799999999999,4728.4200000000001,4728.1899999999996,4728.3400000000001,,
2026-04-26T21:40:04.1745762-07:00,-23000,27000,4728.0799999999999,4728.4200000000001,4728.1899999999996,4728.3500000000004,,
2026-04-26T21:40:04.2210521-07:00,-23000,27000,4728.0799999999999,4728.4200000000001,4728.1899999999996,4728.3500000000004,,
2026-04-26T21:40:04.3017235-07:00,-27999,22000,4728.0799999999999,4728.4200000000001,4728.1400000000003,4728.3000000000002,,
2026-04-26T21:40:04.3320175-07:00,-27999,22000,4728.0799999999999,4728.4200000000001,4728.1400000000003,4728.3000000000002,,
2026-04-26T21:40:04.3773604-07:00,-27999,22000,4728.0799999999999,4728.4200000000001,4728.1400000000003,4728.3000000000002,,
2026-04-26T21:40:04.4241144-07:00,-27999,21000,4728.0900000000001,4728.4200000000001,4728.1400000000003,4728.3000000000002,,
2026-04-26T21:40:04.4708391-07:00,-27999,21000,4728.0900000000001,4728.4200000000001,4728.1400000000003,4728.3000000000002,,
2026-04-26T21:40:04.5336926-07:00,-27999,20000,4728.0900000000001,4728.4200000000001,4728.1400000000003,4728.29,,
2026-04-26T21:40:04.5802349-07:00,-27999,20000,4728.0900000000001,4728.4200000000001,4728.1400000000003,4728.29,,
2026-04-26T21:40:04.6271450-07:00,-27999,20000,4728.0900000000001,4728.4200000000001,4728.1400000000003,4728.29,,
2026-04-26T21:40:04.6740317-07:00,-30000,18000,4728.0900000000001,4728.4200000000001,4728.1199999999999,4728.2700000000004,,
2026-04-26T21:40:04.7208245-07:00,-30000,18000,4728.0900000000001,4728.4200000000001,4728.1199999999999,4728.2700000000004,,
2026-04-26T21:40:04.7843468-07:00,-30000,18000,4728.0900000000001,4728.4200000000001,4728.1199999999999,4728.2700000000004,,
2026-04-26T21:40:04.8303937-07:00,-23999,25000,4728.0200000000004,4728.3599999999997,4728.1199999999999,4728.2700000000004,,
2026-04-26T21:40:04.8770971-07:00,-23999,25000,4728.0200000000004,4728.3599999999997,4728.1199999999999,4728.2700000000004,,
2026-04-26T21:40:04.9239824-07:00,-23999,25000,4728.0200000000004,4728.3599999999997,4728.1199999999999,4728.2700000000004,,
2026-04-26T21:40:04.9709010-07:00,-23999,25000,4728.0200000000004,4728.3599999999997,4728.1199999999999,4728.2700000000004,,
2026-04-26T21:40:05.0334439-07:00,-23999,25000,4728.0200000000004,4728.3599999999997,4728.1199999999999,4728.2700000000004,,
2026-04-26T21:40:05.0802954-07:00,-23999,25000,4728.0200000000004,4728.3599999999997,4728.1199999999999,4728.2700000000004,,
2026-04-26T21:40:05.1291850-07:00,-23999,25000,4728.0200000000004,4728.3599999999997,4728.1199999999999,4728.2700000000004,,
2026-04-26T21:40:05.1740813-07:00,-23999,25000,4728.0200000000004,4728.3599999999997,4728.1199999999999,4728.2700000000004,,
2026-04-26T21:40:05.2213668-07:00,-23000,23000,4728.04,4728.3500000000004,4728.1199999999999,4728.2700000000004,,
2026-04-26T21:40:05.2833829-07:00,-23000,23000,4728.04,4728.3500000000004,4728.1199999999999,4728.2700000000004,,
2026-04-26T21:40:05.3308422-07:00,-23000,23000,4728.04,4728.3500000000004,4728.1199999999999,4728.2700000000004,,
2026-04-26T21:40:05.3770942-07:00,-23000,23000,4728.04,4728.3500000000004,4728.1199999999999,4728.2700000000004,,
2026-04-26T21:40:05.4244088-07:00,-23000,23000,4728.04,4728.3500000000004,4728.1199999999999,4728.2700000000004,,
2026-04-26T21:40:05.4709025-07:00,-23000,23000,4728.04,4728.3500000000004,4728.1199999999999,4728.2700000000004,,
2026-04-26T21:40:05.5333973-07:00,-23000,23000,4728.04,4728.3500000000004,4728.1199999999999,4728.2700000000004,,
2026-04-26T21:40:05.5803798-07:00,-23000,23000,4728.04,4728.3500000000004,4728.1199999999999,4728.2700000000004,,
2026-04-26T21:40:05.6273743-07:00,-23000,23000,4728.04,4728.3500000000004,4728.1199999999999,4728.2700000000004,,
2026-04-26T21:40:05.6740091-07:00,-23000,23000,4728.04,4728.3500000000004,4728.1199999999999,4728.2700000000004,,
2026-04-26T21:40:05.7209103-07:00,-23000,23000,4728.04,4728.3500000000004,4728.1199999999999,4728.2700000000004,,
2026-04-26T21:40:05.7835190-07:00,-23000,23000,4728.04,4728.3500000000004,4728.1199999999999,4728.2700000000004,,
2026-04-26T21:40:05.8303513-07:00,-23000,23000,4728.04,4728.3500000000004,4728.1199999999999,4728.2700000000004,,
2026-04-26T21:40:05.8777766-07:00,-23000,23000,4728.04,4728.3500000000004,4728.1199999999999,4728.2700000000004,,
2026-04-26T21:40:05.9240911-07:00,-23000,23000,4728.04,4728.3500000000004,4728.1199999999999,4728.2700000000004,,
2026-04-26T21:40:05.9708691-07:00,-23000,23000,4728.04,4728.3500000000004,4728.1199999999999,4728.2700000000004,,
2026-04-26T21:40:06.0334382-07:00,-23000,23000,4728.04,4728.3500000000004,4728.1199999999999,4728.2700000000004,,
2026-04-26T21:40:06.0814695-07:00,-23000,23000,4728.04,4728.3500000000004,4728.1199999999999,4728.2700000000004,,
2026-04-26T21:40:06.1273572-07:00,-23000,23000,4728.04,4728.3500000000004,4728.1199999999999,4728.2700000000004,,
2026-04-26T21:40:06.1740173-07:00,-23000,23000,4728.04,4728.3500000000004,4728.1199999999999,4728.2700000000004,,
2026-04-26T21:40:06.2215214-07:00,-23000,23000,4728.04,4728.3500000000004,4728.1199999999999,4728.2700000000004,,
2026-04-26T21:40:06.2682707-07:00,-23000,23000,4728.04,4728.3500000000004,4728.1199999999999,4728.2700000000004,,
2026-04-26T21:40:06.3303866-07:00,-32000,13999,4728.0200000000004,4728.3299999999999,4728.0100000000002,4728.1599999999999,,
2026-04-26T21:40:06.3771004-07:00,-32000,13999,4728.0200000000004,4728.3299999999999,4728.0100000000002,4728.1599999999999,,
2026-04-26T21:40:06.4269346-07:00,-32000,13999,4728.0200000000004,4728.3299999999999,4728.0100000000002,4728.1599999999999,,
2026-04-26T21:40:06.4717087-07:00,-32000,13999,4728.0200000000004,4728.3299999999999,4728.0100000000002,4728.1599999999999,,
2026-04-26T21:40:06.5343698-07:00,-32000,13999,4728.0200000000004,4728.3299999999999,4728.0100000000002,4728.1599999999999,,
2026-04-26T21:40:06.5803885-07:00,-32000,13999,4728.0200000000004,4728.3299999999999,4728.0100000000002,4728.1599999999999,,
2026-04-26T21:40:06.6306965-07:00,-24000,23000,4727.9300000000003,4728.25,4728.0100000000002,4728.1599999999999,,
2026-04-26T21:40:06.6739689-07:00,-24000,23000,4727.9300000000003,4728.25,4728.0100000000002,4728.1599999999999,,
2026-04-26T21:40:06.7209340-07:00,-24000,23000,4727.9300000000003,4728.25,4728.0100000000002,4728.1599999999999,,
2026-04-26T21:40:06.7836185-07:00,-24000,23000,4727.9300000000003,4728.25,4728.0100000000002,4728.1599999999999,,
2026-04-26T21:40:06.8302264-07:00,-24000,23000,4727.9300000000003,4728.25,4728.0100000000002,4728.1599999999999,,
2026-04-26T21:40:06.8775972-07:00,-24000,23000,4727.9300000000003,4728.25,4728.0100000000002,4728.1599999999999,,
2026-04-26T21:40:06.9244172-07:00,-24000,23000,4727.9300000000003,4728.25,4728.0100000000002,4728.1599999999999,,
2026-04-26T21:40:06.9712424-07:00,-21999,24000,4727.9200000000001,4728.2299999999996,4728.0100000000002,4728.1599999999999,,
2026-04-26T21:40:07.0334414-07:00,-21999,24000,4727.9200000000001,4728.2299999999996,4728.0100000000002,4728.1599999999999,,
2026-04-26T21:40:07.0803239-07:00,-21999,24000,4727.9200000000001,4728.2299999999996,4728.0100000000002,4728.1599999999999,,
2026-04-26T21:40:07.1278607-07:00,-21999,24000,4727.9200000000001,4728.2299999999996,4728.0100000000002,4728.1599999999999,,
2026-04-26T21:40:07.2066305-07:00,-21999,24000,4727.9200000000001,4728.2299999999996,4728.0100000000002,4728.1599999999999,,
2026-04-26T21:40:07.2209645-07:00,-22999,25000,4727.9200000000001,4728.2299999999996,4728,4728.1700000000001,,
2026-04-26T21:40:07.2837659-07:00,-22999,24000,4727.9300000000003,4728.2299999999996,4728,4728.1700000000001,,
2026-04-26T21:40:07.3490944-07:00,-54000,-5999,4727.9499999999998,4728.2600000000002,4727.7200000000003,4727.8900000000003,,
2026-04-26T21:40:07.3783997-07:00,-54000,-5999,4727.9499999999998,4728.2600000000002,4727.7200000000003,4727.8900000000003,,
2026-04-26T21:40:07.4243277-07:00,-54000,-5999,4727.9499999999998,4728.2600000000002,4727.7200000000003,4727.8900000000003,,
2026-04-26T21:40:07.4716577-07:00,-54000,-5999,4727.9499999999998,4728.2600000000002,4727.7200000000003,4727.8900000000003,,
2026-04-26T21:40:07.5180357-07:00,-54000,-5999,4727.9499999999998,4728.2600000000002,4727.7200000000003,4727.8900000000003,,
2026-04-26T21:40:07.5832562-07:00,-21999,29000,4727.6000000000004,4727.9399999999996,4727.7200000000003,4727.8900000000003,,
2026-04-26T21:40:07.6272160-07:00,-21999,29000,4727.6000000000004,4727.9399999999996,4727.7200000000003,4727.8900000000003,,
2026-04-26T21:40:07.6746033-07:00,-25000,23000,4727.6599999999999,4727.9700000000003,4727.7200000000003,4727.8900000000003,,
2026-04-26T21:40:07.7210072-07:00,-25000,23000,4727.6599999999999,4727.9700000000003,4727.7200000000003,4727.8900000000003,,
2026-04-26T21:40:07.7845414-07:00,-25000,23000,4727.6599999999999,4727.9700000000003,4727.7200000000003,4727.8900000000003,,
2026-04-26T21:40:07.8303232-07:00,-25000,23000,4727.6599999999999,4727.9700000000003,4727.7200000000003,4727.8900000000003,,
2026-04-26T21:40:07.8772155-07:00,-24000,23000,4727.6599999999999,4727.96,4727.7200000000003,4727.8900000000003,,
2026-04-26T21:40:07.9239880-07:00,-24000,23000,4727.6599999999999,4727.96,4727.7200000000003,4727.8900000000003,,
2026-04-26T21:40:07.9711946-07:00,-24000,23000,4727.6599999999999,4727.96,4727.7200000000003,4727.8900000000003,,
2026-04-26T21:40:08.0336766-07:00,-24000,23000,4727.6599999999999,4727.96,4727.7200000000003,4727.8900000000003,,
2026-04-26T21:40:08.0809634-07:00,-24000,23000,4727.6599999999999,4727.96,4727.7200000000003,4727.8900000000003,,
2026-04-26T21:40:08.1271824-07:00,-24000,23000,4727.6599999999999,4727.96,4727.7200000000003,4727.8900000000003,,
2026-04-26T21:40:08.1748181-07:00,-24000,23000,4727.6599999999999,4727.96,4727.7200000000003,4727.8900000000003,,
2026-04-26T21:40:08.2207691-07:00,-27000,25000,4727.6599999999999,4727.96,4727.6899999999996,4727.9099999999999,,
2026-04-26T21:40:08.2832720-07:00,-27000,25000,4727.6599999999999,4727.96,4727.6899999999996,4727.9099999999999,,
2026-04-26T21:40:08.3304515-07:00,-27000,25000,4727.6599999999999,4727.96,4727.6899999999996,4727.9099999999999,,
2026-04-26T21:40:08.3773541-07:00,-27000,25000,4727.6599999999999,4727.96,4727.6899999999996,4727.9099999999999,,
2026-04-26T21:40:08.4240192-07:00,-27000,25000,4727.6599999999999,4727.96,4727.6899999999996,4727.9099999999999,,
2026-04-26T21:40:08.4709738-07:00,-27000,25000,4727.6599999999999,4727.96,4727.6899999999996,4727.9099999999999,,
2026-04-26T21:40:08.5334536-07:00,-27000,25000,4727.6599999999999,4727.96,4727.6899999999996,4727.9099999999999,,
2026-04-26T21:40:08.5804989-07:00,-27000,25000,4727.6599999999999,4727.96,4727.6899999999996,4727.9099999999999,,
2026-04-26T21:40:08.6273526-07:00,-27000,25000,4727.6599999999999,4727.96,4727.6899999999996,4727.9099999999999,,
2026-04-26T21:40:08.6743857-07:00,-27000,25000,4727.6599999999999,4727.96,4727.6899999999996,4727.9099999999999,,
2026-04-26T21:40:08.7206768-07:00,-39999,12000,4727.6599999999999,4727.96,4727.5600000000004,4727.7799999999997,,
2026-04-26T21:40:08.7832780-07:00,-38999,13999,4727.6400000000003,4727.9499999999998,4727.5600000000004,4727.7799999999997,,
2026-04-26T21:40:08.8594367-07:00,-35000,21000,4727.4899999999998,4727.8299999999999,4727.4799999999996,4727.6999999999998,,
2026-04-26T21:40:08.8769612-07:00,-35000,21000,4727.4899999999998,4727.8299999999999,4727.4799999999996,4727.6999999999998,,
2026-04-26T21:40:08.9239839-07:00,-35000,21000,4727.4899999999998,4727.8299999999999,4727.4799999999996,4727.6999999999998,,
2026-04-26T21:40:08.9709743-07:00,-26000,28000,4727.4200000000001,4727.7399999999998,4727.4799999999996,4727.6999999999998,,
2026-04-26T21:40:09.0336146-07:00,-26000,28000,4727.4200000000001,4727.7399999999998,4727.4799999999996,4727.6999999999998,,
2026-04-26T21:40:09.0989405-07:00,-26000,30000,4727.4200000000001,4727.7600000000002,4727.5,4727.7200000000003,,
2026-04-26T21:40:09.1272087-07:00,-26000,30000,4727.4200000000001,4727.7600000000002,4727.5,4727.7200000000003,,
2026-04-26T21:40:09.1743116-07:00,-26000,27000,4727.4499999999998,4727.7600000000002,4727.5,4727.7200000000003,,
2026-04-26T21:40:09.2211371-07:00,-26000,27000,4727.4499999999998,4727.7600000000002,4727.5,4727.7200000000003,,
2026-04-26T21:40:09.2836751-07:00,-26000,27000,4727.4499999999998,4727.7600000000002,4727.5,4727.7200000000003,,
2026-04-26T21:40:09.3302342-07:00,-26000,27000,4727.4499999999998,4727.7600000000002,4727.5,4727.7200000000003,,
2026-04-26T21:40:09.3771030-07:00,-26000,27000,4727.4499999999998,4727.7600000000002,4727.5,4727.7200000000003,,
2026-04-26T21:40:09.4241347-07:00,-26000,27000,4727.4499999999998,4727.7600000000002,4727.5,4727.7200000000003,,
2026-04-26T21:40:09.4708901-07:00,-26000,27000,4727.4499999999998,4727.7600000000002,4727.5,4727.7200000000003,,
2026-04-26T21:40:09.5347425-07:00,-26000,27000,4727.4499999999998,4727.7600000000002,4727.5,4727.7200000000003,,
2026-04-26T21:40:09.5802567-07:00,-26000,27000,4727.4499999999998,4727.7600000000002,4727.5,4727.7200000000003,,
2026-04-26T21:40:09.6270750-07:00,-26000,27000,4727.4499999999998,4727.7600000000002,4727.5,4727.7200000000003,,
2026-04-26T21:40:09.6744226-07:00,-26000,27000,4727.4499999999998,4727.7600000000002,4727.5,4727.7200000000003,,
2026-04-26T21:40:09.7213336-07:00,-26000,27000,4727.4499999999998,4727.7600000000002,4727.5,4727.7200000000003,,
2026-04-26T21:40:09.7834432-07:00,-26000,27000,4727.4499999999998,4727.7600000000002,4727.5,4727.7200000000003,,
2026-04-26T21:40:09.8320250-07:00,-26000,27000,4727.4499999999998,4727.7600000000002,4727.5,4727.7200000000003,,
2026-04-26T21:40:09.8771115-07:00,-25000,28000,4727.4399999999996,4727.75,4727.5,4727.7200000000003,,
2026-04-26T21:40:09.9258663-07:00,-25000,28000,4727.4399999999996,4727.75,4727.5,4727.7200000000003,,
2026-04-26T21:40:09.9718971-07:00,-25000,28000,4727.4399999999996,4727.75,4727.5,4727.7200000000003,,
2026-04-26T21:40:10.0334931-07:00,-25000,28000,4727.4399999999996,4727.75,4727.5,4727.7200000000003,,
2026-04-26T21:40:10.1106548-07:00,-24000,29000,4727.4399999999996,4727.75,4727.5100000000002,4727.7299999999996,,
2026-04-26T21:40:10.1271287-07:00,-24000,29000,4727.4399999999996,4727.75,4727.5100000000002,4727.7299999999996,,
2026-04-26T21:40:10.1755891-07:00,-21000,30999,4727.4200000000001,4727.7200000000003,4727.5100000000002,4727.7299999999996,,
2026-04-26T21:40:10.2218854-07:00,-21000,30999,4727.4200000000001,4727.7200000000003,4727.5100000000002,4727.7299999999996,,
2026-04-26T21:40:10.2833695-07:00,-28000,27999,4727.4499999999998,4727.79,4727.5100000000002,4727.7299999999996,,
2026-04-26T21:40:10.3324582-07:00,-28000,27999,4727.4499999999998,4727.79,4727.5100000000002,4727.7299999999996,,
2026-04-26T21:40:10.3775142-07:00,-28000,27999,4727.4499999999998,4727.79,4727.5100000000002,4727.7299999999996,,
2026-04-26T21:40:10.4246241-07:00,-28000,27999,4727.4499999999998,4727.79,4727.5100000000002,4727.7299999999996,,
2026-04-26T21:40:10.4709353-07:00,-28000,27999,4727.4499999999998,4727.79,4727.5100000000002,4727.7299999999996,,
2026-04-26T21:40:10.5338584-07:00,-28000,27999,4727.4499999999998,4727.79,4727.5100000000002,4727.7299999999996,,
2026-04-26T21:40:10.5804014-07:00,-28000,27999,4727.4499999999998,4727.79,4727.5100000000002,4727.7299999999996,,
2026-04-26T21:40:10.6280393-07:00,-28000,27999,4727.4499999999998,4727.79,4727.5100000000002,4727.7299999999996,,
2026-04-26T21:40:10.6758541-07:00,-28000,27999,4727.4499999999998,4727.79,4727.5100000000002,4727.7299999999996,,
2026-04-26T21:40:10.7209140-07:00,-26000,29000,4727.4399999999996,4727.7700000000004,4727.5100000000002,4727.7299999999996,,
2026-04-26T21:40:10.7837474-07:00,-24000,29999,4727.4300000000003,4727.75,4727.5100000000002,4727.7299999999996,,
2026-04-26T21:40:10.8316833-07:00,-24000,29999,4727.4300000000003,4727.75,4727.5100000000002,4727.7299999999996,,
2026-04-26T21:40:10.8771917-07:00,-24000,29999,4727.4300000000003,4727.75,4727.5100000000002,4727.7299999999996,,
2026-04-26T21:40:10.9274732-07:00,-24000,29999,4727.4300000000003,4727.75,4727.5100000000002,4727.7299999999996,,
2026-04-26T21:40:11.0027593-07:00,-27000,25000,4727.4799999999996,4727.7799999999997,4727.5100000000002,4727.7299999999996,,
2026-04-26T21:40:11.0341887-07:00,-21999,30000,4727.4799999999996,4727.7799999999997,4727.5600000000004,4727.7799999999997,,
2026-04-26T21:40:11.0801931-07:00,-21999,30000,4727.4799999999996,4727.7799999999997,4727.5600000000004,4727.7799999999997,,
2026-04-26T21:40:11.1287273-07:00,-25000,27000,4727.4799999999996,4727.7799999999997,4727.5299999999997,4727.75,,
2026-04-26T21:40:11.1739492-07:00,-25000,27000,4727.4799999999996,4727.7799999999997,4727.5299999999997,4727.75,,
2026-04-26T21:40:11.2209038-07:00,-27000,27000,4727.4799999999996,4727.8000000000002,4727.5299999999997,4727.75,,
2026-04-26T21:40:11.2834103-07:00,-27000,27000,4727.4799999999996,4727.8000000000002,4727.5299999999997,4727.75,,
2026-04-26T21:40:11.3303289-07:00,-27000,27000,4727.4799999999996,4727.8000000000002,4727.5299999999997,4727.75,,
2026-04-26T21:40:11.3769697-07:00,-27999,27000,4727.4799999999996,4727.8000000000002,4727.5200000000004,4727.75,,
2026-04-26T21:40:11.4240028-07:00,-27999,27000,4727.4799999999996,4727.8000000000002,4727.5200000000004,4727.75,,
2026-04-26T21:40:11.4710873-07:00,-27999,27000,4727.4799999999996,4727.8000000000002,4727.5200000000004,4727.75,,
2026-04-26T21:40:11.5334044-07:00,-27999,27000,4727.4799999999996,4727.8000000000002,4727.5200000000004,4727.75,,
2026-04-26T21:40:11.5812613-07:00,-27999,27000,4727.4799999999996,4727.8000000000002,4727.5200000000004,4727.75,,
2026-04-26T21:40:11.6277256-07:00,-27999,27000,4727.4799999999996,4727.8000000000002,4727.5200000000004,4727.75,,
2026-04-26T21:40:11.6741992-07:00,-27999,27000,4727.4799999999996,4727.8000000000002,4727.5200000000004,4727.75,,
2026-04-26T21:40:11.7209311-07:00,-27999,27000,4727.4799999999996,4727.8000000000002,4727.5200000000004,4727.75,,
2026-04-26T21:40:11.7833440-07:00,-27999,27000,4727.4799999999996,4727.8000000000002,4727.5200000000004,4727.75,,
2026-04-26T21:40:11.8303586-07:00,-27999,27000,4727.4799999999996,4727.8000000000002,4727.5200000000004,4727.75,,
2026-04-26T21:40:11.8771360-07:00,-27999,27000,4727.4799999999996,4727.8000000000002,4727.5200000000004,4727.75,,
2026-04-26T21:40:11.9240080-07:00,-27999,27000,4727.4799999999996,4727.8000000000002,4727.5200000000004,4727.75,,
2026-04-26T21:40:12.0005789-07:00,-29000,26000,4727.4799999999996,4727.8000000000002,4727.5100000000002,4727.7399999999998,,
2026-04-26T21:40:12.0181845-07:00,-29000,26000,4727.4799999999996,4727.8000000000002,4727.5100000000002,4727.7399999999998,,
2026-04-26T21:40:12.0806628-07:00,-29000,26000,4727.4799999999996,4727.8000000000002,4727.5100000000002,4727.7399999999998,,
2026-04-26T21:40:12.1288259-07:00,-27999,26000,4727.4799999999996,4727.8000000000002,4727.5200000000004,4727.7399999999998,,
2026-04-26T21:40:12.1739864-07:00,-27999,26000,4727.4799999999996,4727.8000000000002,4727.5200000000004,4727.7399999999998,,
2026-04-26T21:40:12.2210614-07:00,-27999,26000,4727.4799999999996,4727.8000000000002,4727.5200000000004,4727.7399999999998,,
2026-04-26T21:40:12.2836537-07:00,-27999,26000,4727.4799999999996,4727.8000000000002,4727.5200000000004,4727.7399999999998,,
2026-04-26T21:40:12.3302853-07:00,-27999,26000,4727.4799999999996,4727.8000000000002,4727.5200000000004,4727.7399999999998,,
2026-04-26T21:40:12.3771999-07:00,-27999,26000,4727.4799999999996,4727.8000000000002,4727.5200000000004,4727.7399999999998,,
2026-04-26T21:40:12.4241178-07:00,-27999,26000,4727.4799999999996,4727.8000000000002,4727.5200000000004,4727.7399999999998,,
2026-04-26T21:40:12.4708420-07:00,-27999,26000,4727.4799999999996,4727.8000000000002,4727.5200000000004,4727.7399999999998,,
2026-04-26T21:40:12.5335679-07:00,-27999,26000,4727.4799999999996,4727.8000000000002,4727.5200000000004,4727.7399999999998,,
2026-04-26T21:40:12.5811088-07:00,-27999,26000,4727.4799999999996,4727.8000000000002,4727.5200000000004,4727.7399999999998,,
2026-04-26T21:40:12.6272529-07:00,-27999,26000,4727.4799999999996,4727.8000000000002,4727.5200000000004,4727.7399999999998,,
2026-04-26T21:40:12.6743332-07:00,-27999,26000,4727.4799999999996,4727.8000000000002,4727.5200000000004,4727.7399999999998,,
2026-04-26T21:40:12.7211411-07:00,-27999,26000,4727.4799999999996,4727.8000000000002,4727.5200000000004,4727.7399999999998,,
2026-04-26T21:40:12.7837857-07:00,-27999,26000,4727.4799999999996,4727.8000000000002,4727.5200000000004,4727.7399999999998,,
2026-04-26T21:40:12.8304545-07:00,-27999,26000,4727.4799999999996,4727.8000000000002,4727.5200000000004,4727.7399999999998,,
2026-04-26T21:40:12.9090706-07:00,-32000,22000,4727.4799999999996,4727.8000000000002,4727.4799999999996,4727.6999999999998,,
2026-04-26T21:40:12.9238688-07:00,-26000,27000,4727.4300000000003,4727.7399999999998,4727.4799999999996,4727.6999999999998,,
2026-04-26T21:40:12.9707402-07:00,-26000,27000,4727.4300000000003,4727.7399999999998,4727.4799999999996,4727.6999999999998,,
2026-04-26T21:40:13.0337864-07:00,-26000,27000,4727.4300000000003,4727.7399999999998,4727.4799999999996,4727.6999999999998,,
2026-04-26T21:40:13.0811969-07:00,-26000,27000,4727.4300000000003,4727.7399999999998,4727.4799999999996,4727.6999999999998,,
2026-04-26T21:40:13.1583841-07:00,-26000,27000,4727.4300000000003,4727.7399999999998,4727.4799999999996,4727.6999999999998,,
2026-04-26T21:40:13.1738403-07:00,-26000,25999,4727.4300000000003,4727.7399999999998,4727.4799999999996,4727.6899999999996,,
2026-04-26T21:40:13.2207208-07:00,-28000,25000,4727.4399999999996,4727.7600000000002,4727.4799999999996,4727.6899999999996,,
2026-04-26T21:40:13.2834944-07:00,-28000,25000,4727.4399999999996,4727.7600000000002,4727.4799999999996,4727.6899999999996,,
2026-04-26T21:40:13.3326259-07:00,-28000,25000,4727.4399999999996,4727.7600000000002,4727.4799999999996,4727.6899999999996,,
2026-04-26T21:40:13.3775235-07:00,-28000,25000,4727.4399999999996,4727.7600000000002,4727.4799999999996,4727.6899999999996,,
2026-04-26T21:40:13.4240891-07:00,-28000,25000,4727.4399999999996,4727.7600000000002,4727.4799999999996,4727.6899999999996,,
2026-04-26T21:40:13.4722681-07:00,-28000,25000,4727.4399999999996,4727.7600000000002,4727.4799999999996,4727.6899999999996,,
2026-04-26T21:40:13.5186547-07:00,-28000,25000,4727.4399999999996,4727.7600000000002,4727.4799999999996,4727.6899999999996,,
2026-04-26T21:40:13.5811336-07:00,-28000,25000,4727.4399999999996,4727.7600000000002,4727.4799999999996,4727.6899999999996,,
2026-04-26T21:40:13.6269752-07:00,-28000,25000,4727.4399999999996,4727.7600000000002,4727.4799999999996,4727.6899999999996,,
2026-04-26T21:40:13.6748498-07:00,-28000,25000,4727.4399999999996,4727.7600000000002,4727.4799999999996,4727.6899999999996,,
2026-04-26T21:40:13.7208628-07:00,-28000,25000,4727.4399999999996,4727.7600000000002,4727.4799999999996,4727.6899999999996,,
2026-04-26T21:40:13.7836303-07:00,-28000,25000,4727.4399999999996,4727.7600000000002,4727.4799999999996,4727.6899999999996,,
2026-04-26T21:40:13.8302810-07:00,-28000,25000,4727.4399999999996,4727.7600000000002,4727.4799999999996,4727.6899999999996,,
2026-04-26T21:40:13.8776110-07:00,-28000,25000,4727.4399999999996,4727.7600000000002,4727.4799999999996,4727.6899999999996,,
2026-04-26T21:40:13.9242270-07:00,-27000,25999,4727.4300000000003,4727.75,4727.4799999999996,4727.6899999999996,,
2026-04-26T21:40:13.9709013-07:00,-27000,25999,4727.4300000000003,4727.75,4727.4799999999996,4727.6899999999996,,
2026-04-26T21:40:14.0335247-07:00,-27000,25999,4727.4300000000003,4727.75,4727.4799999999996,4727.6899999999996,,
2026-04-26T21:40:14.0807303-07:00,-27000,25999,4727.4300000000003,4727.75,4727.4799999999996,4727.6899999999996,,
2026-04-26T21:40:14.1274751-07:00,-27000,25999,4727.4300000000003,4727.75,4727.4799999999996,4727.6899999999996,,
2026-04-26T21:40:14.1740791-07:00,-27000,25999,4727.4300000000003,4727.75,4727.4799999999996,4727.6899999999996,,
2026-04-26T21:40:14.2212373-07:00,-27000,25999,4727.4300000000003,4727.75,4727.4799999999996,4727.6899999999996,,
2026-04-26T21:40:14.2838361-07:00,-27000,25999,4727.4300000000003,4727.75,4727.4799999999996,4727.6899999999996,,
2026-04-26T21:40:14.3305518-07:00,-27000,25999,4727.4300000000003,4727.75,4727.4799999999996,4727.6899999999996,,
2026-04-26T21:40:14.3771273-07:00,-27000,25999,4727.4300000000003,4727.75,4727.4799999999996,4727.6899999999996,,
2026-04-26T21:40:14.4244470-07:00,-27000,25999,4727.4300000000003,4727.75,4727.4799999999996,4727.6899999999996,,
2026-04-26T21:40:14.4712298-07:00,-27000,25999,4727.4300000000003,4727.75,4727.4799999999996,4727.6899999999996,,
2026-04-26T21:40:14.5354999-07:00,-27000,25999,4727.4300000000003,4727.75,4727.4799999999996,4727.6899999999996,,
2026-04-26T21:40:14.5816229-07:00,-27000,25999,4727.4300000000003,4727.75,4727.4799999999996,4727.6899999999996,,
2026-04-26T21:40:14.6271105-07:00,-27000,25999,4727.4300000000003,4727.75,4727.4799999999996,4727.6899999999996,,
2026-04-26T21:40:14.6749026-07:00,-27000,25999,4727.4300000000003,4727.75,4727.4799999999996,4727.6899999999996,,
2026-04-26T21:40:14.7208850-07:00,-27000,25999,4727.4300000000003,4727.75,4727.4799999999996,4727.6899999999996,,
2026-04-26T21:40:14.7834362-07:00,-27000,25999,4727.4300000000003,4727.75,4727.4799999999996,4727.6899999999996,,
2026-04-26T21:40:14.8304922-07:00,-27000,25999,4727.4300000000003,4727.75,4727.4799999999996,4727.6899999999996,,
2026-04-26T21:40:14.8774412-07:00,-27000,25999,4727.4300000000003,4727.75,4727.4799999999996,4727.6899999999996,,
2026-04-26T21:40:14.9247416-07:00,-27000,25999,4727.4300000000003,4727.75,4727.4799999999996,4727.6899999999996,,
2026-04-26T21:40:14.9708768-07:00,-27000,25999,4727.4300000000003,4727.75,4727.4799999999996,4727.6899999999996,,
2026-04-26T21:40:15.0349318-07:00,-27000,25999,4727.4300000000003,4727.75,4727.4799999999996,4727.6899999999996,,
2026-04-26T21:40:15.0804575-07:00,-27000,25999,4727.4300000000003,4727.75,4727.4799999999996,4727.6899999999996,,
2026-04-26T21:40:15.1552637-07:00,-27000,25999,4727.4300000000003,4727.75,4727.4799999999996,4727.6899999999996,,
2026-04-26T21:40:15.1739257-07:00,-27000,25000,4727.4300000000003,4727.75,4727.4799999999996,4727.6800000000003,,
2026-04-26T21:40:15.2210381-07:00,-27000,25000,4727.4300000000003,4727.75,4727.4799999999996,4727.6800000000003,,
2026-04-26T21:40:15.2849685-07:00,-27000,25000,4727.4300000000003,4727.75,4727.4799999999996,4727.6800000000003,,
2026-04-26T21:40:15.3302295-07:00,-25000,26000,4727.4200000000001,4727.7299999999996,4727.4799999999996,4727.6800000000003,,
2026-04-26T21:40:15.4091113-07:00,-25000,26000,4727.4200000000001,4727.7299999999996,4727.4799999999996,4727.6800000000003,,
2026-04-26T21:40:15.4239085-07:00,-23999,26000,4727.4200000000001,4727.7299999999996,4727.4899999999998,4727.6800000000003,,
2026-04-26T21:40:15.4712799-07:00,-23999,26000,4727.4200000000001,4727.7299999999996,4727.4899999999998,4727.6800000000003,,
2026-04-26T21:40:15.5335059-07:00,-27000,25999,4727.4300000000003,4727.7700000000004,4727.5,4727.6899999999996,,
2026-04-26T21:40:15.5801123-07:00,-27000,25999,4727.4300000000003,4727.7700000000004,4727.5,4727.6899999999996,,
2026-04-26T21:40:15.6279182-07:00,-27000,25999,4727.4300000000003,4727.7700000000004,4727.5,4727.6899999999996,,
2026-04-26T21:40:15.6742405-07:00,-27000,25999,4727.4300000000003,4727.7700000000004,4727.5,4727.6899999999996,,
2026-04-26T21:40:15.7210239-07:00,-27000,25999,4727.4300000000003,4727.7700000000004,4727.5,4727.6899999999996,,
2026-04-26T21:40:15.7836180-07:00,-24000,25999,4727.4300000000003,4727.7399999999998,4727.5,4727.6899999999996,,
2026-04-26T21:40:15.8303446-07:00,-25000,26999,4727.4200000000001,4727.75,4727.5,4727.6899999999996,,
2026-04-26T21:40:15.8772557-07:00,-25000,26999,4727.4200000000001,4727.75,4727.5,4727.6899999999996,,
2026-04-26T21:40:15.9257663-07:00,-25000,26999,4727.4200000000001,4727.75,4727.5,4727.6899999999996,,
2026-04-26T21:40:15.9720513-07:00,-25000,26999,4727.4200000000001,4727.75,4727.5,4727.6899999999996,,
2026-04-26T21:40:16.0335257-07:00,-25000,26999,4727.4200000000001,4727.75,4727.5,4727.6899999999996,,
2026-04-26T21:40:16.0805825-07:00,-25000,26999,4727.4200000000001,4727.75,4727.5,4727.6899999999996,,
2026-04-26T21:40:16.1272811-07:00,-25000,26999,4727.4200000000001,4727.75,4727.5,4727.6899999999996,,
2026-04-26T21:40:16.1739457-07:00,-26000,24000,4727.4399999999996,4727.7600000000002,4727.5,4727.6800000000003,,
2026-04-26T21:40:16.2209947-07:00,-26000,24000,4727.4399999999996,4727.7600000000002,4727.5,4727.6800000000003,,
2026-04-26T21:40:16.2834464-07:00,-26000,24000,4727.4399999999996,4727.7600000000002,4727.5,4727.6800000000003,,
2026-04-26T21:40:16.3305748-07:00,-26000,24000,4727.4399999999996,4727.7600000000002,4727.5,4727.6800000000003,,
2026-04-26T21:40:16.3773953-07:00,-26000,24000,4727.4399999999996,4727.7600000000002,4727.5,4727.6800000000003,,
2026-04-26T21:40:16.4240661-07:00,-26000,24000,4727.4399999999996,4727.7600000000002,4727.5,4727.6800000000003,,
2026-04-26T21:40:16.4709393-07:00,-26000,24000,4727.4399999999996,4727.7600000000002,4727.5,4727.6800000000003,,
2026-04-26T21:40:16.5333626-07:00,-26000,24000,4727.4399999999996,4727.7600000000002,4727.5,4727.6800000000003,,
2026-04-26T21:40:16.5803558-07:00,-26000,24000,4727.4399999999996,4727.7600000000002,4727.5,4727.6800000000003,,
2026-04-26T21:40:16.6282333-07:00,-26000,24000,4727.4399999999996,4727.7600000000002,4727.5,4727.6800000000003,,
2026-04-26T21:40:16.6758294-07:00,-22999,27000,4727.4099999999999,4727.7299999999996,4727.5,4727.6800000000003,,
2026-04-26T21:40:16.7225911-07:00,-22999,27000,4727.4099999999999,4727.7299999999996,4727.5,4727.6800000000003,,
2026-04-26T21:40:16.7832888-07:00,-22999,27000,4727.4099999999999,4727.7299999999996,4727.5,4727.6800000000003,,
2026-04-26T21:40:16.8302663-07:00,-22999,27000,4727.4099999999999,4727.7299999999996,4727.5,4727.6800000000003,,
2026-04-26T21:40:16.8772770-07:00,-22999,27000,4727.4099999999999,4727.7299999999996,4727.5,4727.6800000000003,,
2026-04-26T21:40:16.9245341-07:00,-22999,27000,4727.4099999999999,4727.7299999999996,4727.5,4727.6800000000003,,
2026-04-26T21:40:16.9709115-07:00,-22999,27000,4727.4099999999999,4727.7299999999996,4727.5,4727.6800000000003,,
2026-04-26T21:40:17.0334139-07:00,-22999,27000,4727.4099999999999,4727.7299999999996,4727.5,4727.6800000000003,,
2026-04-26T21:40:17.0802927-07:00,-24000,26000,4727.4200000000001,4727.7399999999998,4727.5,4727.6800000000003,,
2026-04-26T21:40:17.1276071-07:00,-24000,26000,4727.4200000000001,4727.7399999999998,4727.5,4727.6800000000003,,
2026-04-26T21:40:17.1878936-07:00,-25000,24000,4727.4200000000001,4727.7399999999998,4727.4899999999998,4727.6599999999999,,
2026-04-26T21:40:17.2207664-07:00,-25000,24000,4727.4200000000001,4727.7399999999998,4727.4899999999998,4727.6599999999999,,
2026-04-26T21:40:17.2838287-07:00,-25000,24000,4727.4200000000001,4727.7399999999998,4727.4899999999998,4727.6599999999999,,
2026-04-26T21:40:17.3308187-07:00,-25000,24000,4727.4200000000001,4727.7399999999998,4727.4899999999998,4727.6599999999999,,
2026-04-26T21:40:17.3770941-07:00,-25000,24000,4727.4200000000001,4727.7399999999998,4727.4899999999998,4727.6599999999999,,
2026-04-26T21:40:17.4243724-07:00,-25000,24000,4727.4200000000001,4727.7399999999998,4727.4899999999998,4727.6599999999999,,
2026-04-26T21:40:17.4726973-07:00,-25000,24000,4727.4200000000001,4727.7399999999998,4727.4899999999998,4727.6599999999999,,
2026-04-26T21:40:17.5339789-07:00,-25000,24000,4727.4200000000001,4727.7399999999998,4727.4899999999998,4727.6599999999999,,
2026-04-26T21:40:17.5805239-07:00,-25000,24000,4727.4200000000001,4727.7399999999998,4727.4899999999998,4727.6599999999999,,
2026-04-26T21:40:17.6430199-07:00,-25000,24000,4727.4200000000001,4727.7399999999998,4727.4899999999998,4727.6599999999999,,
2026-04-26T21:40:17.6740570-07:00,-25000,24000,4727.4200000000001,4727.7399999999998,4727.4899999999998,4727.6599999999999,,
2026-04-26T21:40:17.7212005-07:00,-25000,24000,4727.4200000000001,4727.7399999999998,4727.4899999999998,4727.6599999999999,,
2026-04-26T21:40:17.7833156-07:00,-25000,24000,4727.4200000000001,4727.7399999999998,4727.4899999999998,4727.6599999999999,,
2026-04-26T21:40:17.8305917-07:00,-25000,24000,4727.4200000000001,4727.7399999999998,4727.4899999999998,4727.6599999999999,,
2026-04-26T21:40:17.8771161-07:00,-25000,24000,4727.4200000000001,4727.7399999999998,4727.4899999999998,4727.6599999999999,,
2026-04-26T21:40:17.9240192-07:00,-25000,24000,4727.4200000000001,4727.7399999999998,4727.4899999999998,4727.6599999999999,,
2026-04-26T21:40:17.9711121-07:00,-25000,24000,4727.4200000000001,4727.7399999999998,4727.4899999999998,4727.6599999999999,,
2026-04-26T21:40:18.0333778-07:00,-25000,24000,4727.4200000000001,4727.7399999999998,4727.4899999999998,4727.6599999999999,,
2026-04-26T21:40:18.0808400-07:00,-25000,24000,4727.4200000000001,4727.7399999999998,4727.4899999999998,4727.6599999999999,,
2026-04-26T21:40:18.1273749-07:00,-25000,24000,4727.4200000000001,4727.7399999999998,4727.4899999999998,4727.6599999999999,,
2026-04-26T21:40:18.2032835-07:00,-25000,24000,4727.4200000000001,4727.7399999999998,4727.4899999999998,4727.6599999999999,,
2026-04-26T21:40:18.2208545-07:00,-24000,24000,4727.4200000000001,4727.7399999999998,4727.5,4727.6599999999999,,
2026-04-26T21:40:18.2834062-07:00,-24000,24000,4727.4200000000001,4727.7399999999998,4727.5,4727.6599999999999,,
2026-04-26T21:40:18.3303340-07:00,-24000,24000,4727.4200000000001,4727.7399999999998,4727.5,4727.6599999999999,,
2026-04-26T21:40:18.3774215-07:00,-24000,24000,4727.4200000000001,4727.7399999999998,4727.5,4727.6599999999999,,
2026-04-26T21:40:18.4258687-07:00,-24000,24000,4727.4200000000001,4727.7399999999998,4727.5,4727.6599999999999,,
2026-04-26T21:40:18.4710078-07:00,-24000,24000,4727.4200000000001,4727.7399999999998,4727.5,4727.6599999999999,,
2026-04-26T21:40:18.5333064-07:00,-24000,24000,4727.4200000000001,4727.7399999999998,4727.5,4727.6599999999999,,
2026-04-26T21:40:18.5808200-07:00,-24000,24000,4727.4200000000001,4727.7399999999998,4727.5,4727.6599999999999,,
2026-04-26T21:40:18.6273980-07:00,-24000,24000,4727.4200000000001,4727.7399999999998,4727.5,4727.6599999999999,,
2026-04-26T21:40:18.6741498-07:00,-24000,24000,4727.4200000000001,4727.7399999999998,4727.5,4727.6599999999999,,
2026-04-26T21:40:18.7208526-07:00,-24000,24000,4727.4200000000001,4727.7399999999998,4727.5,4727.6599999999999,,
2026-04-26T21:40:18.7834290-07:00,-24000,24000,4727.4200000000001,4727.7399999999998,4727.5,4727.6599999999999,,
2026-04-26T21:40:18.8303551-07:00,-24000,24000,4727.4200000000001,4727.7399999999998,4727.5,4727.6599999999999,,
2026-04-26T21:40:18.8771071-07:00,-24000,24000,4727.4200000000001,4727.7399999999998,4727.5,4727.6599999999999,,
2026-04-26T21:40:18.9259505-07:00,-24000,24000,4727.4200000000001,4727.7399999999998,4727.5,4727.6599999999999,,
2026-04-26T21:40:18.9714239-07:00,-24000,24000,4727.4200000000001,4727.7399999999998,4727.5,4727.6599999999999,,
2026-04-26T21:40:19.0337491-07:00,-24000,24000,4727.4200000000001,4727.7399999999998,4727.5,4727.6599999999999,,
2026-04-26T21:40:19.0803916-07:00,-24000,24000,4727.4200000000001,4727.7399999999998,4727.5,4727.6599999999999,,
2026-04-26T21:40:19.1273336-07:00,-24000,24000,4727.4200000000001,4727.7399999999998,4727.5,4727.6599999999999,,
2026-04-26T21:40:19.1741818-07:00,-24000,24000,4727.4200000000001,4727.7399999999998,4727.5,4727.6599999999999,,
2026-04-26T21:40:19.2318338-07:00,-23000,25000,4727.4200000000001,4727.7399999999998,4727.5100000000002,4727.6700000000001,,
2026-04-26T21:40:19.2834242-07:00,-23000,25000,4727.4200000000001,4727.7399999999998,4727.5100000000002,4727.6700000000001,,
2026-04-26T21:40:19.3581303-07:00,-23000,25000,4727.4200000000001,4727.7399999999998,4727.5100000000002,4727.6700000000001,,
2026-04-26T21:40:19.3771782-07:00,-22999,27000,4727.4099999999999,4727.75,4727.5200000000004,4727.6800000000003,,
2026-04-26T21:40:19.4240132-07:00,-22999,27000,4727.4099999999999,4727.75,4727.5200000000004,4727.6800000000003,,
2026-04-26T21:40:19.4710670-07:00,-22999,25000,4727.4300000000003,4727.75,4727.5200000000004,4727.6800000000003,,
2026-04-26T21:40:19.5334375-07:00,-22999,25000,4727.4300000000003,4727.75,4727.5200000000004,4727.6800000000003,,
2026-04-26T21:40:19.5823066-07:00,-22999,25000,4727.4300000000003,4727.75,4727.5200000000004,4727.6800000000003,,
2026-04-26T21:40:19.6272044-07:00,-22999,25000,4727.4300000000003,4727.75,4727.5200000000004,4727.6800000000003,,
2026-04-26T21:40:19.6739436-07:00,-22999,25000,4727.4300000000003,4727.75,4727.5200000000004,4727.6800000000003,,
2026-04-26T21:40:19.7210764-07:00,-22999,25000,4727.4300000000003,4727.75,4727.5200000000004,4727.6800000000003,,
2026-04-26T21:40:19.7833670-07:00,-22999,25000,4727.4300000000003,4727.75,4727.5200000000004,4727.6800000000003,,
2026-04-26T21:40:19.8303855-07:00,-22999,25000,4727.4300000000003,4727.75,4727.5200000000004,4727.6800000000003,,
2026-04-26T21:40:19.8771206-07:00,-22999,25000,4727.4300000000003,4727.75,4727.5200000000004,4727.6800000000003,,
2026-04-26T21:40:19.9240028-07:00,-22999,25000,4727.4300000000003,4727.75,4727.5200000000004,4727.6800000000003,,
2026-04-26T21:40:19.9712487-07:00,-22999,25000,4727.4300000000003,4727.75,4727.5200000000004,4727.6800000000003,,
2026-04-26T21:40:20.0335474-07:00,-22999,25000,4727.4300000000003,4727.75,4727.5200000000004,4727.6800000000003,,
2026-04-26T21:40:20.0803757-07:00,-22999,25000,4727.4300000000003,4727.75,4727.5200000000004,4727.6800000000003,,
2026-04-26T21:40:20.1275544-07:00,-22999,25000,4727.4300000000003,4727.75,4727.5200000000004,4727.6800000000003,,
2026-04-26T21:40:20.2030592-07:00,-22999,25000,4727.4300000000003,4727.75,4727.5200000000004,4727.6800000000003,,
2026-04-26T21:40:20.2208307-07:00,-22999,24000,4727.4300000000003,4727.75,4727.5200000000004,4727.6700000000001,,
2026-04-26T21:40:20.2834281-07:00,-22999,24000,4727.4300000000003,4727.75,4727.5200000000004,4727.6700000000001,,
2026-04-26T21:40:20.3302913-07:00,-24000,23000,4727.4300000000003,4727.75,4727.5100000000002,4727.6599999999999,,
2026-04-26T21:40:20.3776660-07:00,-21000,25000,4727.4099999999999,4727.7200000000003,4727.5100000000002,4727.6599999999999,,
2026-04-26T21:40:20.4241096-07:00,-21000,25000,4727.4099999999999,4727.7200000000003,4727.5100000000002,4727.6599999999999,,
2026-04-26T21:40:20.4708401-07:00,-21000,25000,4727.4099999999999,4727.7200000000003,4727.5100000000002,4727.6599999999999,,
2026-04-26T21:40:20.5336439-07:00,-21000,25000,4727.4099999999999,4727.7200000000003,4727.5100000000002,4727.6599999999999,,
2026-04-26T21:40:20.5808633-07:00,-21000,25000,4727.4099999999999,4727.7200000000003,4727.5100000000002,4727.6599999999999,,
2026-04-26T21:40:20.6280861-07:00,-21000,25000,4727.4099999999999,4727.7200000000003,4727.5100000000002,4727.6599999999999,,
2026-04-26T21:40:20.6763090-07:00,-21000,25000,4727.4099999999999,4727.7200000000003,4727.5100000000002,4727.6599999999999,,
2026-04-26T21:40:20.7209074-07:00,-21000,25000,4727.4099999999999,4727.7200000000003,4727.5100000000002,4727.6599999999999,,
2026-04-26T21:40:20.7842040-07:00,-21000,25000,4727.4099999999999,4727.7200000000003,4727.5100000000002,4727.6599999999999,,
2026-04-26T21:40:20.8302939-07:00,-21000,25000,4727.4099999999999,4727.7200000000003,4727.5100000000002,4727.6599999999999,,
2026-04-26T21:40:20.8774197-07:00,-23000,23000,4727.4300000000003,4727.7399999999998,4727.5100000000002,4727.6599999999999,,
2026-04-26T21:40:20.9242343-07:00,-23000,23000,4727.4300000000003,4727.7399999999998,4727.5100000000002,4727.6599999999999,,
2026-04-26T21:40:20.9710439-07:00,-23000,23000,4727.4300000000003,4727.7399999999998,4727.5100000000002,4727.6599999999999,,
2026-04-26T21:40:21.0338055-07:00,-23000,23000,4727.4300000000003,4727.7399999999998,4727.5100000000002,4727.6599999999999,,
2026-04-26T21:40:21.0805238-07:00,-23000,23000,4727.4300000000003,4727.7399999999998,4727.5100000000002,4727.6599999999999,,
2026-04-26T21:40:21.1270794-07:00,-23000,23000,4727.4300000000003,4727.7399999999998,4727.5100000000002,4727.6599999999999,,
2026-04-26T21:40:21.1741077-07:00,-23000,23000,4727.4300000000003,4727.7399999999998,4727.5100000000002,4727.6599999999999,,
2026-04-26T21:40:21.2217563-07:00,-21999,23000,4727.4300000000003,4727.7399999999998,4727.5200000000004,4727.6599999999999,,
2026-04-26T21:40:21.2833925-07:00,-21999,23000,4727.4300000000003,4727.7399999999998,4727.5200000000004,4727.6599999999999,,
2026-04-26T21:40:21.3304759-07:00,-21999,23000,4727.4300000000003,4727.7399999999998,4727.5200000000004,4727.6599999999999,,
2026-04-26T21:40:21.3771849-07:00,-21999,23000,4727.4300000000003,4727.7399999999998,4727.5200000000004,4727.6599999999999,,
2026-04-26T21:40:21.4242077-07:00,-21999,23000,4727.4300000000003,4727.7399999999998,4727.5200000000004,4727.6599999999999,,
2026-04-26T21:40:21.4710410-07:00,-21999,23000,4727.4300000000003,4727.7399999999998,4727.5200000000004,4727.6599999999999,,
2026-04-26T21:40:21.5333995-07:00,-21999,23000,4727.4300000000003,4727.7399999999998,4727.5200000000004,4727.6599999999999,,
2026-04-26T21:40:21.5805736-07:00,-21999,23000,4727.4300000000003,4727.7399999999998,4727.5200000000004,4727.6599999999999,,
2026-04-26T21:40:21.6280218-07:00,-21999,24000,4727.4200000000001,4727.7399999999998,4727.5200000000004,4727.6599999999999,,
2026-04-26T21:40:21.6740036-07:00,-21999,24000,4727.4200000000001,4727.7399999999998,4727.5200000000004,4727.6599999999999,,
2026-04-26T21:40:21.7208962-07:00,-21999,24000,4727.4200000000001,4727.7399999999998,4727.5200000000004,4727.6599999999999,,
2026-04-26T21:40:21.7845090-07:00,-21999,24000,4727.4200000000001,4727.7399999999998,4727.5200000000004,4727.6599999999999,,
2026-04-26T21:40:21.8303037-07:00,-21999,24000,4727.4200000000001,4727.7399999999998,4727.5200000000004,4727.6599999999999,,
2026-04-26T21:40:21.8777321-07:00,-58000,-12000,4727.4200000000001,4727.7399999999998,4727.1599999999999,4727.3000000000002,,
2026-04-26T21:40:21.9238790-07:00,-59000,-12000,4727.4200000000001,4727.75,4727.1599999999999,4727.3000000000002,,
2026-04-26T21:40:22.0073804-07:00,-22000,22000,4727.0900000000001,4727.3900000000003,4727.1700000000001,4727.3100000000004,,
2026-04-26T21:40:22.0334097-07:00,-22000,22000,4727.0900000000001,4727.3900000000003,4727.1700000000001,4727.3100000000004,,
2026-04-26T21:40:22.1132090-07:00,-25000,19000,4727.0900000000001,4727.3900000000003,4727.1400000000003,4727.2799999999997,,
2026-04-26T21:40:22.1294702-07:00,-22999,21000,4727.0699999999997,4727.3699999999999,4727.1400000000003,4727.2799999999997,,
2026-04-26T21:40:22.1740217-07:00,-22999,21000,4727.0699999999997,4727.3699999999999,4727.1400000000003,4727.2799999999997,,
2026-04-26T21:40:22.2393155-07:00,-20000,24000,4727.0699999999997,4727.3699999999999,4727.1700000000001,4727.3100000000004,,
2026-04-26T21:40:22.2677341-07:00,-20000,24000,4727.0699999999997,4727.3699999999999,4727.1700000000001,4727.3100000000004,,
2026-04-26T21:40:22.3303451-07:00,-22000,23000,4727.0799999999999,4727.3900000000003,4727.1700000000001,4727.3100000000004,,
2026-04-26T21:40:22.3777146-07:00,-22000,23000,4727.0799999999999,4727.3900000000003,4727.1700000000001,4727.3100000000004,,
2026-04-26T21:40:22.4242275-07:00,-22000,23000,4727.0799999999999,4727.3900000000003,4727.1700000000001,4727.3100000000004,,
2026-04-26T21:40:22.4710222-07:00,-22000,23000,4727.0799999999999,4727.3900000000003,4727.1700000000001,4727.3100000000004,,
2026-04-26T21:40:22.5345649-07:00,-22000,23000,4727.0799999999999,4727.3900000000003,4727.1700000000001,4727.3100000000004,,
2026-04-26T21:40:22.5805558-07:00,-22000,23000,4727.0799999999999,4727.3900000000003,4727.1700000000001,4727.3100000000004,,
2026-04-26T21:40:22.6271891-07:00,-22000,23000,4727.0799999999999,4727.3900000000003,4727.1700000000001,4727.3100000000004,,
2026-04-26T21:40:22.6899515-07:00,-22000,23000,4727.0799999999999,4727.3900000000003,4727.1700000000001,4727.3100000000004,,
2026-04-26T21:40:22.7226520-07:00,-22000,23000,4727.0799999999999,4727.3900000000003,4727.1700000000001,4727.3100000000004,,
2026-04-26T21:40:22.7835073-07:00,-22000,23000,4727.0799999999999,4727.3900000000003,4727.1700000000001,4727.3100000000004,,
2026-04-26T21:40:22.8304359-07:00,-24000,24000,4727.0699999999997,4727.4099999999999,4727.1700000000001,4727.3100000000004,,
2026-04-26T21:40:22.8771762-07:00,-24000,24000,4727.0699999999997,4727.4099999999999,4727.1700000000001,4727.3100000000004,,
2026-04-26T21:40:22.9245598-07:00,-22999,24000,4727.0699999999997,4727.3999999999996,4727.1700000000001,4727.3100000000004,,
2026-04-26T21:40:23.0006687-07:00,-56999,22000,4727.0699999999997,4727.3999999999996,4726.8299999999999,4727.29,,
2026-04-26T21:40:23.0179779-07:00,-56999,22000,4727.0699999999997,4727.3999999999996,4726.8299999999999,4727.29,,
2026-04-26T21:40:23.0806643-07:00,-56999,22000,4727.0699999999997,4727.3999999999996,4726.8299999999999,4727.29,,
2026-04-26T21:40:23.1273188-07:00,-56999,22000,4727.0699999999997,4727.3999999999996,4726.8299999999999,4727.29,,
2026-04-26T21:40:23.1743430-07:00,-56999,22000,4727.0699999999997,4727.3999999999996,4726.8299999999999,4727.29,,
2026-04-26T21:40:23.2232799-07:00,-54000,25000,4727.04,4727.3699999999999,4726.8299999999999,4727.29,,
2026-04-26T21:40:23.2826491-07:00,-58000,30000,4727.04,4727.3699999999999,4726.79,4727.3400000000001,,
2026-04-26T21:40:23.3301242-07:00,-58000,30000,4727.04,4727.3699999999999,4726.79,4727.3400000000001,,
2026-04-26T21:40:23.3891325-07:00,-63000,27000,4727.04,4727.3699999999999,4726.7399999999998,4727.3100000000004,,
2026-04-26T21:40:23.4241378-07:00,-68000,23000,4727.0799999999999,4727.4200000000001,4726.7399999999998,4727.3100000000004,,
2026-04-26T21:40:23.4711142-07:00,-68000,23000,4727.0799999999999,4727.4200000000001,4726.7399999999998,4727.3100000000004,,
2026-04-26T21:40:23.5333754-07:00,-61000,26000,4727.04,4727.3400000000001,4726.7299999999996,4727.3000000000002,,
2026-04-26T21:40:23.5804303-07:00,-61000,26000,4727.04,4727.3400000000001,4726.7299999999996,4727.3000000000002,,
2026-04-26T21:40:23.6410123-07:00,-61000,26000,4727.04,4727.3400000000001,4726.7299999999996,4727.3000000000002,,
2026-04-26T21:40:23.6739570-07:00,-64000,24000,4727.04,4727.3400000000001,4726.6999999999998,4727.2799999999997,,
2026-04-26T21:40:23.7209428-07:00,-63000,27000,4727.0100000000002,4727.3299999999999,4726.6999999999998,4727.2799999999997,,
2026-04-26T21:40:23.7853907-07:00,-63000,27000,4727.0100000000002,4727.3299999999999,4726.6999999999998,4727.2799999999997,,
2026-04-26T21:40:23.8307700-07:00,-63000,27000,4727.0100000000002,4727.3299999999999,4726.6999999999998,4727.2799999999997,,
2026-04-26T21:40:23.8771428-07:00,-63000,27000,4727.0100000000002,4727.3299999999999,4726.6999999999998,4727.2799999999997,,
2026-04-26T21:40:23.9245737-07:00,-63000,27000,4727.0100000000002,4727.3299999999999,4726.6999999999998,4727.2799999999997,,
2026-04-26T21:40:24.0032134-07:00,-63000,27000,4727.0100000000002,4727.3299999999999,4726.6999999999998,4727.2799999999997,,
2026-04-26T21:40:24.0339558-07:00,-61000,27999,4727.0200000000004,4727.3299999999999,4726.7200000000003,4727.3000000000002,,
2026-04-26T21:40:24.0805182-07:00,-61000,27999,4727.0200000000004,4727.3299999999999,4726.7200000000003,4727.3000000000002,,
2026-04-26T21:40:24.1271303-07:00,-61000,27999,4727.0200000000004,4727.3299999999999,4726.7200000000003,4727.3000000000002,,
2026-04-26T21:40:24.1742433-07:00,-61000,27999,4727.0200000000004,4727.3299999999999,4726.7200000000003,4727.3000000000002,,
2026-04-26T21:40:24.2209667-07:00,-61000,27999,4727.0200000000004,4727.3299999999999,4726.7200000000003,4727.3000000000002,,
2026-04-26T21:40:24.2834046-07:00,-60000,27999,4727.0200000000004,4727.3299999999999,4726.7299999999996,4727.3000000000002,,
2026-04-26T21:40:24.3302564-07:00,-60000,27999,4727.0200000000004,4727.3299999999999,4726.7299999999996,4727.3000000000002,,
2026-04-26T21:40:24.3771490-07:00,-63000,25000,4727.0200000000004,4727.3299999999999,4726.6999999999998,4727.2700000000004,,
2026-04-26T21:40:24.4241852-07:00,-63000,25000,4727.0200000000004,4727.3299999999999,4726.6999999999998,4727.2700000000004,,
2026-04-26T21:40:24.4709765-07:00,-63000,25000,4727.0200000000004,4727.3299999999999,4726.6999999999998,4727.2700000000004,,
2026-04-26T21:40:24.5333656-07:00,-61000,28000,4726.9899999999998,4727.3100000000004,4726.6999999999998,4727.2700000000004,,
2026-04-26T21:40:24.5810567-07:00,-61000,28000,4726.9899999999998,4727.3100000000004,4726.6999999999998,4727.2700000000004,,
2026-04-26T21:40:24.6272759-07:00,-61000,28000,4726.9899999999998,4727.3100000000004,4726.6999999999998,4727.2700000000004,,
2026-04-26T21:40:24.6760202-07:00,-61000,28000,4726.9899999999998,4727.3100000000004,4726.6999999999998,4727.2700000000004,,
2026-04-26T21:40:24.7212743-07:00,-61000,28000,4726.9899999999998,4727.3100000000004,4726.6999999999998,4727.2700000000004,,
2026-04-26T21:40:24.7833954-07:00,-58000,34000,4726.9899999999998,4727.3100000000004,4726.7299999999996,4727.3299999999999,,
2026-04-26T21:40:24.8307246-07:00,-62000,30999,4727.0200000000004,4727.3500000000004,4726.7299999999996,4727.3299999999999,,
2026-04-26T21:40:24.8771993-07:00,-60000,33000,4727.0200000000004,4727.3500000000004,4726.75,4727.3500000000004,,
2026-04-26T21:40:24.9240212-07:00,-60000,33000,4727.0200000000004,4727.3500000000004,4726.75,4727.3500000000004,,
2026-04-26T21:40:24.9709117-07:00,-60000,33000,4727.0200000000004,4727.3500000000004,4726.75,4727.3500000000004,,
2026-04-26T21:40:25.0334598-07:00,-60000,33000,4727.0200000000004,4727.3500000000004,4726.75,4727.3500000000004,,
2026-04-26T21:40:25.0804887-07:00,-60000,33000,4727.0200000000004,4727.3500000000004,4726.75,4727.3500000000004,,
2026-04-26T21:40:25.1396457-07:00,-59000,33000,4727.0200000000004,4727.3500000000004,4726.7600000000002,4727.3500000000004,,
2026-04-26T21:40:25.1738643-07:00,-59000,33000,4727.0200000000004,4727.3500000000004,4726.7600000000002,4727.3500000000004,,
2026-04-26T21:40:25.2211327-07:00,-59000,33000,4727.0200000000004,4727.3500000000004,4726.7600000000002,4727.3500000000004,,
2026-04-26T21:40:25.2686563-07:00,-59000,33000,4727.0200000000004,4727.3500000000004,4726.7600000000002,4727.3500000000004,,
2026-04-26T21:40:25.3306354-07:00,-59000,33000,4727.0200000000004,4727.3500000000004,4726.7600000000002,4727.3500000000004,,
2026-04-26T21:40:25.3779646-07:00,-57000,33999,4727.0200000000004,4727.3500000000004,4726.7799999999997,4727.3599999999997,,
2026-04-26T21:40:25.4240445-07:00,-57000,33999,4727.0200000000004,4727.3500000000004,4726.7799999999997,4727.3599999999997,,
2026-04-26T21:40:25.4709812-07:00,-57000,32999,4727.0299999999997,4727.3500000000004,4726.7799999999997,4727.3599999999997,,
2026-04-26T21:40:25.5333282-07:00,-57000,32999,4727.0299999999997,4727.3500000000004,4726.7799999999997,4727.3599999999997,,
2026-04-26T21:40:25.5803557-07:00,-57000,32999,4727.0299999999997,4727.3500000000004,4726.7799999999997,4727.3599999999997,,
2026-04-26T21:40:25.6270778-07:00,-57000,32999,4727.0299999999997,4727.3500000000004,4726.7799999999997,4727.3599999999997,,
2026-04-26T21:40:25.6740534-07:00,-61999,26999,4727.0900000000001,4727.3999999999996,4726.7799999999997,4727.3599999999997,,
2026-04-26T21:40:25.7207990-07:00,-61999,26999,4727.0900000000001,4727.3999999999996,4726.7799999999997,4727.3599999999997,,
2026-04-26T21:40:25.7834707-07:00,-61999,26999,4727.0900000000001,4727.3999999999996,4726.7799999999997,4727.3599999999997,,
2026-04-26T21:40:25.8318743-07:00,-61999,26999,4727.0900000000001,4727.3999999999996,4726.7799999999997,4727.3599999999997,,
2026-04-26T21:40:25.8778933-07:00,-61999,26999,4727.0900000000001,4727.3999999999996,4726.7799999999997,4727.3599999999997,,
2026-04-26T21:40:25.9242067-07:00,-61999,26999,4727.0900000000001,4727.3999999999996,4726.7799999999997,4727.3599999999997,,
2026-04-26T21:40:25.9708551-07:00,-61999,26999,4727.0900000000001,4727.3999999999996,4726.7799999999997,4727.3599999999997,,
2026-04-26T21:40:26.0335295-07:00,-61999,26999,4727.0900000000001,4727.3999999999996,4726.7799999999997,4727.3599999999997,,
2026-04-26T21:40:26.0802988-07:00,-61999,26999,4727.0900000000001,4727.3999999999996,4726.7799999999997,4727.3599999999997,,
2026-04-26T21:40:26.1435513-07:00,-62999,26999,4727.0900000000001,4727.3999999999996,4726.7700000000004,4727.3599999999997,,
2026-04-26T21:40:26.1738770-07:00,-62999,26999,4727.0900000000001,4727.3999999999996,4726.7700000000004,4727.3599999999997,,
2026-04-26T21:40:26.2211042-07:00,-62999,26999,4727.0900000000001,4727.3999999999996,4726.7700000000004,4727.3599999999997,,
2026-04-26T21:40:26.2833559-07:00,-62999,26999,4727.0900000000001,4727.3999999999996,4726.7700000000004,4727.3599999999997,,
2026-04-26T21:40:26.3305606-07:00,-62999,26999,4727.0900000000001,4727.3999999999996,4726.7700000000004,4727.3599999999997,,
2026-04-26T21:40:26.4026533-07:00,-62999,26999,4727.0900000000001,4727.3999999999996,4726.7700000000004,4727.3599999999997,,
2026-04-26T21:40:26.4239661-07:00,-63999,25000,4727.0900000000001,4727.3999999999996,4726.7600000000002,4727.3400000000001,,
2026-04-26T21:40:26.4716425-07:00,-61000,31000,4727.0299999999997,4727.3699999999999,4726.7600000000002,4727.3400000000001,,
2026-04-26T21:40:26.5335490-07:00,-61000,31000,4727.0299999999997,4727.3699999999999,4726.7600000000002,4727.3400000000001,,
2026-04-26T21:40:26.5821953-07:00,-61000,31000,4727.0299999999997,4727.3699999999999,4726.7600000000002,4727.3400000000001,,
2026-04-26T21:40:26.6509499-07:00,-68999,21000,4727.04,4727.3599999999997,4726.6700000000001,4727.25,,
2026-04-26T21:40:26.6742026-07:00,-68999,21000,4727.04,4727.3599999999997,4726.6700000000001,4727.25,,
2026-04-26T21:40:26.7217536-07:00,-68999,21000,4727.04,4727.3599999999997,4726.6700000000001,4727.25,,
2026-04-26T21:40:26.7835221-07:00,-68999,21000,4727.04,4727.3599999999997,4726.6700000000001,4727.25,,
2026-04-26T21:40:26.8303162-07:00,-68999,21000,4727.04,4727.3599999999997,4726.6700000000001,4727.25,,
2026-04-26T21:40:26.8921470-07:00,-32999,21000,4727.04,4727.3599999999997,4727.0299999999997,4727.25,,
2026-04-26T21:40:26.9244914-07:00,-32999,21000,4727.04,4727.3599999999997,4727.0299999999997,4727.25,,
2026-04-26T21:40:26.9709112-07:00,-26000,28000,4726.9700000000003,4727.29,4727.0299999999997,4727.25,,
2026-04-26T21:40:27.0343072-07:00,-26999,27000,4726.9700000000003,4727.29,4727.0200000000004,4727.2399999999998,,
2026-04-26T21:40:27.0809021-07:00,-26999,27000,4726.9700000000003,4727.29,4727.0200000000004,4727.2399999999998,,
2026-04-26T21:40:27.1582083-07:00,-22000,31000,4726.9300000000003,4727.25,4727.0299999999997,4727.2399999999998,,
2026-04-26T21:40:27.1739915-07:00,-22000,31000,4726.9300000000003,4727.25,4727.0299999999997,4727.2399999999998,,
2026-04-26T21:40:27.2212138-07:00,-22000,31000,4726.9300000000003,4727.25,4727.0299999999997,4727.2399999999998,,
2026-04-26T21:40:27.2839219-07:00,-22000,31000,4726.9300000000003,4727.25,4727.0299999999997,4727.2399999999998,,
2026-04-26T21:40:27.3303756-07:00,-22000,31000,4726.9300000000003,4727.25,4727.0299999999997,4727.2399999999998,,
2026-04-26T21:40:27.3771030-07:00,-22000,31000,4726.9300000000003,4727.25,4727.0299999999997,4727.2399999999998,,
2026-04-26T21:40:27.4243602-07:00,-22000,31000,4726.9300000000003,4727.25,4727.0299999999997,4727.2399999999998,,
2026-04-26T21:40:27.4708870-07:00,-22000,31000,4726.9300000000003,4727.25,4727.0299999999997,4727.2399999999998,,
2026-04-26T21:40:27.5333576-07:00,-22000,31000,4726.9300000000003,4727.25,4727.0299999999997,4727.2399999999998,,
2026-04-26T21:40:27.5802710-07:00,-22000,31000,4726.9300000000003,4727.25,4727.0299999999997,4727.2399999999998,,
2026-04-26T21:40:27.6271399-07:00,-22000,31000,4726.9300000000003,4727.25,4727.0299999999997,4727.2399999999998,,
2026-04-26T21:40:27.6741718-07:00,-22000,31000,4726.9300000000003,4727.25,4727.0299999999997,4727.2399999999998,,
2026-04-26T21:40:27.7209015-07:00,-22000,31000,4726.9300000000003,4727.25,4727.0299999999997,4727.2399999999998,,
2026-04-26T21:40:27.7836737-07:00,-22000,31000,4726.9300000000003,4727.25,4727.0299999999997,4727.2399999999998,,
2026-04-26T21:40:27.8302587-07:00,-22000,31000,4726.9300000000003,4727.25,4727.0299999999997,4727.2399999999998,,
2026-04-26T21:40:27.8772954-07:00,-22000,31000,4726.9300000000003,4727.25,4727.0299999999997,4727.2399999999998,,
2026-04-26T21:40:27.9241438-07:00,-22000,31000,4726.9300000000003,4727.25,4727.0299999999997,4727.2399999999998,,
2026-04-26T21:40:27.9710495-07:00,-22000,31000,4726.9300000000003,4727.25,4727.0299999999997,4727.2399999999998,,
2026-04-26T21:40:28.0334711-07:00,-22000,31000,4726.9300000000003,4727.25,4727.0299999999997,4727.2399999999998,,
2026-04-26T21:40:28.0802866-07:00,-22000,31000,4726.9300000000003,4727.25,4727.0299999999997,4727.2399999999998,,
2026-04-26T21:40:28.1271177-07:00,-22000,31000,4726.9300000000003,4727.25,4727.0299999999997,4727.2399999999998,,
2026-04-26T21:40:28.1738686-07:00,-22000,29999,4726.9300000000003,4727.25,4727.0299999999997,4727.2299999999996,,
2026-04-26T21:40:28.2209922-07:00,-22000,29999,4726.9300000000003,4727.25,4727.0299999999997,4727.2299999999996,,
2026-04-26T21:40:28.2833554-07:00,-22000,29999,4726.9300000000003,4727.25,4727.0299999999997,4727.2299999999996,,
2026-04-26T21:40:28.3321538-07:00,-22000,29999,4726.9300000000003,4727.25,4727.0299999999997,4727.2299999999996,,
2026-04-26T21:40:28.3792041-07:00,-22000,29999,4726.9300000000003,4727.25,4727.0299999999997,4727.2299999999996,,
2026-04-26T21:40:28.4243482-07:00,-22000,29999,4726.9300000000003,4727.25,4727.0299999999997,4727.2299999999996,,
2026-04-26T21:40:28.4709933-07:00,-22000,29999,4726.9300000000003,4727.25,4727.0299999999997,4727.2299999999996,,
2026-04-26T21:40:28.5335757-07:00,-22000,29999,4726.9300000000003,4727.25,4727.0299999999997,4727.2299999999996,,
2026-04-26T21:40:28.5803079-07:00,-22000,29999,4726.9300000000003,4727.25,4727.0299999999997,4727.2299999999996,,
2026-04-26T21:40:28.6271181-07:00,-22000,29999,4726.9300000000003,4727.25,4727.0299999999997,4727.2299999999996,,
2026-04-26T21:40:28.6739967-07:00,-22000,29000,4726.9399999999996,4727.25,4727.0299999999997,4727.2299999999996,,
2026-04-26T21:40:28.7208426-07:00,-22000,29000,4726.9399999999996,4727.25,4727.0299999999997,4727.2299999999996,,
2026-04-26T21:40:28.7833562-07:00,-22000,29000,4726.9399999999996,4727.25,4727.0299999999997,4727.2299999999996,,
2026-04-26T21:40:28.8302050-07:00,-22000,29000,4726.9399999999996,4727.25,4727.0299999999997,4727.2299999999996,,
2026-04-26T21:40:28.8772759-07:00,-22000,29000,4726.9399999999996,4727.25,4727.0299999999997,4727.2299999999996,,
2026-04-26T21:40:28.9240036-07:00,-22000,29000,4726.9399999999996,4727.25,4727.0299999999997,4727.2299999999996,,
2026-04-26T21:40:28.9710403-07:00,-22000,29000,4726.9399999999996,4727.25,4727.0299999999997,4727.2299999999996,,
2026-04-26T21:40:29.0334027-07:00,-22000,29000,4726.9399999999996,4727.25,4727.0299999999997,4727.2299999999996,,
2026-04-26T21:40:29.0806070-07:00,-22000,29000,4726.9399999999996,4727.25,4727.0299999999997,4727.2299999999996,,
2026-04-26T21:40:29.1270861-07:00,-22000,29000,4726.9399999999996,4727.25,4727.0299999999997,4727.2299999999996,,
2026-04-26T21:40:29.1739616-07:00,-22000,29000,4726.9399999999996,4727.25,4727.0299999999997,4727.2299999999996,,
2026-04-26T21:40:29.2215596-07:00,-22000,29000,4726.9399999999996,4727.25,4727.0299999999997,4727.2299999999996,,
2026-04-26T21:40:29.2833528-07:00,-22000,29000,4726.9399999999996,4727.25,4727.0299999999997,4727.2299999999996,,
2026-04-26T21:40:29.3302717-07:00,-22000,29000,4726.9399999999996,4727.25,4727.0299999999997,4727.2299999999996,,
2026-04-26T21:40:29.3771246-07:00,-22000,29000,4726.9399999999996,4727.25,4727.0299999999997,4727.2299999999996,,
2026-04-26T21:40:29.4263392-07:00,-22000,29000,4726.9399999999996,4727.25,4727.0299999999997,4727.2299999999996,,
2026-04-26T21:40:29.4709278-07:00,-22000,29000,4726.9399999999996,4727.25,4727.0299999999997,4727.2299999999996,,
2026-04-26T21:40:29.5650311-07:00,-54000,-2999,4726.9399999999996,4727.25,4726.71,4726.9099999999999,,
2026-04-26T21:40:29.5801239-07:00,-54000,-2000,4726.9300000000003,4727.25,4726.71,4726.9099999999999,,
2026-04-26T21:40:29.6279599-07:00,-54000,-2000,4726.9300000000003,4727.25,4726.71,4726.9099999999999,,
2026-04-26T21:40:29.6740542-07:00,-54000,-2000,4726.9300000000003,4727.25,4726.71,4726.9099999999999,,
2026-04-26T21:40:29.7212918-07:00,-54000,-2000,4726.9300000000003,4727.25,4726.71,4726.9099999999999,,
2026-04-26T21:40:29.7839746-07:00,-22999,29000,4726.6199999999999,4726.9399999999996,4726.71,4726.9099999999999,,
2026-04-26T21:40:29.8304850-07:00,-22999,29000,4726.6199999999999,4726.9399999999996,4726.71,4726.9099999999999,,
2026-04-26T21:40:29.8771262-07:00,-22999,29000,4726.6199999999999,4726.9399999999996,4726.71,4726.9099999999999,,
2026-04-26T21:40:29.9254549-07:00,-24000,28000,4726.6300000000001,4726.9499999999998,4726.71,4726.9099999999999,,
2026-04-26T21:40:29.9711426-07:00,-24000,28000,4726.6300000000001,4726.9499999999998,4726.71,4726.9099999999999,,
2026-04-26T21:40:30.0632266-07:00,-25000,26999,4726.6300000000001,4726.9499999999998,4726.6999999999998,4726.8999999999996,,
2026-04-26T21:40:30.0802109-07:00,-25000,26999,4726.6300000000001,4726.9499999999998,4726.6999999999998,4726.8999999999996,,
2026-04-26T21:40:30.1283022-07:00,-23999,29000,4726.6099999999997,4726.9399999999996,4726.6999999999998,4726.8999999999996,,
2026-04-26T21:40:30.1897248-07:00,-23999,29000,4726.6099999999997,4726.9399999999996,4726.6999999999998,4726.8999999999996,,
2026-04-26T21:40:30.2209125-07:00,-22999,29000,4726.6099999999997,4726.9399999999996,4726.71,4726.8999999999996,,
2026-04-26T21:40:30.2833015-07:00,-22999,29000,4726.6099999999997,4726.9399999999996,4726.71,4726.8999999999996,,
2026-04-26T21:40:30.3307503-07:00,-22999,29000,4726.6099999999997,4726.9399999999996,4726.71,4726.8999999999996,,
2026-04-26T21:40:30.3770961-07:00,-22999,29000,4726.6099999999997,4726.9399999999996,4726.71,4726.8999999999996,,
2026-04-26T21:40:30.4246845-07:00,-22999,29000,4726.6099999999997,4726.9399999999996,4726.71,4726.8999999999996,,
2026-04-26T21:40:30.4709373-07:00,-22999,29000,4726.6099999999997,4726.9399999999996,4726.71,4726.8999999999996,,
2026-04-26T21:40:30.5338490-07:00,-22999,29000,4726.6099999999997,4726.9399999999996,4726.71,4726.8999999999996,,
2026-04-26T21:40:30.5802870-07:00,-22999,29000,4726.6099999999997,4726.9399999999996,4726.71,4726.8999999999996,,
2026-04-26T21:40:30.6275986-07:00,-22999,29000,4726.6099999999997,4726.9399999999996,4726.71,4726.8999999999996,,
2026-04-26T21:40:30.6741712-07:00,-22999,29000,4726.6099999999997,4726.9399999999996,4726.71,4726.8999999999996,,
2026-04-26T21:40:30.7217436-07:00,-17999,33000,4726.79,4727.1099999999997,4726.9300000000003,4727.1199999999999,,
2026-04-26T21:40:30.7834282-07:00,-17999,33000,4726.79,4727.1099999999997,4726.9300000000003,4727.1199999999999,,
2026-04-26T21:40:30.8521537-07:00,-25000,25000,4726.8199999999997,4727.1300000000001,4726.8800000000001,4727.0699999999997,,
2026-04-26T21:40:30.8769696-07:00,-25000,25000,4726.8199999999997,4727.1300000000001,4726.8800000000001,4727.0699999999997,,
2026-04-26T21:40:30.9258275-07:00,-25000,25000,4726.8199999999997,4727.1300000000001,4726.8800000000001,4727.0699999999997,,
2026-04-26T21:40:30.9708917-07:00,-25000,25000,4726.8199999999997,4727.1300000000001,4726.8800000000001,4727.0699999999997,,
2026-04-26T21:40:31.0333122-07:00,-24000,25999,4726.8100000000004,4727.1199999999999,4726.8800000000001,4727.0699999999997,,
2026-04-26T21:40:31.0801377-07:00,2000,51999,4726.8100000000004,4727.1199999999999,4727.1400000000003,4727.3299999999999,,
2026-04-26T21:40:31.1287930-07:00,4000,55999,4726.7700000000004,4727.1000000000004,4727.1400000000003,4727.3299999999999,,
2026-04-26T21:40:31.2060461-07:00,-12000,43999,4726.7700000000004,4727.1000000000004,4726.9799999999996,4727.21,,
2026-04-26T21:40:31.2209617-07:00,-12000,43999,4726.7700000000004,4727.1000000000004,4726.9799999999996,4727.21,,
2026-04-26T21:40:31.3161869-07:00,-31999,21000,4727.04,4727.3400000000001,4727.0200000000004,4727.25,,
2026-04-26T21:40:31.3301865-07:00,-31999,21000,4727.04,4727.3400000000001,4727.0200000000004,4727.25,,
2026-04-26T21:40:31.3771698-07:00,-31999,21000,4727.04,4727.3400000000001,4727.0200000000004,4727.25,,
2026-04-26T21:40:31.4260059-07:00,-31999,21000,4727.04,4727.3400000000001,4727.0200000000004,4727.25,,
2026-04-26T21:40:31.4710024-07:00,-31999,21000,4727.04,4727.3400000000001,4727.0200000000004,4727.25,,
2026-04-26T21:40:31.5335501-07:00,-31999,21000,4727.04,4727.3400000000001,4727.0200000000004,4727.25,,
2026-04-26T21:40:31.5810848-07:00,-31999,21000,4727.04,4727.3400000000001,4727.0200000000004,4727.25,,
2026-04-26T21:40:31.6271703-07:00,-26999,28000,4726.9700000000003,4727.29,4727.0200000000004,4727.25,,
2026-04-26T21:40:31.6766456-07:00,-26999,28000,4726.9700000000003,4727.29,4727.0200000000004,4727.25,,
2026-04-26T21:40:31.7216066-07:00,-26999,28000,4726.9700000000003,4727.29,4727.0200000000004,4727.25,,
2026-04-26T21:40:31.7835614-07:00,-26999,28000,4726.9700000000003,4727.29,4727.0200000000004,4727.25,,
2026-04-26T21:40:31.8306110-07:00,-26999,28000,4726.9700000000003,4727.29,4727.0200000000004,4727.25,,
2026-04-26T21:40:31.8771167-07:00,-26999,28000,4726.9700000000003,4727.29,4727.0200000000004,4727.25,,
2026-04-26T21:40:31.9252596-07:00,-26999,28000,4726.9700000000003,4727.29,4727.0200000000004,4727.25,,
2026-04-26T21:40:31.9709397-07:00,-26999,28000,4726.9700000000003,4727.29,4727.0200000000004,4727.25,,
2026-04-26T21:40:32.0340575-07:00,-26999,28000,4726.9700000000003,4727.29,4727.0200000000004,4727.25,,
2026-04-26T21:40:32.0959816-07:00,-26999,28000,4726.9700000000003,4727.29,4727.0200000000004,4727.25,,
2026-04-26T21:40:32.1271065-07:00,-26999,28000,4726.9700000000003,4727.29,4727.0200000000004,4727.25,,
2026-04-26T21:40:32.1750246-07:00,-26999,28000,4726.9700000000003,4727.29,4727.0200000000004,4727.25,,
2026-04-26T21:40:32.2208972-07:00,-26999,28000,4726.9700000000003,4727.29,4727.0200000000004,4727.25,,
2026-04-26T21:40:32.2864585-07:00,-26999,28000,4726.9700000000003,4727.29,4727.0200000000004,4727.25,,
2026-04-26T21:40:32.3308453-07:00,-26999,28000,4726.9700000000003,4727.29,4727.0200000000004,4727.25,,
2026-04-26T21:40:32.3773873-07:00,-26999,28000,4726.9700000000003,4727.29,4727.0200000000004,4727.25,,
2026-04-26T21:40:32.4243424-07:00,-26999,28000,4726.9700000000003,4727.29,4727.0200000000004,4727.25,,
2026-04-26T21:40:32.4720620-07:00,-26999,28000,4726.9700000000003,4727.29,4727.0200000000004,4727.25,,
2026-04-26T21:40:32.5360647-07:00,-25999,30000,4726.9499999999998,4727.2799999999997,4727.0200000000004,4727.25,,
2026-04-26T21:40:32.5803142-07:00,-25999,30000,4726.9499999999998,4727.2799999999997,4727.0200000000004,4727.25,,
2026-04-26T21:40:32.6281175-07:00,-25999,30000,4726.9499999999998,4727.2799999999997,4727.0200000000004,4727.25,,
2026-04-26T21:40:32.6743524-07:00,-25999,30000,4726.9499999999998,4727.2799999999997,4727.0200000000004,4727.25,,
2026-04-26T21:40:32.7218805-07:00,-25999,30000,4726.9499999999998,4727.2799999999997,4727.0200000000004,4727.25,,
2026-04-26T21:40:32.7842405-07:00,-25999,30000,4726.9499999999998,4727.2799999999997,4727.0200000000004,4727.25,,
2026-04-26T21:40:32.8303246-07:00,-25999,30000,4726.9499999999998,4727.2799999999997,4727.0200000000004,4727.25,,
2026-04-26T21:40:32.8782413-07:00,-25999,30000,4726.9499999999998,4727.2799999999997,4727.0200000000004,4727.25,,
2026-04-26T21:40:32.9520702-07:00,-27000,29000,4726.9499999999998,4727.2799999999997,4727.0100000000002,4727.2399999999998,,
2026-04-26T21:40:32.9718318-07:00,-27000,29000,4726.9499999999998,4727.2799999999997,4727.0100000000002,4727.2399999999998,,
2026-04-26T21:40:33.0184383-07:00,-27000,29000,4726.9499999999998,4727.2799999999997,4727.0100000000002,4727.2399999999998,,
2026-04-26T21:40:33.0809589-07:00,-27000,29000,4726.9499999999998,4727.2799999999997,4727.0100000000002,4727.2399999999998,,
2026-04-26T21:40:33.1270581-07:00,-27000,29000,4726.9499999999998,4727.2799999999997,4727.0100000000002,4727.2399999999998,,
2026-04-26T21:40:33.1760660-07:00,-27000,29000,4726.9499999999998,4727.2799999999997,4727.0100000000002,4727.2399999999998,,
2026-04-26T21:40:33.2208748-07:00,-27000,29000,4726.9499999999998,4727.2799999999997,4727.0100000000002,4727.2399999999998,,
2026-04-26T21:40:33.2835047-07:00,-27000,29000,4726.9499999999998,4727.2799999999997,4727.0100000000002,4727.2399999999998,,
2026-04-26T21:40:33.3307439-07:00,-27000,29000,4726.9499999999998,4727.2799999999997,4727.0100000000002,4727.2399999999998,,
2026-04-26T21:40:33.3774990-07:00,-27000,29000,4726.9499999999998,4727.2799999999997,4727.0100000000002,4727.2399999999998,,
2026-04-26T21:40:33.4240041-07:00,-27000,29000,4726.9499999999998,4727.2799999999997,4727.0100000000002,4727.2399999999998,,
2026-04-26T21:40:33.4711302-07:00,-27000,29000,4726.9499999999998,4727.2799999999997,4727.0100000000002,4727.2399999999998,,
2026-04-26T21:40:33.5337709-07:00,-27000,29000,4726.9499999999998,4727.2799999999997,4727.0100000000002,4727.2399999999998,,
2026-04-26T21:40:33.5809072-07:00,-27000,29000,4726.9499999999998,4727.2799999999997,4727.0100000000002,4727.2399999999998,,
2026-04-26T21:40:33.6271789-07:00,-27000,29000,4726.9499999999998,4727.2799999999997,4727.0100000000002,4727.2399999999998,,
2026-04-26T21:40:33.6740937-07:00,-27000,29000,4726.9499999999998,4727.2799999999997,4727.0100000000002,4727.2399999999998,,
2026-04-26T21:40:33.7208393-07:00,-27000,29000,4726.9499999999998,4727.2799999999997,4727.0100000000002,4727.2399999999998,,
2026-04-26T21:40:33.7838848-07:00,-27000,29000,4726.9499999999998,4727.2799999999997,4727.0100000000002,4727.2399999999998,,
2026-04-26T21:40:33.8303114-07:00,-27000,29000,4726.9499999999998,4727.2799999999997,4727.0100000000002,4727.2399999999998,,
2026-04-26T21:40:33.8770991-07:00,-27000,29000,4726.9499999999998,4727.2799999999997,4727.0100000000002,4727.2399999999998,,
2026-04-26T21:40:33.9239764-07:00,-27000,29000,4726.9499999999998,4727.2799999999997,4727.0100000000002,4727.2399999999998,,
2026-04-26T21:40:33.9850643-07:00,-24000,32000,4726.9499999999998,4727.2799999999997,4727.04,4727.2700000000004,,
2026-04-26T21:40:34.0333455-07:00,-26000,29000,4726.9799999999996,4727.3000000000002,4727.04,4727.2700000000004,,
2026-04-26T21:40:34.0802264-07:00,-26000,29000,4726.9799999999996,4727.3000000000002,4727.04,4727.2700000000004,,
2026-04-26T21:40:34.1295960-07:00,-33000,22000,4726.9799999999996,4727.3000000000002,4726.9700000000003,4727.1999999999998,,
2026-04-26T21:40:34.1738983-07:00,-35000,19000,4727.0100000000002,4727.3199999999997,4726.9700000000003,4727.1999999999998,,
2026-04-26T21:40:34.2519440-07:00,-35000,19000,4727.0100000000002,4727.3199999999997,4726.9700000000003,4727.1999999999998,,
2026-04-26T21:40:34.2833658-07:00,-45000,9000,4727.0100000000002,4727.3199999999997,4726.8699999999999,4727.1000000000004,,
2026-04-26T21:40:34.3307383-07:00,-33000,20000,4726.8999999999996,4727.1999999999998,4726.8699999999999,4727.1000000000004,,
2026-04-26T21:40:34.3779516-07:00,-33000,20000,4726.8999999999996,4727.1999999999998,4726.8699999999999,4727.1000000000004,,
2026-04-26T21:40:34.4240599-07:00,-33000,20000,4726.8999999999996,4727.1999999999998,4726.8699999999999,4727.1000000000004,,
2026-04-26T21:40:34.4978378-07:00,-26999,26000,4726.8199999999997,4727.1199999999999,4726.8500000000004,4727.0799999999999,,
2026-04-26T21:40:34.5176917-07:00,-26999,26000,4726.8199999999997,4727.1199999999999,4726.8500000000004,4727.0799999999999,,
2026-04-26T21:40:34.5801606-07:00,-29000,26000,4726.8199999999997,4727.1400000000003,4726.8500000000004,4727.0799999999999,,
2026-04-26T21:40:34.6272000-07:00,-30000,25000,4726.8199999999997,4727.1400000000003,4726.8400000000001,4727.0699999999997,,
2026-04-26T21:40:34.6758316-07:00,-30000,25000,4726.8199999999997,4727.1400000000003,4726.8400000000001,4727.0699999999997,,
2026-04-26T21:40:34.7209005-07:00,-30000,25000,4726.8199999999997,4727.1400000000003,4726.8400000000001,4727.0699999999997,,
2026-04-26T21:40:34.7840700-07:00,-30000,25000,4726.8199999999997,4727.1400000000003,4726.8400000000001,4727.0699999999997,,
2026-04-26T21:40:34.8572924-07:00,-30000,25000,4726.8199999999997,4727.1400000000003,4726.8400000000001,4727.0699999999997,,
2026-04-26T21:40:34.8771008-07:00,-31000,24000,4726.8199999999997,4727.1400000000003,4726.8299999999999,4727.0600000000004,,
2026-04-26T21:40:34.9239852-07:00,-31000,24000,4726.8199999999997,4727.1400000000003,4726.8299999999999,4727.0600000000004,,
2026-04-26T21:40:34.9708607-07:00,-27999,28000,4726.7799999999997,4727.1099999999997,4726.8299999999999,4727.0600000000004,,
2026-04-26T21:40:35.0335461-07:00,-27999,28000,4726.7799999999997,4727.1099999999997,4726.8299999999999,4727.0600000000004,,
2026-04-26T21:40:35.0806300-07:00,-27999,28000,4726.7799999999997,4727.1099999999997,4726.8299999999999,4727.0600000000004,,
2026-04-26T21:40:35.1273237-07:00,-27999,28000,4726.7799999999997,4727.1099999999997,4726.8299999999999,4727.0600000000004,,
2026-04-26T21:40:35.1751599-07:00,-27999,28000,4726.7799999999997,4727.1099999999997,4726.8299999999999,4727.0600000000004,,
2026-04-26T21:40:35.2506701-07:00,-26999,29000,4726.79,4727.1199999999999,4726.8500000000004,4727.0799999999999,,
2026-04-26T21:40:35.2677521-07:00,-26999,29000,4726.79,4727.1199999999999,4726.8500000000004,4727.0799999999999,,
2026-04-26T21:40:35.3306370-07:00,-26999,29000,4726.79,4727.1199999999999,4726.8500000000004,4727.0799999999999,,
2026-04-26T21:40:35.3813246-07:00,-26999,29000,4726.79,4727.1199999999999,4726.8500000000004,4727.0799999999999,,
2026-04-26T21:40:35.4251719-07:00,-26999,29000,4726.79,4727.1199999999999,4726.8500000000004,4727.0799999999999,,
2026-04-26T21:40:35.4708721-07:00,-26999,29000,4726.79,4727.1199999999999,4726.8500000000004,4727.0799999999999,,
2026-04-26T21:40:35.5333157-07:00,-26999,29000,4726.79,4727.1199999999999,4726.8500000000004,4727.0799999999999,,
2026-04-26T21:40:35.5812322-07:00,-26999,29000,4726.79,4727.1199999999999,4726.8500000000004,4727.0799999999999,,
2026-04-26T21:40:35.6289474-07:00,-26999,29000,4726.79,4727.1199999999999,4726.8500000000004,4727.0799999999999,,
2026-04-26T21:40:35.6744236-07:00,-26999,29000,4726.79,4727.1199999999999,4726.8500000000004,4727.0799999999999,,
2026-04-26T21:40:35.7211159-07:00,-26999,29000,4726.79,4727.1199999999999,4726.8500000000004,4727.0799999999999,,
2026-04-26T21:40:35.7878934-07:00,-26999,29000,4726.79,4727.1199999999999,4726.8500000000004,4727.0799999999999,,
2026-04-26T21:40:35.8336511-07:00,-26999,29000,4726.79,4727.1199999999999,4726.8500000000004,4727.0799999999999,,
2026-04-26T21:40:35.8805356-07:00,-26999,29000,4726.79,4727.1199999999999,4726.8500000000004,4727.0799999999999,,
2026-04-26T21:40:35.9253279-07:00,-26999,29000,4726.79,4727.1199999999999,4726.8500000000004,4727.0799999999999,,
2026-04-26T21:40:36.0025421-07:00,-29000,27000,4726.79,4727.1199999999999,4726.8299999999999,4727.0600000000004,,
2026-04-26T21:40:36.0338437-07:00,-29000,27000,4726.79,4727.1199999999999,4726.8299999999999,4727.0600000000004,,
2026-04-26T21:40:36.1145756-07:00,-34999,29000,4726.7700000000004,4727.1099999999997,4726.7600000000002,4727.0600000000004,,
2026-04-26T21:40:36.1271337-07:00,-34999,29000,4726.7700000000004,4727.1099999999997,4726.7600000000002,4727.0600000000004,,
2026-04-26T21:40:36.1739338-07:00,-34999,29000,4726.7700000000004,4727.1099999999997,4726.7600000000002,4727.0600000000004,,
2026-04-26T21:40:36.2223642-07:00,-34999,29000,4726.7700000000004,4727.1099999999997,4726.7600000000002,4727.0600000000004,,
2026-04-26T21:40:36.2833739-07:00,-34999,29000,4726.7700000000004,4727.1099999999997,4726.7600000000002,4727.0600000000004,,
2026-04-26T21:40:36.3363857-07:00,-34999,29000,4726.7700000000004,4727.1099999999997,4726.7600000000002,4727.0600000000004,,
2026-04-26T21:40:36.3784276-07:00,-34999,29000,4726.7700000000004,4727.1099999999997,4726.7600000000002,4727.0600000000004,,
2026-04-26T21:40:36.4244419-07:00,-34999,29000,4726.7700000000004,4727.1099999999997,4726.7600000000002,4727.0600000000004,,
2026-04-26T21:40:36.4740923-07:00,-34999,29000,4726.7700000000004,4727.1099999999997,4726.7600000000002,4727.0600000000004,,
2026-04-26T21:40:36.5334130-07:00,-34999,29000,4726.7700000000004,4727.1099999999997,4726.7600000000002,4727.0600000000004,,
2026-04-26T21:40:36.5804645-07:00,-34999,29000,4726.7700000000004,4727.1099999999997,4726.7600000000002,4727.0600000000004,,
2026-04-26T21:40:36.6284108-07:00,-34999,29000,4726.7700000000004,4727.1099999999997,4726.7600000000002,4727.0600000000004,,
2026-04-26T21:40:36.6748190-07:00,-34999,29000,4726.7700000000004,4727.1099999999997,4726.7600000000002,4727.0600000000004,,
2026-04-26T21:40:36.7209938-07:00,-34999,29000,4726.7700000000004,4727.1099999999997,4726.7600000000002,4727.0600000000004,,
2026-04-26T21:40:36.7835598-07:00,-34999,29000,4726.7700000000004,4727.1099999999997,4726.7600000000002,4727.0600000000004,,
2026-04-26T21:40:36.8337025-07:00,-34999,29000,4726.7700000000004,4727.1099999999997,4726.7600000000002,4727.0600000000004,,
2026-04-26T21:40:36.8932791-07:00,-23999,39999,4726.7700000000004,4727.1099999999997,4726.8699999999999,4727.1700000000001,,
2026-04-26T21:40:36.9239437-07:00,-23999,39999,4726.7700000000004,4727.1099999999997,4726.8699999999999,4727.1700000000001,,
2026-04-26T21:40:36.9707784-07:00,-26000,38000,4726.79,4727.1300000000001,4726.8699999999999,4727.1700000000001,,
2026-04-26T21:40:37.0331131-07:00,-30000,34000,4726.79,4727.1300000000001,4726.8299999999999,4727.1300000000001,,
2026-04-26T21:40:37.0800791-07:00,-30000,34000,4726.79,4727.1300000000001,4726.8299999999999,4727.1300000000001,,
2026-04-26T21:40:37.1273574-07:00,-30000,34000,4726.79,4727.1300000000001,4726.8299999999999,4727.1300000000001,,
2026-04-26T21:40:37.1752857-07:00,-34000,27000,4726.8599999999997,4727.1700000000001,4726.8299999999999,4727.1300000000001,,
2026-04-26T21:40:37.2208526-07:00,-34000,27000,4726.8599999999997,4727.1700000000001,4726.8299999999999,4727.1300000000001,,
2026-04-26T21:40:37.2832954-07:00,-34000,27000,4726.8599999999997,4727.1700000000001,4726.8299999999999,4727.1300000000001,,
2026-04-26T21:40:37.3304079-07:00,-34000,27000,4726.8599999999997,4727.1700000000001,4726.8299999999999,4727.1300000000001,,
2026-04-26T21:40:37.3772599-07:00,-34000,27000,4726.8599999999997,4727.1700000000001,4726.8299999999999,4727.1300000000001,,
2026-04-26T21:40:37.4247324-07:00,-34000,27000,4726.8599999999997,4727.1700000000001,4726.8299999999999,4727.1300000000001,,
2026-04-26T21:40:37.4709282-07:00,-34000,27000,4726.8599999999997,4727.1700000000001,4726.8299999999999,4727.1300000000001,,
2026-04-26T21:40:37.5333809-07:00,-35000,27000,4726.8599999999997,4727.1700000000001,4726.8199999999997,4727.1300000000001,,
2026-04-26T21:40:37.5802449-07:00,-35000,27000,4726.8599999999997,4727.1700000000001,4726.8199999999997,4727.1300000000001,,
2026-04-26T21:40:37.6271573-07:00,-35000,27000,4726.8599999999997,4727.1700000000001,4726.8199999999997,4727.1300000000001,,
2026-04-26T21:40:37.6740957-07:00,-35000,27000,4726.8599999999997,4727.1700000000001,4726.8199999999997,4727.1300000000001,,
2026-04-26T21:40:37.7210974-07:00,-35000,27000,4726.8599999999997,4727.1700000000001,4726.8199999999997,4727.1300000000001,,
2026-04-26T21:40:37.7835624-07:00,-35000,27000,4726.8599999999997,4727.1700000000001,4726.8199999999997,4727.1300000000001,,
2026-04-26T21:40:37.8303055-07:00,-35000,27000,4726.8599999999997,4727.1700000000001,4726.8199999999997,4727.1300000000001,,
2026-04-26T21:40:37.9048328-07:00,-34000,27999,4726.8500000000004,4727.1599999999999,4726.8199999999997,4727.1300000000001,,
2026-04-26T21:40:37.9240484-07:00,-33000,27999,4726.8500000000004,4727.1599999999999,4726.8299999999999,4727.1300000000001,,
2026-04-26T21:40:37.9717405-07:00,-33000,27999,4726.8500000000004,4727.1599999999999,4726.8299999999999,4727.1300000000001,,
2026-04-26T21:40:38.0336149-07:00,-33000,27999,4726.8500000000004,4727.1599999999999,4726.8299999999999,4727.1300000000001,,
2026-04-26T21:40:38.0823180-07:00,-33000,27999,4726.8500000000004,4727.1599999999999,4726.8299999999999,4727.1300000000001,,
2026-04-26T21:40:38.1279391-07:00,-34999,25999,4726.8500000000004,4727.1599999999999,4726.8100000000004,4727.1099999999997,,
2026-04-26T21:40:38.1743403-07:00,-34999,25999,4726.8500000000004,4727.1599999999999,4726.8100000000004,4727.1099999999997,,
2026-04-26T21:40:38.2210526-07:00,-34999,25999,4726.8500000000004,4727.1599999999999,4726.8100000000004,4727.1099999999997,,
2026-04-26T21:40:38.2834186-07:00,-33999,25999,4726.8500000000004,4727.1499999999996,4726.8100000000004,4727.1099999999997,,
2026-04-26T21:40:38.3302042-07:00,-33999,25999,4726.8500000000004,4727.1499999999996,4726.8100000000004,4727.1099999999997,,
2026-04-26T21:40:38.3771772-07:00,-33999,25999,4726.8500000000004,4727.1499999999996,4726.8100000000004,4727.1099999999997,,
2026-04-26T21:40:38.4243355-07:00,-33999,25999,4726.8500000000004,4727.1499999999996,4726.8100000000004,4727.1099999999997,,
2026-04-26T21:40:38.4713227-07:00,-33999,25999,4726.8500000000004,4727.1499999999996,4726.8100000000004,4727.1099999999997,,
2026-04-26T21:40:38.5339932-07:00,-33999,25999,4726.8500000000004,4727.1499999999996,4726.8100000000004,4727.1099999999997,,
2026-04-26T21:40:38.5803175-07:00,-33999,25999,4726.8500000000004,4727.1499999999996,4726.8100000000004,4727.1099999999997,,
2026-04-26T21:40:38.6273428-07:00,-33999,25999,4726.8500000000004,4727.1499999999996,4726.8100000000004,4727.1099999999997,,
2026-04-26T21:40:38.6746748-07:00,-33999,25999,4726.8500000000004,4727.1499999999996,4726.8100000000004,4727.1099999999997,,
2026-04-26T21:40:38.7211413-07:00,-33999,25999,4726.8500000000004,4727.1499999999996,4726.8100000000004,4727.1099999999997,,
2026-04-26T21:40:38.7833321-07:00,-33999,25999,4726.8500000000004,4727.1499999999996,4726.8100000000004,4727.1099999999997,,
2026-04-26T21:40:38.8305480-07:00,-33999,25999,4726.8500000000004,4727.1499999999996,4726.8100000000004,4727.1099999999997,,
2026-04-26T21:40:38.9052622-07:00,-44999,14999,4726.8500000000004,4727.1499999999996,4726.6999999999998,4727,,
2026-04-26T21:40:38.9240576-07:00,-44999,14999,4726.8500000000004,4727.1499999999996,4726.6999999999998,4727,,
2026-04-26T21:40:38.9712231-07:00,-44999,14999,4726.8500000000004,4727.1499999999996,4726.6999999999998,4727,,
2026-04-26T21:40:39.0347225-07:00,-43000,19999,4726.7700000000004,4727.1000000000004,4726.6700000000001,4726.9700000000003,,
2026-04-26T21:40:39.0805082-07:00,-43000,19999,4726.7700000000004,4727.1000000000004,4726.6700000000001,4726.9700000000003,,
2026-04-26T21:40:39.1331270-07:00,-35000,28000,4726.6899999999996,4727.0200000000004,4726.6700000000001,4726.9700000000003,,
2026-04-26T21:40:39.1740128-07:00,-44000,18000,4726.6899999999996,4727.0200000000004,4726.5799999999999,4726.8699999999999,,
2026-04-26T21:40:39.2207587-07:00,-42000,18000,4726.6899999999996,4727,4726.5799999999999,4726.8699999999999,,
2026-04-26T21:40:39.2845236-07:00,-42000,18000,4726.6899999999996,4727,4726.5799999999999,4726.8699999999999,,
2026-04-26T21:40:39.3318179-07:00,-42000,18000,4726.6899999999996,4727,4726.5799999999999,4726.8699999999999,,
2026-04-26T21:40:39.3776717-07:00,-42000,18000,4726.6899999999996,4727,4726.5799999999999,4726.8699999999999,,
2026-04-26T21:40:39.4240711-07:00,-35000,26000,4726.6099999999997,4726.9300000000003,4726.5799999999999,4726.8699999999999,,
2026-04-26T21:40:39.4715582-07:00,-35000,26000,4726.6099999999997,4726.9300000000003,4726.5799999999999,4726.8699999999999,,
2026-04-26T21:40:39.5333800-07:00,-35000,26000,4726.6099999999997,4726.9300000000003,4726.5799999999999,4726.8699999999999,,
2026-04-26T21:40:39.5825768-07:00,-35000,26000,4726.6099999999997,4726.9300000000003,4726.5799999999999,4726.8699999999999,,
2026-04-26T21:40:39.6553695-07:00,-35000,26000,4726.6099999999997,4726.9300000000003,4726.5799999999999,4726.8699999999999,,
2026-04-26T21:40:39.6741093-07:00,-36000,26000,4726.6099999999997,4726.9300000000003,4726.5699999999997,4726.8699999999999,,
2026-04-26T21:40:39.7218212-07:00,-35000,28000,4726.5900000000001,4726.9200000000001,4726.5699999999997,4726.8699999999999,,
2026-04-26T21:40:39.8078401-07:00,-35000,28000,4726.5900000000001,4726.9200000000001,4726.5699999999997,4726.8699999999999,,
2026-04-26T21:40:39.8302577-07:00,-35000,28000,4726.5900000000001,4726.9200000000001,4726.5699999999997,4726.8699999999999,,
2026-04-26T21:40:39.9072739-07:00,-35000,28000,4726.5900000000001,4726.9200000000001,4726.5699999999997,4726.8699999999999,,
2026-04-26T21:40:39.9241892-07:00,-24000,38999,4726.5900000000001,4726.9200000000001,4726.6800000000003,4726.9799999999996,,
2026-04-26T21:40:39.9707560-07:00,-24000,38999,4726.5900000000001,4726.9200000000001,4726.6800000000003,4726.9799999999996,,
2026-04-26T21:40:40.0334154-07:00,-24000,37000,4726.6099999999997,4726.9200000000001,4726.6800000000003,4726.9799999999996,,
2026-04-26T21:40:40.0803330-07:00,-24000,37000,4726.6099999999997,4726.9200000000001,4726.6800000000003,4726.9799999999996,,
2026-04-26T21:40:40.1584609-07:00,-24000,37000,4726.6099999999997,4726.9200000000001,4726.6800000000003,4726.9799999999996,,
2026-04-26T21:40:40.1757809-07:00,-16000,37000,4726.6099999999997,4726.9200000000001,4726.7600000000002,4726.9799999999996,,
2026-04-26T21:40:40.2209515-07:00,-27000,26999,4726.71,4727.0299999999997,4726.7600000000002,4726.9799999999996,,
2026-04-26T21:40:40.2835793-07:00,-27000,26999,4726.71,4727.0299999999997,4726.7600000000002,4726.9799999999996,,
2026-04-26T21:40:40.3303698-07:00,-27000,26999,4726.71,4727.0299999999997,4726.7600000000002,4726.9799999999996,,
2026-04-26T21:40:40.3773429-07:00,-27000,26999,4726.71,4727.0299999999997,4726.7600000000002,4726.9799999999996,,
2026-04-26T21:40:40.4244472-07:00,-27000,26999,4726.71,4727.0299999999997,4726.7600000000002,4726.9799999999996,,
2026-04-26T21:40:40.4708579-07:00,-27000,26999,4726.71,4727.0299999999997,4726.7600000000002,4726.9799999999996,,
2026-04-26T21:40:40.5333956-07:00,-27000,26999,4726.71,4727.0299999999997,4726.7600000000002,4726.9799999999996,,
2026-04-26T21:40:40.5807411-07:00,-27000,26999,4726.71,4727.0299999999997,4726.7600000000002,4726.9799999999996,,
2026-04-26T21:40:40.6271715-07:00,-27000,26999,4726.71,4727.0299999999997,4726.7600000000002,4726.9799999999996,,
2026-04-26T21:40:40.6745318-07:00,-27000,26999,4726.71,4727.0299999999997,4726.7600000000002,4726.9799999999996,,
2026-04-26T21:40:40.7210184-07:00,-27000,26999,4726.71,4727.0299999999997,4726.7600000000002,4726.9799999999996,,
2026-04-26T21:40:40.7836202-07:00,-27000,26999,4726.71,4727.0299999999997,4726.7600000000002,4726.9799999999996,,
2026-04-26T21:40:40.8309964-07:00,-27000,26999,4726.71,4727.0299999999997,4726.7600000000002,4726.9799999999996,,
2026-04-26T21:40:40.8771237-07:00,-27000,26999,4726.71,4727.0299999999997,4726.7600000000002,4726.9799999999996,,
2026-04-26T21:40:40.9243124-07:00,-25999,28000,4726.71,4727.0299999999997,4726.7700000000004,4726.9899999999998,,
2026-04-26T21:40:40.9708119-07:00,-25999,28000,4726.71,4727.0299999999997,4726.7700000000004,4726.9899999999998,,
2026-04-26T21:40:41.0337674-07:00,-26999,27000,4726.7200000000003,4727.04,4726.7700000000004,4726.9899999999998,,
2026-04-26T21:40:41.0803886-07:00,-26999,27000,4726.7200000000003,4727.04,4726.7700000000004,4726.9899999999998,,
2026-04-26T21:40:41.1273069-07:00,-26999,27000,4726.7200000000003,4727.04,4726.7700000000004,4726.9899999999998,,
2026-04-26T21:40:41.1743671-07:00,-26999,27000,4726.7200000000003,4727.04,4726.7700000000004,4726.9899999999998,,
2026-04-26T21:40:41.2209447-07:00,-26999,27000,4726.7200000000003,4727.04,4726.7700000000004,4726.9899999999998,,
2026-04-26T21:40:41.2684785-07:00,-26999,27000,4726.7200000000003,4727.04,4726.7700000000004,4726.9899999999998,,
